<?xml version="1.0" encoding="UTF-8"?>
<gpx creator="StravaGPX" version="1.1" xmlns="http://www.topografix.com/GPX/1/1" xmlns:xsi="http://www.w3.org/2001/XMLSchema-instance" xsi:schemaLocation="http://www.topografix.com/GPX/1/1 http://www.topografix.com/GPX/1/1/gpx.xsd">
 <metadata>
  <time>2026-01-31T05:01:32Z</time>
 </metadata>
 <trk>
  <name>Karura 1</name>
  <type>running</type>
  <trkseg>
   <trkpt lat="-1.2401950" lon="36.8194010">
    <ele>1689.4</ele>
    <time>2026-01-31T05:01:32Z</time>
   </trkpt>
   <trkpt lat="-1.2401710" lon="36.8194020">
    <ele>1689.4</ele>
    <time>2026-01-31T05:01:33Z</time>
   </trkpt>
   <trkpt lat="-1.2401620" lon="36.8194020">
    <ele>1689.4</ele>
    <time>2026-01-31T05:01:34Z</time>
   </trkpt>
   <trkpt lat="-1.2401520" lon="36.8194020">
    <ele>1689.4</ele>
    <time>2026-01-31T05:01:35Z</time>
   </trkpt>
   <trkpt lat="-1.2401160" lon="36.8194060">
    <ele>1689.5</ele>
    <time>2026-01-31T05:01:36Z</time>
   </trkpt>
   <trkpt lat="-1.2401030" lon="36.8194110">
    <ele>1689.5</ele>
    <time>2026-01-31T05:01:37Z</time>
   </trkpt>
   <trkpt lat="-1.2400770" lon="36.8194190">
    <ele>1689.5</ele>
    <time>2026-01-31T05:01:38Z</time>
   </trkpt>
   <trkpt lat="-1.2400400" lon="36.8194290">
    <ele>1689.6</ele>
    <time>2026-01-31T05:01:39Z</time>
   </trkpt>
   <trkpt lat="-1.2400290" lon="36.8194340">
    <ele>1689.6</ele>
    <time>2026-01-31T05:01:40Z</time>
   </trkpt>
   <trkpt lat="-1.2399920" lon="36.8194300">
    <ele>1689.6</ele>
    <time>2026-01-31T05:01:41Z</time>
   </trkpt>
   <trkpt lat="-1.2399800" lon="36.8194260">
    <ele>1689.6</ele>
    <time>2026-01-31T05:01:42Z</time>
   </trkpt>
   <trkpt lat="-1.2399500" lon="36.8194150">
    <ele>1689.7</ele>
    <time>2026-01-31T05:01:43Z</time>
   </trkpt>
   <trkpt lat="-1.2399400" lon="36.8194120">
    <ele>1689.7</ele>
    <time>2026-01-31T05:01:44Z</time>
   </trkpt>
   <trkpt lat="-1.2399090" lon="36.8194050">
    <ele>1689.7</ele>
    <time>2026-01-31T05:01:45Z</time>
   </trkpt>
   <trkpt lat="-1.2398950" lon="36.8194100">
    <ele>1689.7</ele>
    <time>2026-01-31T05:01:46Z</time>
   </trkpt>
   <trkpt lat="-1.2398740" lon="36.8194300">
    <ele>1689.7</ele>
    <time>2026-01-31T05:01:47Z</time>
   </trkpt>
   <trkpt lat="-1.2398550" lon="36.8194550">
    <ele>1689.8</ele>
    <time>2026-01-31T05:01:48Z</time>
   </trkpt>
   <trkpt lat="-1.2398450" lon="36.8194630">
    <ele>1689.8</ele>
    <time>2026-01-31T05:01:49Z</time>
   </trkpt>
   <trkpt lat="-1.2398090" lon="36.8194780">
    <ele>1689.8</ele>
    <time>2026-01-31T05:01:50Z</time>
   </trkpt>
   <trkpt lat="-1.2397940" lon="36.8194800">
    <ele>1689.8</ele>
    <time>2026-01-31T05:01:51Z</time>
   </trkpt>
   <trkpt lat="-1.2397610" lon="36.8194760">
    <ele>1689.9</ele>
    <time>2026-01-31T05:01:52Z</time>
   </trkpt>
   <trkpt lat="-1.2397340" lon="36.8194760">
    <ele>1689.9</ele>
    <time>2026-01-31T05:01:53Z</time>
   </trkpt>
   <trkpt lat="-1.2396950" lon="36.8194770">
    <ele>1690.0</ele>
    <time>2026-01-31T05:01:54Z</time>
   </trkpt>
   <trkpt lat="-1.2396810" lon="36.8194780">
    <ele>1690.0</ele>
    <time>2026-01-31T05:01:55Z</time>
   </trkpt>
   <trkpt lat="-1.2396440" lon="36.8194860">
    <ele>1690.0</ele>
    <time>2026-01-31T05:01:56Z</time>
   </trkpt>
   <trkpt lat="-1.2396320" lon="36.8194900">
    <ele>1690.0</ele>
    <time>2026-01-31T05:01:57Z</time>
   </trkpt>
   <trkpt lat="-1.2395970" lon="36.8195010">
    <ele>1690.1</ele>
    <time>2026-01-31T05:01:58Z</time>
   </trkpt>
   <trkpt lat="-1.2395850" lon="36.8195030">
    <ele>1690.1</ele>
    <time>2026-01-31T05:01:59Z</time>
   </trkpt>
   <trkpt lat="-1.2395520" lon="36.8195110">
    <ele>1690.2</ele>
    <time>2026-01-31T05:02:00Z</time>
   </trkpt>
   <trkpt lat="-1.2395390" lon="36.8195140">
    <ele>1690.3</ele>
    <time>2026-01-31T05:02:01Z</time>
   </trkpt>
   <trkpt lat="-1.2395080" lon="36.8195240">
    <ele>1690.4</ele>
    <time>2026-01-31T05:02:02Z</time>
   </trkpt>
   <trkpt lat="-1.2394980" lon="36.8195260">
    <ele>1690.4</ele>
    <time>2026-01-31T05:02:03Z</time>
   </trkpt>
   <trkpt lat="-1.2394680" lon="36.8195280">
    <ele>1690.5</ele>
    <time>2026-01-31T05:02:04Z</time>
   </trkpt>
   <trkpt lat="-1.2394580" lon="36.8195280">
    <ele>1690.5</ele>
    <time>2026-01-31T05:02:05Z</time>
   </trkpt>
   <trkpt lat="-1.2394260" lon="36.8195310">
    <ele>1690.6</ele>
    <time>2026-01-31T05:02:06Z</time>
   </trkpt>
   <trkpt lat="-1.2394160" lon="36.8195320">
    <ele>1690.7</ele>
    <time>2026-01-31T05:02:07Z</time>
   </trkpt>
   <trkpt lat="-1.2394010" lon="36.8195350">
    <ele>1690.7</ele>
    <time>2026-01-31T05:02:08Z</time>
   </trkpt>
   <trkpt lat="-1.2393840" lon="36.8195410">
    <ele>1690.8</ele>
    <time>2026-01-31T05:02:09Z</time>
   </trkpt>
   <trkpt lat="-1.2393660" lon="36.8195460">
    <ele>1690.9</ele>
    <time>2026-01-31T05:02:10Z</time>
   </trkpt>
   <trkpt lat="-1.2393500" lon="36.8195510">
    <ele>1691.0</ele>
    <time>2026-01-31T05:02:11Z</time>
   </trkpt>
   <trkpt lat="-1.2393390" lon="36.8195540">
    <ele>1691.1</ele>
    <time>2026-01-31T05:02:12Z</time>
   </trkpt>
   <trkpt lat="-1.2393210" lon="36.8195550">
    <ele>1691.2</ele>
    <time>2026-01-31T05:02:13Z</time>
   </trkpt>
   <trkpt lat="-1.2392910" lon="36.8195490">
    <ele>1691.4</ele>
    <time>2026-01-31T05:02:14Z</time>
   </trkpt>
   <trkpt lat="-1.2392800" lon="36.8195480">
    <ele>1691.4</ele>
    <time>2026-01-31T05:02:15Z</time>
   </trkpt>
   <trkpt lat="-1.2392510" lon="36.8195480">
    <ele>1691.6</ele>
    <time>2026-01-31T05:02:16Z</time>
   </trkpt>
   <trkpt lat="-1.2392400" lon="36.8195480">
    <ele>1691.7</ele>
    <time>2026-01-31T05:02:17Z</time>
   </trkpt>
   <trkpt lat="-1.2392070" lon="36.8195420">
    <ele>1691.9</ele>
    <time>2026-01-31T05:02:18Z</time>
   </trkpt>
   <trkpt lat="-1.2391990" lon="36.8195400">
    <ele>1692.0</ele>
    <time>2026-01-31T05:02:19Z</time>
   </trkpt>
   <trkpt lat="-1.2391700" lon="36.8195340">
    <ele>1692.2</ele>
    <time>2026-01-31T05:02:20Z</time>
   </trkpt>
   <trkpt lat="-1.2391610" lon="36.8195320">
    <ele>1692.2</ele>
    <time>2026-01-31T05:02:21Z</time>
   </trkpt>
   <trkpt lat="-1.2391450" lon="36.8195270">
    <ele>1692.3</ele>
    <time>2026-01-31T05:02:22Z</time>
   </trkpt>
   <trkpt lat="-1.2391310" lon="36.8195230">
    <ele>1692.4</ele>
    <time>2026-01-31T05:02:23Z</time>
   </trkpt>
   <trkpt lat="-1.2391020" lon="36.8195130">
    <ele>1692.6</ele>
    <time>2026-01-31T05:02:24Z</time>
   </trkpt>
   <trkpt lat="-1.2390890" lon="36.8195090">
    <ele>1692.7</ele>
    <time>2026-01-31T05:02:25Z</time>
   </trkpt>
   <trkpt lat="-1.2390750" lon="36.8195060">
    <ele>1692.8</ele>
    <time>2026-01-31T05:02:26Z</time>
   </trkpt>
   <trkpt lat="-1.2390620" lon="36.8195050">
    <ele>1692.9</ele>
    <time>2026-01-31T05:02:27Z</time>
   </trkpt>
   <trkpt lat="-1.2390490" lon="36.8195030">
    <ele>1693.0</ele>
    <time>2026-01-31T05:02:28Z</time>
   </trkpt>
   <trkpt lat="-1.2390190" lon="36.8194960">
    <ele>1693.2</ele>
    <time>2026-01-31T05:02:29Z</time>
   </trkpt>
   <trkpt lat="-1.2390090" lon="36.8194940">
    <ele>1693.3</ele>
    <time>2026-01-31T05:02:30Z</time>
   </trkpt>
   <trkpt lat="-1.2389780" lon="36.8194850">
    <ele>1693.4</ele>
    <time>2026-01-31T05:02:31Z</time>
   </trkpt>
   <trkpt lat="-1.2389680" lon="36.8194810">
    <ele>1693.5</ele>
    <time>2026-01-31T05:02:32Z</time>
   </trkpt>
   <trkpt lat="-1.2389350" lon="36.8194650">
    <ele>1693.6</ele>
    <time>2026-01-31T05:02:33Z</time>
   </trkpt>
   <trkpt lat="-1.2389230" lon="36.8194590">
    <ele>1693.7</ele>
    <time>2026-01-31T05:02:34Z</time>
   </trkpt>
   <trkpt lat="-1.2388970" lon="36.8194470">
    <ele>1693.8</ele>
    <time>2026-01-31T05:02:35Z</time>
   </trkpt>
   <trkpt lat="-1.2388710" lon="36.8194360">
    <ele>1693.9</ele>
    <time>2026-01-31T05:02:36Z</time>
   </trkpt>
   <trkpt lat="-1.2388440" lon="36.8194260">
    <ele>1694.0</ele>
    <time>2026-01-31T05:02:37Z</time>
   </trkpt>
   <trkpt lat="-1.2388030" lon="36.8194120">
    <ele>1694.1</ele>
    <time>2026-01-31T05:02:38Z</time>
   </trkpt>
   <trkpt lat="-1.2387870" lon="36.8194080">
    <ele>1694.2</ele>
    <time>2026-01-31T05:02:39Z</time>
   </trkpt>
   <trkpt lat="-1.2387590" lon="36.8194020">
    <ele>1694.2</ele>
    <time>2026-01-31T05:02:40Z</time>
   </trkpt>
   <trkpt lat="-1.2387300" lon="36.8193990">
    <ele>1694.3</ele>
    <time>2026-01-31T05:02:41Z</time>
   </trkpt>
   <trkpt lat="-1.2387030" lon="36.8193950">
    <ele>1694.4</ele>
    <time>2026-01-31T05:02:42Z</time>
   </trkpt>
   <trkpt lat="-1.2386660" lon="36.8193860">
    <ele>1694.5</ele>
    <time>2026-01-31T05:02:43Z</time>
   </trkpt>
   <trkpt lat="-1.2386520" lon="36.8193790">
    <ele>1694.5</ele>
    <time>2026-01-31T05:02:44Z</time>
   </trkpt>
   <trkpt lat="-1.2386120" lon="36.8193650">
    <ele>1694.7</ele>
    <time>2026-01-31T05:02:45Z</time>
   </trkpt>
   <trkpt lat="-1.2385970" lon="36.8193610">
    <ele>1694.7</ele>
    <time>2026-01-31T05:02:46Z</time>
   </trkpt>
   <trkpt lat="-1.2385630" lon="36.8193530">
    <ele>1694.8</ele>
    <time>2026-01-31T05:02:47Z</time>
   </trkpt>
   <trkpt lat="-1.2385490" lon="36.8193510">
    <ele>1694.9</ele>
    <time>2026-01-31T05:02:48Z</time>
   </trkpt>
   <trkpt lat="-1.2385150" lon="36.8193530">
    <ele>1695.0</ele>
    <time>2026-01-31T05:02:49Z</time>
   </trkpt>
   <trkpt lat="-1.2385040" lon="36.8193550">
    <ele>1695.1</ele>
    <time>2026-01-31T05:02:50Z</time>
   </trkpt>
   <trkpt lat="-1.2384700" lon="36.8193670">
    <ele>1695.2</ele>
    <time>2026-01-31T05:02:51Z</time>
   </trkpt>
   <trkpt lat="-1.2384590" lon="36.8193730">
    <ele>1695.3</ele>
    <time>2026-01-31T05:02:52Z</time>
   </trkpt>
   <trkpt lat="-1.2384350" lon="36.8193860">
    <ele>1695.4</ele>
    <time>2026-01-31T05:02:53Z</time>
   </trkpt>
   <trkpt lat="-1.2383990" lon="36.8193920">
    <ele>1695.6</ele>
    <time>2026-01-31T05:02:54Z</time>
   </trkpt>
   <trkpt lat="-1.2383850" lon="36.8193920">
    <ele>1695.6</ele>
    <time>2026-01-31T05:02:55Z</time>
   </trkpt>
   <trkpt lat="-1.2383470" lon="36.8193960">
    <ele>1695.8</ele>
    <time>2026-01-31T05:02:56Z</time>
   </trkpt>
   <trkpt lat="-1.2383330" lon="36.8193970">
    <ele>1695.9</ele>
    <time>2026-01-31T05:02:57Z</time>
   </trkpt>
   <trkpt lat="-1.2383060" lon="36.8193980">
    <ele>1696.0</ele>
    <time>2026-01-31T05:02:58Z</time>
   </trkpt>
   <trkpt lat="-1.2382670" lon="36.8193940">
    <ele>1696.2</ele>
    <time>2026-01-31T05:02:59Z</time>
   </trkpt>
   <trkpt lat="-1.2382520" lon="36.8193910">
    <ele>1696.3</ele>
    <time>2026-01-31T05:03:00Z</time>
   </trkpt>
   <trkpt lat="-1.2382150" lon="36.8193830">
    <ele>1696.4</ele>
    <time>2026-01-31T05:03:01Z</time>
   </trkpt>
   <trkpt lat="-1.2382030" lon="36.8193820">
    <ele>1696.5</ele>
    <time>2026-01-31T05:03:02Z</time>
   </trkpt>
   <trkpt lat="-1.2381690" lon="36.8193860">
    <ele>1696.6</ele>
    <time>2026-01-31T05:03:03Z</time>
   </trkpt>
   <trkpt lat="-1.2381560" lon="36.8193890">
    <ele>1696.7</ele>
    <time>2026-01-31T05:03:04Z</time>
   </trkpt>
   <trkpt lat="-1.2381210" lon="36.8193940">
    <ele>1696.8</ele>
    <time>2026-01-31T05:03:05Z</time>
   </trkpt>
   <trkpt lat="-1.2381090" lon="36.8193950">
    <ele>1696.9</ele>
    <time>2026-01-31T05:03:06Z</time>
   </trkpt>
   <trkpt lat="-1.2380730" lon="36.8194000">
    <ele>1697.0</ele>
    <time>2026-01-31T05:03:07Z</time>
   </trkpt>
   <trkpt lat="-1.2380600" lon="36.8194020">
    <ele>1697.0</ele>
    <time>2026-01-31T05:03:08Z</time>
   </trkpt>
   <trkpt lat="-1.2380290" lon="36.8194100">
    <ele>1697.1</ele>
    <time>2026-01-31T05:03:09Z</time>
   </trkpt>
   <trkpt lat="-1.2380180" lon="36.8194130">
    <ele>1697.2</ele>
    <time>2026-01-31T05:03:10Z</time>
   </trkpt>
   <trkpt lat="-1.2379880" lon="36.8194320">
    <ele>1697.3</ele>
    <time>2026-01-31T05:03:11Z</time>
   </trkpt>
   <trkpt lat="-1.2379780" lon="36.8194400">
    <ele>1697.3</ele>
    <time>2026-01-31T05:03:12Z</time>
   </trkpt>
   <trkpt lat="-1.2379510" lon="36.8194580">
    <ele>1697.4</ele>
    <time>2026-01-31T05:03:13Z</time>
   </trkpt>
   <trkpt lat="-1.2379410" lon="36.8194630">
    <ele>1697.4</ele>
    <time>2026-01-31T05:03:14Z</time>
   </trkpt>
   <trkpt lat="-1.2379130" lon="36.8194800">
    <ele>1697.5</ele>
    <time>2026-01-31T05:03:15Z</time>
   </trkpt>
   <trkpt lat="-1.2379030" lon="36.8194850">
    <ele>1697.5</ele>
    <time>2026-01-31T05:03:16Z</time>
   </trkpt>
   <trkpt lat="-1.2378780" lon="36.8194970">
    <ele>1697.6</ele>
    <time>2026-01-31T05:03:17Z</time>
   </trkpt>
   <trkpt lat="-1.2378430" lon="36.8195130">
    <ele>1697.7</ele>
    <time>2026-01-31T05:03:18Z</time>
   </trkpt>
   <trkpt lat="-1.2378320" lon="36.8195180">
    <ele>1697.7</ele>
    <time>2026-01-31T05:03:19Z</time>
   </trkpt>
   <trkpt lat="-1.2377960" lon="36.8195310">
    <ele>1697.8</ele>
    <time>2026-01-31T05:03:20Z</time>
   </trkpt>
   <trkpt lat="-1.2377830" lon="36.8195330">
    <ele>1697.8</ele>
    <time>2026-01-31T05:03:21Z</time>
   </trkpt>
   <trkpt lat="-1.2377490" lon="36.8195460">
    <ele>1697.9</ele>
    <time>2026-01-31T05:03:22Z</time>
   </trkpt>
   <trkpt lat="-1.2377390" lon="36.8195500">
    <ele>1697.9</ele>
    <time>2026-01-31T05:03:23Z</time>
   </trkpt>
   <trkpt lat="-1.2377100" lon="36.8195680">
    <ele>1698.0</ele>
    <time>2026-01-31T05:03:24Z</time>
   </trkpt>
   <trkpt lat="-1.2377010" lon="36.8195750">
    <ele>1698.0</ele>
    <time>2026-01-31T05:03:25Z</time>
   </trkpt>
   <trkpt lat="-1.2376770" lon="36.8195930">
    <ele>1698.1</ele>
    <time>2026-01-31T05:03:26Z</time>
   </trkpt>
   <trkpt lat="-1.2376700" lon="36.8195980">
    <ele>1698.1</ele>
    <time>2026-01-31T05:03:27Z</time>
   </trkpt>
   <trkpt lat="-1.2376450" lon="36.8196150">
    <ele>1698.2</ele>
    <time>2026-01-31T05:03:28Z</time>
   </trkpt>
   <trkpt lat="-1.2376380" lon="36.8196210">
    <ele>1698.2</ele>
    <time>2026-01-31T05:03:29Z</time>
   </trkpt>
   <trkpt lat="-1.2376160" lon="36.8196420">
    <ele>1698.3</ele>
    <time>2026-01-31T05:03:30Z</time>
   </trkpt>
   <trkpt lat="-1.2376070" lon="36.8196490">
    <ele>1698.3</ele>
    <time>2026-01-31T05:03:31Z</time>
   </trkpt>
   <trkpt lat="-1.2375840" lon="36.8196770">
    <ele>1698.4</ele>
    <time>2026-01-31T05:03:32Z</time>
   </trkpt>
   <trkpt lat="-1.2375760" lon="36.8196860">
    <ele>1698.4</ele>
    <time>2026-01-31T05:03:33Z</time>
   </trkpt>
   <trkpt lat="-1.2375540" lon="36.8197080">
    <ele>1698.5</ele>
    <time>2026-01-31T05:03:34Z</time>
   </trkpt>
   <trkpt lat="-1.2375470" lon="36.8197170">
    <ele>1698.5</ele>
    <time>2026-01-31T05:03:35Z</time>
   </trkpt>
   <trkpt lat="-1.2375250" lon="36.8197390">
    <ele>1698.6</ele>
    <time>2026-01-31T05:03:36Z</time>
   </trkpt>
   <trkpt lat="-1.2375170" lon="36.8197460">
    <ele>1698.6</ele>
    <time>2026-01-31T05:03:37Z</time>
   </trkpt>
   <trkpt lat="-1.2374910" lon="36.8197700">
    <ele>1698.7</ele>
    <time>2026-01-31T05:03:38Z</time>
   </trkpt>
   <trkpt lat="-1.2374830" lon="36.8197760">
    <ele>1698.8</ele>
    <time>2026-01-31T05:03:39Z</time>
   </trkpt>
   <trkpt lat="-1.2374520" lon="36.8197970">
    <ele>1698.9</ele>
    <time>2026-01-31T05:03:40Z</time>
   </trkpt>
   <trkpt lat="-1.2374420" lon="36.8198040">
    <ele>1698.9</ele>
    <time>2026-01-31T05:03:41Z</time>
   </trkpt>
   <trkpt lat="-1.2374140" lon="36.8198250">
    <ele>1699.0</ele>
    <time>2026-01-31T05:03:42Z</time>
   </trkpt>
   <trkpt lat="-1.2374030" lon="36.8198320">
    <ele>1699.0</ele>
    <time>2026-01-31T05:03:43Z</time>
   </trkpt>
   <trkpt lat="-1.2373750" lon="36.8198550">
    <ele>1699.1</ele>
    <time>2026-01-31T05:03:44Z</time>
   </trkpt>
   <trkpt lat="-1.2373650" lon="36.8198620">
    <ele>1699.2</ele>
    <time>2026-01-31T05:03:45Z</time>
   </trkpt>
   <trkpt lat="-1.2373350" lon="36.8198820">
    <ele>1699.2</ele>
    <time>2026-01-31T05:03:46Z</time>
   </trkpt>
   <trkpt lat="-1.2373270" lon="36.8198870">
    <ele>1699.3</ele>
    <time>2026-01-31T05:03:47Z</time>
   </trkpt>
   <trkpt lat="-1.2372960" lon="36.8199000">
    <ele>1699.4</ele>
    <time>2026-01-31T05:03:48Z</time>
   </trkpt>
   <trkpt lat="-1.2372860" lon="36.8199040">
    <ele>1699.4</ele>
    <time>2026-01-31T05:03:49Z</time>
   </trkpt>
   <trkpt lat="-1.2372540" lon="36.8199170">
    <ele>1699.5</ele>
    <time>2026-01-31T05:03:50Z</time>
   </trkpt>
   <trkpt lat="-1.2372430" lon="36.8199220">
    <ele>1699.5</ele>
    <time>2026-01-31T05:03:51Z</time>
   </trkpt>
   <trkpt lat="-1.2372080" lon="36.8199330">
    <ele>1699.6</ele>
    <time>2026-01-31T05:03:52Z</time>
   </trkpt>
   <trkpt lat="-1.2371960" lon="36.8199370">
    <ele>1699.6</ele>
    <time>2026-01-31T05:03:53Z</time>
   </trkpt>
   <trkpt lat="-1.2371650" lon="36.8199520">
    <ele>1699.7</ele>
    <time>2026-01-31T05:03:54Z</time>
   </trkpt>
   <trkpt lat="-1.2371540" lon="36.8199570">
    <ele>1699.7</ele>
    <time>2026-01-31T05:03:55Z</time>
   </trkpt>
   <trkpt lat="-1.2371210" lon="36.8199770">
    <ele>1699.8</ele>
    <time>2026-01-31T05:03:56Z</time>
   </trkpt>
   <trkpt lat="-1.2371070" lon="36.8199860">
    <ele>1699.9</ele>
    <time>2026-01-31T05:03:57Z</time>
   </trkpt>
   <trkpt lat="-1.2370740" lon="36.8200070">
    <ele>1700.0</ele>
    <time>2026-01-31T05:03:58Z</time>
   </trkpt>
   <trkpt lat="-1.2370630" lon="36.8200150">
    <ele>1700.1</ele>
    <time>2026-01-31T05:03:59Z</time>
   </trkpt>
   <trkpt lat="-1.2370390" lon="36.8200320">
    <ele>1700.2</ele>
    <time>2026-01-31T05:04:00Z</time>
   </trkpt>
   <trkpt lat="-1.2370160" lon="36.8200480">
    <ele>1700.3</ele>
    <time>2026-01-31T05:04:01Z</time>
   </trkpt>
   <trkpt lat="-1.2369840" lon="36.8200740">
    <ele>1700.4</ele>
    <time>2026-01-31T05:04:02Z</time>
   </trkpt>
   <trkpt lat="-1.2369710" lon="36.8200850">
    <ele>1700.5</ele>
    <time>2026-01-31T05:04:03Z</time>
   </trkpt>
   <trkpt lat="-1.2369500" lon="36.8201050">
    <ele>1700.6</ele>
    <time>2026-01-31T05:04:04Z</time>
   </trkpt>
   <trkpt lat="-1.2369280" lon="36.8201250">
    <ele>1700.8</ele>
    <time>2026-01-31T05:04:05Z</time>
   </trkpt>
   <trkpt lat="-1.2369050" lon="36.8201450">
    <ele>1700.9</ele>
    <time>2026-01-31T05:04:06Z</time>
   </trkpt>
   <trkpt lat="-1.2368850" lon="36.8201620">
    <ele>1701.1</ele>
    <time>2026-01-31T05:04:07Z</time>
   </trkpt>
   <trkpt lat="-1.2368610" lon="36.8201900">
    <ele>1701.2</ele>
    <time>2026-01-31T05:04:08Z</time>
   </trkpt>
   <trkpt lat="-1.2368390" lon="36.8202170">
    <ele>1701.4</ele>
    <time>2026-01-31T05:04:09Z</time>
   </trkpt>
   <trkpt lat="-1.2368310" lon="36.8202250">
    <ele>1701.5</ele>
    <time>2026-01-31T05:04:10Z</time>
   </trkpt>
   <trkpt lat="-1.2368140" lon="36.8202500">
    <ele>1701.6</ele>
    <time>2026-01-31T05:04:11Z</time>
   </trkpt>
   <trkpt lat="-1.2367970" lon="36.8202750">
    <ele>1701.8</ele>
    <time>2026-01-31T05:04:12Z</time>
   </trkpt>
   <trkpt lat="-1.2367790" lon="36.8202960">
    <ele>1701.9</ele>
    <time>2026-01-31T05:04:13Z</time>
   </trkpt>
   <trkpt lat="-1.2367550" lon="36.8203240">
    <ele>1702.1</ele>
    <time>2026-01-31T05:04:14Z</time>
   </trkpt>
   <trkpt lat="-1.2367450" lon="36.8203350">
    <ele>1702.1</ele>
    <time>2026-01-31T05:04:15Z</time>
   </trkpt>
   <trkpt lat="-1.2367170" lon="36.8203620">
    <ele>1702.3</ele>
    <time>2026-01-31T05:04:16Z</time>
   </trkpt>
   <trkpt lat="-1.2367070" lon="36.8203700">
    <ele>1702.4</ele>
    <time>2026-01-31T05:04:17Z</time>
   </trkpt>
   <trkpt lat="-1.2366780" lon="36.8203950">
    <ele>1702.5</ele>
    <time>2026-01-31T05:04:18Z</time>
   </trkpt>
   <trkpt lat="-1.2366670" lon="36.8204020">
    <ele>1702.6</ele>
    <time>2026-01-31T05:04:19Z</time>
   </trkpt>
   <trkpt lat="-1.2366410" lon="36.8204190">
    <ele>1702.7</ele>
    <time>2026-01-31T05:04:20Z</time>
   </trkpt>
   <trkpt lat="-1.2366130" lon="36.8204340">
    <ele>1702.8</ele>
    <time>2026-01-31T05:04:21Z</time>
   </trkpt>
   <trkpt lat="-1.2366030" lon="36.8204400">
    <ele>1702.9</ele>
    <time>2026-01-31T05:04:22Z</time>
   </trkpt>
   <trkpt lat="-1.2365700" lon="36.8204530">
    <ele>1703.0</ele>
    <time>2026-01-31T05:04:23Z</time>
   </trkpt>
   <trkpt lat="-1.2365600" lon="36.8204570">
    <ele>1703.1</ele>
    <time>2026-01-31T05:04:24Z</time>
   </trkpt>
   <trkpt lat="-1.2365320" lon="36.8204720">
    <ele>1703.2</ele>
    <time>2026-01-31T05:04:25Z</time>
   </trkpt>
   <trkpt lat="-1.2365210" lon="36.8204770">
    <ele>1703.2</ele>
    <time>2026-01-31T05:04:26Z</time>
   </trkpt>
   <trkpt lat="-1.2365050" lon="36.8204830">
    <ele>1703.3</ele>
    <time>2026-01-31T05:04:27Z</time>
   </trkpt>
   <trkpt lat="-1.2364890" lon="36.8204910">
    <ele>1703.3</ele>
    <time>2026-01-31T05:04:28Z</time>
   </trkpt>
   <trkpt lat="-1.2364660" lon="36.8205060">
    <ele>1703.4</ele>
    <time>2026-01-31T05:04:29Z</time>
   </trkpt>
   <trkpt lat="-1.2364580" lon="36.8205120">
    <ele>1703.4</ele>
    <time>2026-01-31T05:04:30Z</time>
   </trkpt>
   <trkpt lat="-1.2364480" lon="36.8205250">
    <ele>1703.5</ele>
    <time>2026-01-31T05:04:31Z</time>
   </trkpt>
   <trkpt lat="-1.2364330" lon="36.8205380">
    <ele>1703.5</ele>
    <time>2026-01-31T05:04:32Z</time>
   </trkpt>
   <trkpt lat="-1.2364090" lon="36.8205570">
    <ele>1703.6</ele>
    <time>2026-01-31T05:04:33Z</time>
   </trkpt>
   <trkpt lat="-1.2364010" lon="36.8205640">
    <ele>1703.6</ele>
    <time>2026-01-31T05:04:34Z</time>
   </trkpt>
   <trkpt lat="-1.2363810" lon="36.8205840">
    <ele>1703.6</ele>
    <time>2026-01-31T05:04:35Z</time>
   </trkpt>
   <trkpt lat="-1.2363730" lon="36.8205910">
    <ele>1703.7</ele>
    <time>2026-01-31T05:04:36Z</time>
   </trkpt>
   <trkpt lat="-1.2363490" lon="36.8206130">
    <ele>1703.7</ele>
    <time>2026-01-31T05:04:37Z</time>
   </trkpt>
   <trkpt lat="-1.2363400" lon="36.8206190">
    <ele>1703.7</ele>
    <time>2026-01-31T05:04:38Z</time>
   </trkpt>
   <trkpt lat="-1.2363090" lon="36.8206340">
    <ele>1703.8</ele>
    <time>2026-01-31T05:04:39Z</time>
   </trkpt>
   <trkpt lat="-1.2362990" lon="36.8206390">
    <ele>1703.8</ele>
    <time>2026-01-31T05:04:40Z</time>
   </trkpt>
   <trkpt lat="-1.2362700" lon="36.8206570">
    <ele>1703.9</ele>
    <time>2026-01-31T05:04:41Z</time>
   </trkpt>
   <trkpt lat="-1.2362610" lon="36.8206630">
    <ele>1703.9</ele>
    <time>2026-01-31T05:04:42Z</time>
   </trkpt>
   <trkpt lat="-1.2362330" lon="36.8206760">
    <ele>1704.0</ele>
    <time>2026-01-31T05:04:43Z</time>
   </trkpt>
   <trkpt lat="-1.2362100" lon="36.8206880">
    <ele>1704.0</ele>
    <time>2026-01-31T05:04:44Z</time>
   </trkpt>
   <trkpt lat="-1.2362010" lon="36.8206930">
    <ele>1704.1</ele>
    <time>2026-01-31T05:04:45Z</time>
   </trkpt>
   <trkpt lat="-1.2361730" lon="36.8207090">
    <ele>1704.1</ele>
    <time>2026-01-31T05:04:46Z</time>
   </trkpt>
   <trkpt lat="-1.2361630" lon="36.8207140">
    <ele>1704.1</ele>
    <time>2026-01-31T05:04:47Z</time>
   </trkpt>
   <trkpt lat="-1.2361350" lon="36.8207300">
    <ele>1704.2</ele>
    <time>2026-01-31T05:04:48Z</time>
   </trkpt>
   <trkpt lat="-1.2361260" lon="36.8207350">
    <ele>1704.2</ele>
    <time>2026-01-31T05:04:49Z</time>
   </trkpt>
   <trkpt lat="-1.2360970" lon="36.8207520">
    <ele>1704.2</ele>
    <time>2026-01-31T05:04:50Z</time>
   </trkpt>
   <trkpt lat="-1.2360860" lon="36.8207580">
    <ele>1704.2</ele>
    <time>2026-01-31T05:04:51Z</time>
   </trkpt>
   <trkpt lat="-1.2360570" lon="36.8207760">
    <ele>1704.3</ele>
    <time>2026-01-31T05:04:52Z</time>
   </trkpt>
   <trkpt lat="-1.2360470" lon="36.8207820">
    <ele>1704.3</ele>
    <time>2026-01-31T05:04:53Z</time>
   </trkpt>
   <trkpt lat="-1.2360140" lon="36.8208010">
    <ele>1704.3</ele>
    <time>2026-01-31T05:04:54Z</time>
   </trkpt>
   <trkpt lat="-1.2359990" lon="36.8208090">
    <ele>1704.3</ele>
    <time>2026-01-31T05:04:55Z</time>
   </trkpt>
   <trkpt lat="-1.2359900" lon="36.8208160">
    <ele>1704.4</ele>
    <time>2026-01-31T05:04:56Z</time>
   </trkpt>
   <trkpt lat="-1.2359740" lon="36.8208290">
    <ele>1704.4</ele>
    <time>2026-01-31T05:04:57Z</time>
   </trkpt>
   <trkpt lat="-1.2359510" lon="36.8208490">
    <ele>1704.4</ele>
    <time>2026-01-31T05:04:58Z</time>
   </trkpt>
   <trkpt lat="-1.2359430" lon="36.8208540">
    <ele>1704.4</ele>
    <time>2026-01-31T05:04:59Z</time>
   </trkpt>
   <trkpt lat="-1.2359150" lon="36.8208690">
    <ele>1704.5</ele>
    <time>2026-01-31T05:05:00Z</time>
   </trkpt>
   <trkpt lat="-1.2359070" lon="36.8208730">
    <ele>1704.5</ele>
    <time>2026-01-31T05:05:01Z</time>
   </trkpt>
   <trkpt lat="-1.2358920" lon="36.8208780">
    <ele>1704.5</ele>
    <time>2026-01-31T05:05:02Z</time>
   </trkpt>
   <trkpt lat="-1.2358750" lon="36.8208760">
    <ele>1704.5</ele>
    <time>2026-01-31T05:05:03Z</time>
   </trkpt>
   <trkpt lat="-1.2358560" lon="36.8208610">
    <ele>1704.6</ele>
    <time>2026-01-31T05:05:04Z</time>
   </trkpt>
   <trkpt lat="-1.2358470" lon="36.8208550">
    <ele>1704.6</ele>
    <time>2026-01-31T05:05:05Z</time>
   </trkpt>
   <trkpt lat="-1.2358380" lon="36.8208480">
    <ele>1704.6</ele>
    <time>2026-01-31T05:05:06Z</time>
   </trkpt>
   <trkpt lat="-1.2358240" lon="36.8208430">
    <ele>1704.7</ele>
    <time>2026-01-31T05:05:07Z</time>
   </trkpt>
   <trkpt lat="-1.2358090" lon="36.8208370">
    <ele>1704.7</ele>
    <time>2026-01-31T05:05:08Z</time>
   </trkpt>
   <trkpt lat="-1.2357810" lon="36.8208270">
    <ele>1704.9</ele>
    <time>2026-01-31T05:05:09Z</time>
   </trkpt>
   <trkpt lat="-1.2357700" lon="36.8208240">
    <ele>1704.9</ele>
    <time>2026-01-31T05:05:10Z</time>
   </trkpt>
   <trkpt lat="-1.2357360" lon="36.8208190">
    <ele>1705.0</ele>
    <time>2026-01-31T05:05:11Z</time>
   </trkpt>
   <trkpt lat="-1.2357250" lon="36.8208170">
    <ele>1705.1</ele>
    <time>2026-01-31T05:05:12Z</time>
   </trkpt>
   <trkpt lat="-1.2356910" lon="36.8208100">
    <ele>1705.2</ele>
    <time>2026-01-31T05:05:13Z</time>
   </trkpt>
   <trkpt lat="-1.2356800" lon="36.8208070">
    <ele>1705.3</ele>
    <time>2026-01-31T05:05:14Z</time>
   </trkpt>
   <trkpt lat="-1.2356440" lon="36.8208000">
    <ele>1705.4</ele>
    <time>2026-01-31T05:05:15Z</time>
   </trkpt>
   <trkpt lat="-1.2356330" lon="36.8207980">
    <ele>1705.5</ele>
    <time>2026-01-31T05:05:16Z</time>
   </trkpt>
   <trkpt lat="-1.2356010" lon="36.8207870">
    <ele>1705.6</ele>
    <time>2026-01-31T05:05:17Z</time>
   </trkpt>
   <trkpt lat="-1.2355900" lon="36.8207810">
    <ele>1705.7</ele>
    <time>2026-01-31T05:05:18Z</time>
   </trkpt>
   <trkpt lat="-1.2355640" lon="36.8207530">
    <ele>1705.8</ele>
    <time>2026-01-31T05:05:19Z</time>
   </trkpt>
   <trkpt lat="-1.2355550" lon="36.8207450">
    <ele>1705.9</ele>
    <time>2026-01-31T05:05:20Z</time>
   </trkpt>
   <trkpt lat="-1.2355380" lon="36.8207140">
    <ele>1706.0</ele>
    <time>2026-01-31T05:05:21Z</time>
   </trkpt>
   <trkpt lat="-1.2355340" lon="36.8207030">
    <ele>1706.1</ele>
    <time>2026-01-31T05:05:22Z</time>
   </trkpt>
   <trkpt lat="-1.2355130" lon="36.8206760">
    <ele>1706.3</ele>
    <time>2026-01-31T05:05:23Z</time>
   </trkpt>
   <trkpt lat="-1.2355050" lon="36.8206670">
    <ele>1706.3</ele>
    <time>2026-01-31T05:05:24Z</time>
   </trkpt>
   <trkpt lat="-1.2354820" lon="36.8206400">
    <ele>1706.5</ele>
    <time>2026-01-31T05:05:25Z</time>
   </trkpt>
   <trkpt lat="-1.2354720" lon="36.8206310">
    <ele>1706.5</ele>
    <time>2026-01-31T05:05:26Z</time>
   </trkpt>
   <trkpt lat="-1.2354530" lon="36.8206010">
    <ele>1706.7</ele>
    <time>2026-01-31T05:05:27Z</time>
   </trkpt>
   <trkpt lat="-1.2354460" lon="36.8205910">
    <ele>1706.7</ele>
    <time>2026-01-31T05:05:28Z</time>
   </trkpt>
   <trkpt lat="-1.2354240" lon="36.8205640">
    <ele>1706.8</ele>
    <time>2026-01-31T05:05:29Z</time>
   </trkpt>
   <trkpt lat="-1.2354150" lon="36.8205550">
    <ele>1706.9</ele>
    <time>2026-01-31T05:05:30Z</time>
   </trkpt>
   <trkpt lat="-1.2353970" lon="36.8205340">
    <ele>1707.0</ele>
    <time>2026-01-31T05:05:31Z</time>
   </trkpt>
   <trkpt lat="-1.2353890" lon="36.8205280">
    <ele>1707.0</ele>
    <time>2026-01-31T05:05:32Z</time>
   </trkpt>
   <trkpt lat="-1.2353660" lon="36.8205090">
    <ele>1707.1</ele>
    <time>2026-01-31T05:05:33Z</time>
   </trkpt>
   <trkpt lat="-1.2353570" lon="36.8205020">
    <ele>1707.1</ele>
    <time>2026-01-31T05:05:34Z</time>
   </trkpt>
   <trkpt lat="-1.2353450" lon="36.8204890">
    <ele>1707.2</ele>
    <time>2026-01-31T05:05:35Z</time>
   </trkpt>
   <trkpt lat="-1.2353320" lon="36.8204770">
    <ele>1707.3</ele>
    <time>2026-01-31T05:05:36Z</time>
   </trkpt>
   <trkpt lat="-1.2353080" lon="36.8204580">
    <ele>1707.4</ele>
    <time>2026-01-31T05:05:37Z</time>
   </trkpt>
   <trkpt lat="-1.2353030" lon="36.8204520">
    <ele>1707.4</ele>
    <time>2026-01-31T05:05:38Z</time>
   </trkpt>
   <trkpt lat="-1.2352940" lon="36.8204390">
    <ele>1707.4</ele>
    <time>2026-01-31T05:05:39Z</time>
   </trkpt>
   <trkpt lat="-1.2352830" lon="36.8204250">
    <ele>1707.5</ele>
    <time>2026-01-31T05:05:40Z</time>
   </trkpt>
   <trkpt lat="-1.2352620" lon="36.8203980">
    <ele>1707.6</ele>
    <time>2026-01-31T05:05:41Z</time>
   </trkpt>
   <trkpt lat="-1.2352520" lon="36.8203880">
    <ele>1707.6</ele>
    <time>2026-01-31T05:05:42Z</time>
   </trkpt>
   <trkpt lat="-1.2352480" lon="36.8203760">
    <ele>1707.6</ele>
    <time>2026-01-31T05:05:43Z</time>
   </trkpt>
   <trkpt lat="-1.2352350" lon="36.8203630">
    <ele>1707.7</ele>
    <time>2026-01-31T05:05:44Z</time>
   </trkpt>
   <trkpt lat="-1.2352110" lon="36.8203430">
    <ele>1707.8</ele>
    <time>2026-01-31T05:05:45Z</time>
   </trkpt>
   <trkpt lat="-1.2352020" lon="36.8203360">
    <ele>1707.8</ele>
    <time>2026-01-31T05:05:46Z</time>
   </trkpt>
   <trkpt lat="-1.2351800" lon="36.8203150">
    <ele>1707.8</ele>
    <time>2026-01-31T05:05:47Z</time>
   </trkpt>
   <trkpt lat="-1.2351730" lon="36.8203080">
    <ele>1707.8</ele>
    <time>2026-01-31T05:05:48Z</time>
   </trkpt>
   <trkpt lat="-1.2351490" lon="36.8202820">
    <ele>1707.9</ele>
    <time>2026-01-31T05:05:49Z</time>
   </trkpt>
   <trkpt lat="-1.2351430" lon="36.8202760">
    <ele>1707.9</ele>
    <time>2026-01-31T05:05:50Z</time>
   </trkpt>
   <trkpt lat="-1.2351300" lon="36.8202630">
    <ele>1708.0</ele>
    <time>2026-01-31T05:05:51Z</time>
   </trkpt>
   <trkpt lat="-1.2351160" lon="36.8202530">
    <ele>1708.0</ele>
    <time>2026-01-31T05:05:52Z</time>
   </trkpt>
   <trkpt lat="-1.2351000" lon="36.8202410">
    <ele>1708.0</ele>
    <time>2026-01-31T05:05:53Z</time>
   </trkpt>
   <trkpt lat="-1.2350840" lon="36.8202370">
    <ele>1708.0</ele>
    <time>2026-01-31T05:05:54Z</time>
   </trkpt>
   <trkpt lat="-1.2350670" lon="36.8202320">
    <ele>1708.0</ele>
    <time>2026-01-31T05:05:55Z</time>
   </trkpt>
   <trkpt lat="-1.2350530" lon="36.8202210">
    <ele>1708.1</ele>
    <time>2026-01-31T05:05:56Z</time>
   </trkpt>
   <trkpt lat="-1.2350390" lon="36.8202090">
    <ele>1708.1</ele>
    <time>2026-01-31T05:05:57Z</time>
   </trkpt>
   <trkpt lat="-1.2350300" lon="36.8201990">
    <ele>1708.1</ele>
    <time>2026-01-31T05:05:58Z</time>
   </trkpt>
   <trkpt lat="-1.2350160" lon="36.8201730">
    <ele>1708.1</ele>
    <time>2026-01-31T05:05:59Z</time>
   </trkpt>
   <trkpt lat="-1.2350120" lon="36.8201640">
    <ele>1708.1</ele>
    <time>2026-01-31T05:06:00Z</time>
   </trkpt>
   <trkpt lat="-1.2349970" lon="36.8201300">
    <ele>1708.2</ele>
    <time>2026-01-31T05:06:01Z</time>
   </trkpt>
   <trkpt lat="-1.2349920" lon="36.8201190">
    <ele>1708.2</ele>
    <time>2026-01-31T05:06:02Z</time>
   </trkpt>
   <trkpt lat="-1.2349870" lon="36.8200850">
    <ele>1708.2</ele>
    <time>2026-01-31T05:06:03Z</time>
   </trkpt>
   <trkpt lat="-1.2349860" lon="36.8200730">
    <ele>1708.2</ele>
    <time>2026-01-31T05:06:04Z</time>
   </trkpt>
   <trkpt lat="-1.2349810" lon="36.8200390">
    <ele>1708.2</ele>
    <time>2026-01-31T05:06:05Z</time>
   </trkpt>
   <trkpt lat="-1.2349790" lon="36.8200290">
    <ele>1708.2</ele>
    <time>2026-01-31T05:06:06Z</time>
   </trkpt>
   <trkpt lat="-1.2349800" lon="36.8199960">
    <ele>1708.2</ele>
    <time>2026-01-31T05:06:07Z</time>
   </trkpt>
   <trkpt lat="-1.2349780" lon="36.8199850">
    <ele>1708.2</ele>
    <time>2026-01-31T05:06:08Z</time>
   </trkpt>
   <trkpt lat="-1.2349730" lon="36.8199560">
    <ele>1708.2</ele>
    <time>2026-01-31T05:06:09Z</time>
   </trkpt>
   <trkpt lat="-1.2349720" lon="36.8199460">
    <ele>1708.2</ele>
    <time>2026-01-31T05:06:10Z</time>
   </trkpt>
   <trkpt lat="-1.2349610" lon="36.8199190">
    <ele>1708.2</ele>
    <time>2026-01-31T05:06:11Z</time>
   </trkpt>
   <trkpt lat="-1.2349560" lon="36.8199100">
    <ele>1708.2</ele>
    <time>2026-01-31T05:06:12Z</time>
   </trkpt>
   <trkpt lat="-1.2349400" lon="36.8198820">
    <ele>1708.2</ele>
    <time>2026-01-31T05:06:13Z</time>
   </trkpt>
   <trkpt lat="-1.2349350" lon="36.8198730">
    <ele>1708.2</ele>
    <time>2026-01-31T05:06:14Z</time>
   </trkpt>
   <trkpt lat="-1.2349270" lon="36.8198440">
    <ele>1708.2</ele>
    <time>2026-01-31T05:06:15Z</time>
   </trkpt>
   <trkpt lat="-1.2349260" lon="36.8198340">
    <ele>1708.2</ele>
    <time>2026-01-31T05:06:16Z</time>
   </trkpt>
   <trkpt lat="-1.2349270" lon="36.8198000">
    <ele>1708.2</ele>
    <time>2026-01-31T05:06:17Z</time>
   </trkpt>
   <trkpt lat="-1.2349280" lon="36.8197880">
    <ele>1708.2</ele>
    <time>2026-01-31T05:06:18Z</time>
   </trkpt>
   <trkpt lat="-1.2349270" lon="36.8197540">
    <ele>1708.2</ele>
    <time>2026-01-31T05:06:19Z</time>
   </trkpt>
   <trkpt lat="-1.2349270" lon="36.8197420">
    <ele>1708.2</ele>
    <time>2026-01-31T05:06:20Z</time>
   </trkpt>
   <trkpt lat="-1.2349270" lon="36.8197070">
    <ele>1708.2</ele>
    <time>2026-01-31T05:06:21Z</time>
   </trkpt>
   <trkpt lat="-1.2349260" lon="36.8196950">
    <ele>1708.2</ele>
    <time>2026-01-31T05:06:22Z</time>
   </trkpt>
   <trkpt lat="-1.2349220" lon="36.8196640">
    <ele>1708.2</ele>
    <time>2026-01-31T05:06:23Z</time>
   </trkpt>
   <trkpt lat="-1.2349180" lon="36.8196550">
    <ele>1708.2</ele>
    <time>2026-01-31T05:06:24Z</time>
   </trkpt>
   <trkpt lat="-1.2349010" lon="36.8196440">
    <ele>1708.1</ele>
    <time>2026-01-31T05:06:25Z</time>
   </trkpt>
   <trkpt lat="-1.2348880" lon="36.8196370">
    <ele>1708.1</ele>
    <time>2026-01-31T05:06:26Z</time>
   </trkpt>
   <trkpt lat="-1.2348780" lon="36.8196290">
    <ele>1708.1</ele>
    <time>2026-01-31T05:06:27Z</time>
   </trkpt>
   <trkpt lat="-1.2348660" lon="36.8196200">
    <ele>1708.1</ele>
    <time>2026-01-31T05:06:28Z</time>
   </trkpt>
   <trkpt lat="-1.2348550" lon="36.8196080">
    <ele>1708.1</ele>
    <time>2026-01-31T05:06:29Z</time>
   </trkpt>
   <trkpt lat="-1.2348460" lon="36.8195910">
    <ele>1708.1</ele>
    <time>2026-01-31T05:06:30Z</time>
   </trkpt>
   <trkpt lat="-1.2348350" lon="36.8195620">
    <ele>1708.0</ele>
    <time>2026-01-31T05:06:31Z</time>
   </trkpt>
   <trkpt lat="-1.2348330" lon="36.8195520">
    <ele>1708.0</ele>
    <time>2026-01-31T05:06:32Z</time>
   </trkpt>
   <trkpt lat="-1.2348220" lon="36.8195230">
    <ele>1708.0</ele>
    <time>2026-01-31T05:06:33Z</time>
   </trkpt>
   <trkpt lat="-1.2348160" lon="36.8195140">
    <ele>1708.0</ele>
    <time>2026-01-31T05:06:34Z</time>
   </trkpt>
   <trkpt lat="-1.2347960" lon="36.8194890">
    <ele>1707.9</ele>
    <time>2026-01-31T05:06:35Z</time>
   </trkpt>
   <trkpt lat="-1.2347890" lon="36.8194810">
    <ele>1707.9</ele>
    <time>2026-01-31T05:06:36Z</time>
   </trkpt>
   <trkpt lat="-1.2347610" lon="36.8194670">
    <ele>1707.8</ele>
    <time>2026-01-31T05:06:37Z</time>
   </trkpt>
   <trkpt lat="-1.2347510" lon="36.8194630">
    <ele>1707.8</ele>
    <time>2026-01-31T05:06:38Z</time>
   </trkpt>
   <trkpt lat="-1.2347230" lon="36.8194420">
    <ele>1707.8</ele>
    <time>2026-01-31T05:06:39Z</time>
   </trkpt>
   <trkpt lat="-1.2347100" lon="36.8194330">
    <ele>1707.7</ele>
    <time>2026-01-31T05:06:40Z</time>
   </trkpt>
   <trkpt lat="-1.2346920" lon="36.8194260">
    <ele>1707.7</ele>
    <time>2026-01-31T05:06:41Z</time>
   </trkpt>
   <trkpt lat="-1.2346790" lon="36.8194260">
    <ele>1707.7</ele>
    <time>2026-01-31T05:06:42Z</time>
   </trkpt>
   <trkpt lat="-1.2346670" lon="36.8194250">
    <ele>1707.6</ele>
    <time>2026-01-31T05:06:43Z</time>
   </trkpt>
   <trkpt lat="-1.2346520" lon="36.8194220">
    <ele>1707.6</ele>
    <time>2026-01-31T05:06:44Z</time>
   </trkpt>
   <trkpt lat="-1.2346360" lon="36.8194140">
    <ele>1707.5</ele>
    <time>2026-01-31T05:06:45Z</time>
   </trkpt>
   <trkpt lat="-1.2346170" lon="36.8194070">
    <ele>1707.5</ele>
    <time>2026-01-31T05:06:46Z</time>
   </trkpt>
   <trkpt lat="-1.2346010" lon="36.8194090">
    <ele>1707.5</ele>
    <time>2026-01-31T05:06:47Z</time>
   </trkpt>
   <trkpt lat="-1.2345740" lon="36.8194270">
    <ele>1707.4</ele>
    <time>2026-01-31T05:06:48Z</time>
   </trkpt>
   <trkpt lat="-1.2345640" lon="36.8194330">
    <ele>1707.3</ele>
    <time>2026-01-31T05:06:49Z</time>
   </trkpt>
   <trkpt lat="-1.2345370" lon="36.8194500">
    <ele>1707.3</ele>
    <time>2026-01-31T05:06:50Z</time>
   </trkpt>
   <trkpt lat="-1.2345270" lon="36.8194550">
    <ele>1707.2</ele>
    <time>2026-01-31T05:06:51Z</time>
   </trkpt>
   <trkpt lat="-1.2344990" lon="36.8194650">
    <ele>1707.1</ele>
    <time>2026-01-31T05:06:52Z</time>
   </trkpt>
   <trkpt lat="-1.2344890" lon="36.8194650">
    <ele>1707.1</ele>
    <time>2026-01-31T05:06:53Z</time>
   </trkpt>
   <trkpt lat="-1.2344590" lon="36.8194660">
    <ele>1707.0</ele>
    <time>2026-01-31T05:06:54Z</time>
   </trkpt>
   <trkpt lat="-1.2344490" lon="36.8194670">
    <ele>1707.0</ele>
    <time>2026-01-31T05:06:55Z</time>
   </trkpt>
   <trkpt lat="-1.2344310" lon="36.8194660">
    <ele>1707.0</ele>
    <time>2026-01-31T05:06:56Z</time>
   </trkpt>
   <trkpt lat="-1.2344160" lon="36.8194560">
    <ele>1706.9</ele>
    <time>2026-01-31T05:06:57Z</time>
   </trkpt>
   <trkpt lat="-1.2343980" lon="36.8194330">
    <ele>1706.9</ele>
    <time>2026-01-31T05:06:58Z</time>
   </trkpt>
   <trkpt lat="-1.2343910" lon="36.8194270">
    <ele>1706.8</ele>
    <time>2026-01-31T05:06:59Z</time>
   </trkpt>
   <trkpt lat="-1.2343610" lon="36.8194310">
    <ele>1706.8</ele>
    <time>2026-01-31T05:07:00Z</time>
   </trkpt>
   <trkpt lat="-1.2343500" lon="36.8194320">
    <ele>1706.7</ele>
    <time>2026-01-31T05:07:01Z</time>
   </trkpt>
   <trkpt lat="-1.2343220" lon="36.8194530">
    <ele>1706.7</ele>
    <time>2026-01-31T05:07:02Z</time>
   </trkpt>
   <trkpt lat="-1.2343150" lon="36.8194600">
    <ele>1706.6</ele>
    <time>2026-01-31T05:07:03Z</time>
   </trkpt>
   <trkpt lat="-1.2342950" lon="36.8194790">
    <ele>1706.6</ele>
    <time>2026-01-31T05:07:04Z</time>
   </trkpt>
   <trkpt lat="-1.2342870" lon="36.8194830">
    <ele>1706.6</ele>
    <time>2026-01-31T05:07:05Z</time>
   </trkpt>
   <trkpt lat="-1.2342560" lon="36.8194890">
    <ele>1706.5</ele>
    <time>2026-01-31T05:07:06Z</time>
   </trkpt>
   <trkpt lat="-1.2342450" lon="36.8194900">
    <ele>1706.5</ele>
    <time>2026-01-31T05:07:07Z</time>
   </trkpt>
   <trkpt lat="-1.2342160" lon="36.8195000">
    <ele>1706.4</ele>
    <time>2026-01-31T05:07:08Z</time>
   </trkpt>
   <trkpt lat="-1.2342060" lon="36.8195040">
    <ele>1706.4</ele>
    <time>2026-01-31T05:07:09Z</time>
   </trkpt>
   <trkpt lat="-1.2341880" lon="36.8195130">
    <ele>1706.4</ele>
    <time>2026-01-31T05:07:10Z</time>
   </trkpt>
   <trkpt lat="-1.2341730" lon="36.8195190">
    <ele>1706.3</ele>
    <time>2026-01-31T05:07:11Z</time>
   </trkpt>
   <trkpt lat="-1.2341480" lon="36.8195330">
    <ele>1706.3</ele>
    <time>2026-01-31T05:07:12Z</time>
   </trkpt>
   <trkpt lat="-1.2341380" lon="36.8195360">
    <ele>1706.2</ele>
    <time>2026-01-31T05:07:13Z</time>
   </trkpt>
   <trkpt lat="-1.2341090" lon="36.8195510">
    <ele>1706.2</ele>
    <time>2026-01-31T05:07:14Z</time>
   </trkpt>
   <trkpt lat="-1.2341000" lon="36.8195570">
    <ele>1706.1</ele>
    <time>2026-01-31T05:07:15Z</time>
   </trkpt>
   <trkpt lat="-1.2340750" lon="36.8195770">
    <ele>1706.1</ele>
    <time>2026-01-31T05:07:16Z</time>
   </trkpt>
   <trkpt lat="-1.2340680" lon="36.8195840">
    <ele>1706.1</ele>
    <time>2026-01-31T05:07:17Z</time>
   </trkpt>
   <trkpt lat="-1.2340470" lon="36.8196050">
    <ele>1706.0</ele>
    <time>2026-01-31T05:07:18Z</time>
   </trkpt>
   <trkpt lat="-1.2340390" lon="36.8196110">
    <ele>1706.0</ele>
    <time>2026-01-31T05:07:19Z</time>
   </trkpt>
   <trkpt lat="-1.2340330" lon="36.8196400">
    <ele>1705.9</ele>
    <time>2026-01-31T05:07:20Z</time>
   </trkpt>
   <trkpt lat="-1.2340320" lon="36.8196490">
    <ele>1705.9</ele>
    <time>2026-01-31T05:07:21Z</time>
   </trkpt>
   <trkpt lat="-1.2340190" lon="36.8196630">
    <ele>1705.8</ele>
    <time>2026-01-31T05:07:22Z</time>
   </trkpt>
   <trkpt lat="-1.2340150" lon="36.8196750">
    <ele>1705.8</ele>
    <time>2026-01-31T05:07:23Z</time>
   </trkpt>
   <trkpt lat="-1.2340020" lon="36.8196890">
    <ele>1705.7</ele>
    <time>2026-01-31T05:07:24Z</time>
   </trkpt>
   <trkpt lat="-1.2339900" lon="36.8196990">
    <ele>1705.7</ele>
    <time>2026-01-31T05:07:25Z</time>
   </trkpt>
   <trkpt lat="-1.2339650" lon="36.8197180">
    <ele>1705.6</ele>
    <time>2026-01-31T05:07:26Z</time>
   </trkpt>
   <trkpt lat="-1.2339390" lon="36.8197340">
    <ele>1705.5</ele>
    <time>2026-01-31T05:07:27Z</time>
   </trkpt>
   <trkpt lat="-1.2339290" lon="36.8197380">
    <ele>1705.5</ele>
    <time>2026-01-31T05:07:28Z</time>
   </trkpt>
   <trkpt lat="-1.2338950" lon="36.8197490">
    <ele>1705.3</ele>
    <time>2026-01-31T05:07:29Z</time>
   </trkpt>
   <trkpt lat="-1.2338850" lon="36.8197520">
    <ele>1705.3</ele>
    <time>2026-01-31T05:07:30Z</time>
   </trkpt>
   <trkpt lat="-1.2338520" lon="36.8197600">
    <ele>1705.2</ele>
    <time>2026-01-31T05:07:31Z</time>
   </trkpt>
   <trkpt lat="-1.2338430" lon="36.8197620">
    <ele>1705.1</ele>
    <time>2026-01-31T05:07:32Z</time>
   </trkpt>
   <trkpt lat="-1.2338280" lon="36.8197670">
    <ele>1705.1</ele>
    <time>2026-01-31T05:07:33Z</time>
   </trkpt>
   <trkpt lat="-1.2338100" lon="36.8197730">
    <ele>1705.0</ele>
    <time>2026-01-31T05:07:34Z</time>
   </trkpt>
   <trkpt lat="-1.2337770" lon="36.8197900">
    <ele>1704.8</ele>
    <time>2026-01-31T05:07:35Z</time>
   </trkpt>
   <trkpt lat="-1.2337650" lon="36.8197970">
    <ele>1704.7</ele>
    <time>2026-01-31T05:07:36Z</time>
   </trkpt>
   <trkpt lat="-1.2337340" lon="36.8198210">
    <ele>1704.5</ele>
    <time>2026-01-31T05:07:37Z</time>
   </trkpt>
   <trkpt lat="-1.2337220" lon="36.8198260">
    <ele>1704.4</ele>
    <time>2026-01-31T05:07:38Z</time>
   </trkpt>
   <trkpt lat="-1.2336910" lon="36.8198320">
    <ele>1704.3</ele>
    <time>2026-01-31T05:07:39Z</time>
   </trkpt>
   <trkpt lat="-1.2336560" lon="36.8198290">
    <ele>1704.1</ele>
    <time>2026-01-31T05:07:40Z</time>
   </trkpt>
   <trkpt lat="-1.2336280" lon="36.8198250">
    <ele>1703.9</ele>
    <time>2026-01-31T05:07:41Z</time>
   </trkpt>
   <trkpt lat="-1.2335900" lon="36.8198230">
    <ele>1703.7</ele>
    <time>2026-01-31T05:07:42Z</time>
   </trkpt>
   <trkpt lat="-1.2335790" lon="36.8198230">
    <ele>1703.6</ele>
    <time>2026-01-31T05:07:43Z</time>
   </trkpt>
   <trkpt lat="-1.2335520" lon="36.8198280">
    <ele>1703.5</ele>
    <time>2026-01-31T05:07:44Z</time>
   </trkpt>
   <trkpt lat="-1.2335210" lon="36.8198380">
    <ele>1703.2</ele>
    <time>2026-01-31T05:07:45Z</time>
   </trkpt>
   <trkpt lat="-1.2334880" lon="36.8198500">
    <ele>1703.0</ele>
    <time>2026-01-31T05:07:46Z</time>
   </trkpt>
   <trkpt lat="-1.2334580" lon="36.8198620">
    <ele>1702.8</ele>
    <time>2026-01-31T05:07:47Z</time>
   </trkpt>
   <trkpt lat="-1.2334320" lon="36.8198720">
    <ele>1702.6</ele>
    <time>2026-01-31T05:07:48Z</time>
   </trkpt>
   <trkpt lat="-1.2334050" lon="36.8198820">
    <ele>1702.5</ele>
    <time>2026-01-31T05:07:49Z</time>
   </trkpt>
   <trkpt lat="-1.2333690" lon="36.8198820">
    <ele>1702.2</ele>
    <time>2026-01-31T05:07:50Z</time>
   </trkpt>
   <trkpt lat="-1.2333370" lon="36.8198850">
    <ele>1702.0</ele>
    <time>2026-01-31T05:07:51Z</time>
   </trkpt>
   <trkpt lat="-1.2333060" lon="36.8198940">
    <ele>1701.8</ele>
    <time>2026-01-31T05:07:52Z</time>
   </trkpt>
   <trkpt lat="-1.2332760" lon="36.8199050">
    <ele>1701.6</ele>
    <time>2026-01-31T05:07:53Z</time>
   </trkpt>
   <trkpt lat="-1.2332370" lon="36.8199230">
    <ele>1701.3</ele>
    <time>2026-01-31T05:07:54Z</time>
   </trkpt>
   <trkpt lat="-1.2332210" lon="36.8199290">
    <ele>1701.2</ele>
    <time>2026-01-31T05:07:55Z</time>
   </trkpt>
   <trkpt lat="-1.2331990" lon="36.8199450">
    <ele>1701.0</ele>
    <time>2026-01-31T05:07:56Z</time>
   </trkpt>
   <trkpt lat="-1.2331750" lon="36.8199600">
    <ele>1700.8</ele>
    <time>2026-01-31T05:07:57Z</time>
   </trkpt>
   <trkpt lat="-1.2331530" lon="36.8199760">
    <ele>1700.6</ele>
    <time>2026-01-31T05:07:58Z</time>
   </trkpt>
   <trkpt lat="-1.2331300" lon="36.8199900">
    <ele>1700.5</ele>
    <time>2026-01-31T05:07:59Z</time>
   </trkpt>
   <trkpt lat="-1.2331020" lon="36.8200120">
    <ele>1700.2</ele>
    <time>2026-01-31T05:08:00Z</time>
   </trkpt>
   <trkpt lat="-1.2330710" lon="36.8200310">
    <ele>1700.0</ele>
    <time>2026-01-31T05:08:01Z</time>
   </trkpt>
   <trkpt lat="-1.2330590" lon="36.8200380">
    <ele>1699.9</ele>
    <time>2026-01-31T05:08:02Z</time>
   </trkpt>
   <trkpt lat="-1.2330340" lon="36.8200520">
    <ele>1699.7</ele>
    <time>2026-01-31T05:08:03Z</time>
   </trkpt>
   <trkpt lat="-1.2330090" lon="36.8200650">
    <ele>1699.5</ele>
    <time>2026-01-31T05:08:04Z</time>
   </trkpt>
   <trkpt lat="-1.2329730" lon="36.8200790">
    <ele>1699.2</ele>
    <time>2026-01-31T05:08:05Z</time>
   </trkpt>
   <trkpt lat="-1.2329590" lon="36.8200820">
    <ele>1699.1</ele>
    <time>2026-01-31T05:08:06Z</time>
   </trkpt>
   <trkpt lat="-1.2329280" lon="36.8200880">
    <ele>1698.9</ele>
    <time>2026-01-31T05:08:07Z</time>
   </trkpt>
   <trkpt lat="-1.2329020" lon="36.8200970">
    <ele>1698.7</ele>
    <time>2026-01-31T05:08:08Z</time>
   </trkpt>
   <trkpt lat="-1.2328700" lon="36.8201090">
    <ele>1698.5</ele>
    <time>2026-01-31T05:08:09Z</time>
   </trkpt>
   <trkpt lat="-1.2328420" lon="36.8201230">
    <ele>1698.3</ele>
    <time>2026-01-31T05:08:10Z</time>
   </trkpt>
   <trkpt lat="-1.2328150" lon="36.8201340">
    <ele>1698.1</ele>
    <time>2026-01-31T05:08:11Z</time>
   </trkpt>
   <trkpt lat="-1.2327900" lon="36.8201500">
    <ele>1697.9</ele>
    <time>2026-01-31T05:08:12Z</time>
   </trkpt>
   <trkpt lat="-1.2327590" lon="36.8201620">
    <ele>1697.7</ele>
    <time>2026-01-31T05:08:13Z</time>
   </trkpt>
   <trkpt lat="-1.2327460" lon="36.8201640">
    <ele>1697.6</ele>
    <time>2026-01-31T05:08:14Z</time>
   </trkpt>
   <trkpt lat="-1.2327130" lon="36.8201730">
    <ele>1697.4</ele>
    <time>2026-01-31T05:08:15Z</time>
   </trkpt>
   <trkpt lat="-1.2327030" lon="36.8201780">
    <ele>1697.3</ele>
    <time>2026-01-31T05:08:16Z</time>
   </trkpt>
   <trkpt lat="-1.2326750" lon="36.8201950">
    <ele>1697.1</ele>
    <time>2026-01-31T05:08:17Z</time>
   </trkpt>
   <trkpt lat="-1.2326650" lon="36.8202000">
    <ele>1697.1</ele>
    <time>2026-01-31T05:08:18Z</time>
   </trkpt>
   <trkpt lat="-1.2326350" lon="36.8202160">
    <ele>1696.9</ele>
    <time>2026-01-31T05:08:19Z</time>
   </trkpt>
   <trkpt lat="-1.2326240" lon="36.8202210">
    <ele>1696.8</ele>
    <time>2026-01-31T05:08:20Z</time>
   </trkpt>
   <trkpt lat="-1.2325900" lon="36.8202390">
    <ele>1696.6</ele>
    <time>2026-01-31T05:08:21Z</time>
   </trkpt>
   <trkpt lat="-1.2325790" lon="36.8202450">
    <ele>1696.5</ele>
    <time>2026-01-31T05:08:22Z</time>
   </trkpt>
   <trkpt lat="-1.2325480" lon="36.8202640">
    <ele>1696.3</ele>
    <time>2026-01-31T05:08:23Z</time>
   </trkpt>
   <trkpt lat="-1.2325200" lon="36.8202800">
    <ele>1696.1</ele>
    <time>2026-01-31T05:08:24Z</time>
   </trkpt>
   <trkpt lat="-1.2324880" lon="36.8202930">
    <ele>1695.9</ele>
    <time>2026-01-31T05:08:25Z</time>
   </trkpt>
   <trkpt lat="-1.2324530" lon="36.8203010">
    <ele>1695.6</ele>
    <time>2026-01-31T05:08:26Z</time>
   </trkpt>
   <trkpt lat="-1.2324180" lon="36.8203120">
    <ele>1695.4</ele>
    <time>2026-01-31T05:08:27Z</time>
   </trkpt>
   <trkpt lat="-1.2323890" lon="36.8203220">
    <ele>1695.3</ele>
    <time>2026-01-31T05:08:28Z</time>
   </trkpt>
   <trkpt lat="-1.2323540" lon="36.8203340">
    <ele>1695.1</ele>
    <time>2026-01-31T05:08:29Z</time>
   </trkpt>
   <trkpt lat="-1.2323160" lon="36.8203440">
    <ele>1694.9</ele>
    <time>2026-01-31T05:08:30Z</time>
   </trkpt>
   <trkpt lat="-1.2322870" lon="36.8203530">
    <ele>1694.8</ele>
    <time>2026-01-31T05:08:31Z</time>
   </trkpt>
   <trkpt lat="-1.2322500" lon="36.8203610">
    <ele>1694.6</ele>
    <time>2026-01-31T05:08:32Z</time>
   </trkpt>
   <trkpt lat="-1.2322380" lon="36.8203640">
    <ele>1694.5</ele>
    <time>2026-01-31T05:08:33Z</time>
   </trkpt>
   <trkpt lat="-1.2322030" lon="36.8203690">
    <ele>1694.4</ele>
    <time>2026-01-31T05:08:34Z</time>
   </trkpt>
   <trkpt lat="-1.2321910" lon="36.8203720">
    <ele>1694.3</ele>
    <time>2026-01-31T05:08:35Z</time>
   </trkpt>
   <trkpt lat="-1.2321630" lon="36.8203860">
    <ele>1694.2</ele>
    <time>2026-01-31T05:08:36Z</time>
   </trkpt>
   <trkpt lat="-1.2321540" lon="36.8203900">
    <ele>1694.1</ele>
    <time>2026-01-31T05:08:37Z</time>
   </trkpt>
   <trkpt lat="-1.2321190" lon="36.8203910">
    <ele>1694.0</ele>
    <time>2026-01-31T05:08:38Z</time>
   </trkpt>
   <trkpt lat="-1.2321080" lon="36.8203910">
    <ele>1693.9</ele>
    <time>2026-01-31T05:08:39Z</time>
   </trkpt>
   <trkpt lat="-1.2320710" lon="36.8203980">
    <ele>1693.7</ele>
    <time>2026-01-31T05:08:40Z</time>
   </trkpt>
   <trkpt lat="-1.2320570" lon="36.8204000">
    <ele>1693.7</ele>
    <time>2026-01-31T05:08:41Z</time>
   </trkpt>
   <trkpt lat="-1.2320190" lon="36.8204080">
    <ele>1693.5</ele>
    <time>2026-01-31T05:08:42Z</time>
   </trkpt>
   <trkpt lat="-1.2320060" lon="36.8204090">
    <ele>1693.4</ele>
    <time>2026-01-31T05:08:43Z</time>
   </trkpt>
   <trkpt lat="-1.2319720" lon="36.8204140">
    <ele>1693.3</ele>
    <time>2026-01-31T05:08:44Z</time>
   </trkpt>
   <trkpt lat="-1.2319320" lon="36.8204210">
    <ele>1693.1</ele>
    <time>2026-01-31T05:08:45Z</time>
   </trkpt>
   <trkpt lat="-1.2319190" lon="36.8204240">
    <ele>1693.0</ele>
    <time>2026-01-31T05:08:46Z</time>
   </trkpt>
   <trkpt lat="-1.2318920" lon="36.8204310">
    <ele>1692.9</ele>
    <time>2026-01-31T05:08:47Z</time>
   </trkpt>
   <trkpt lat="-1.2318580" lon="36.8204460">
    <ele>1692.7</ele>
    <time>2026-01-31T05:08:48Z</time>
   </trkpt>
   <trkpt lat="-1.2318470" lon="36.8204490">
    <ele>1692.7</ele>
    <time>2026-01-31T05:08:49Z</time>
   </trkpt>
   <trkpt lat="-1.2318130" lon="36.8204570">
    <ele>1692.5</ele>
    <time>2026-01-31T05:08:50Z</time>
   </trkpt>
   <trkpt lat="-1.2318010" lon="36.8204570">
    <ele>1692.5</ele>
    <time>2026-01-31T05:08:51Z</time>
   </trkpt>
   <trkpt lat="-1.2317650" lon="36.8204600">
    <ele>1692.3</ele>
    <time>2026-01-31T05:08:52Z</time>
   </trkpt>
   <trkpt lat="-1.2317510" lon="36.8204580">
    <ele>1692.2</ele>
    <time>2026-01-31T05:08:53Z</time>
   </trkpt>
   <trkpt lat="-1.2317140" lon="36.8204460">
    <ele>1692.0</ele>
    <time>2026-01-31T05:08:54Z</time>
   </trkpt>
   <trkpt lat="-1.2317010" lon="36.8204430">
    <ele>1692.0</ele>
    <time>2026-01-31T05:08:55Z</time>
   </trkpt>
   <trkpt lat="-1.2316670" lon="36.8204500">
    <ele>1691.8</ele>
    <time>2026-01-31T05:08:56Z</time>
   </trkpt>
   <trkpt lat="-1.2316580" lon="36.8204540">
    <ele>1691.8</ele>
    <time>2026-01-31T05:08:57Z</time>
   </trkpt>
   <trkpt lat="-1.2316330" lon="36.8204790">
    <ele>1691.6</ele>
    <time>2026-01-31T05:08:58Z</time>
   </trkpt>
   <trkpt lat="-1.2316250" lon="36.8204880">
    <ele>1691.4</ele>
    <time>2026-01-31T05:08:59Z</time>
   </trkpt>
   <trkpt lat="-1.2316080" lon="36.8205110">
    <ele>1690.5</ele>
    <time>2026-01-31T05:09:00Z</time>
   </trkpt>
   <trkpt lat="-1.2316010" lon="36.8205170">
    <ele>1690.2</ele>
    <time>2026-01-31T05:09:01Z</time>
   </trkpt>
   <trkpt lat="-1.2315860" lon="36.8205300">
    <ele>1690.0</ele>
    <time>2026-01-31T05:09:02Z</time>
   </trkpt>
   <trkpt lat="-1.2315730" lon="36.8205400">
    <ele>1689.1</ele>
    <time>2026-01-31T05:09:03Z</time>
   </trkpt>
   <trkpt lat="-1.2315610" lon="36.8205570">
    <ele>1688.5</ele>
    <time>2026-01-31T05:09:04Z</time>
   </trkpt>
   <trkpt lat="-1.2315490" lon="36.8205640">
    <ele>1688.3</ele>
    <time>2026-01-31T05:09:05Z</time>
   </trkpt>
   <trkpt lat="-1.2315330" lon="36.8205740">
    <ele>1688.0</ele>
    <time>2026-01-31T05:09:06Z</time>
   </trkpt>
   <trkpt lat="-1.2315190" lon="36.8205860">
    <ele>1687.1</ele>
    <time>2026-01-31T05:09:07Z</time>
   </trkpt>
   <trkpt lat="-1.2315000" lon="36.8206080">
    <ele>1686.4</ele>
    <time>2026-01-31T05:09:08Z</time>
   </trkpt>
   <trkpt lat="-1.2314970" lon="36.8206150">
    <ele>1686.1</ele>
    <time>2026-01-31T05:09:09Z</time>
   </trkpt>
   <trkpt lat="-1.2314870" lon="36.8206450">
    <ele>1684.7</ele>
    <time>2026-01-31T05:09:10Z</time>
   </trkpt>
   <trkpt lat="-1.2314820" lon="36.8206540">
    <ele>1684.5</ele>
    <time>2026-01-31T05:09:11Z</time>
   </trkpt>
   <trkpt lat="-1.2314530" lon="36.8206720">
    <ele>1684.2</ele>
    <time>2026-01-31T05:09:12Z</time>
   </trkpt>
   <trkpt lat="-1.2314430" lon="36.8206780">
    <ele>1683.5</ele>
    <time>2026-01-31T05:09:13Z</time>
   </trkpt>
   <trkpt lat="-1.2314110" lon="36.8206980">
    <ele>1682.7</ele>
    <time>2026-01-31T05:09:14Z</time>
   </trkpt>
   <trkpt lat="-1.2314020" lon="36.8207060">
    <ele>1682.0</ele>
    <time>2026-01-31T05:09:15Z</time>
   </trkpt>
   <trkpt lat="-1.2313850" lon="36.8207310">
    <ele>1681.1</ele>
    <time>2026-01-31T05:09:16Z</time>
   </trkpt>
   <trkpt lat="-1.2313700" lon="36.8207640">
    <ele>1680.9</ele>
    <time>2026-01-31T05:09:17Z</time>
   </trkpt>
   <trkpt lat="-1.2313580" lon="36.8208000">
    <ele>1679.6</ele>
    <time>2026-01-31T05:09:18Z</time>
   </trkpt>
   <trkpt lat="-1.2313580" lon="36.8208410">
    <ele>1679.8</ele>
    <time>2026-01-31T05:09:19Z</time>
   </trkpt>
   <trkpt lat="-1.2313650" lon="36.8208860">
    <ele>1680.0</ele>
    <time>2026-01-31T05:09:20Z</time>
   </trkpt>
   <trkpt lat="-1.2313690" lon="36.8209310">
    <ele>1680.2</ele>
    <time>2026-01-31T05:09:21Z</time>
   </trkpt>
   <trkpt lat="-1.2313720" lon="36.8209700">
    <ele>1680.4</ele>
    <time>2026-01-31T05:09:22Z</time>
   </trkpt>
   <trkpt lat="-1.2313730" lon="36.8210040">
    <ele>1680.6</ele>
    <time>2026-01-31T05:09:23Z</time>
   </trkpt>
   <trkpt lat="-1.2313750" lon="36.8210330">
    <ele>1680.8</ele>
    <time>2026-01-31T05:09:24Z</time>
   </trkpt>
   <trkpt lat="-1.2313780" lon="36.8210710">
    <ele>1681.0</ele>
    <time>2026-01-31T05:09:25Z</time>
   </trkpt>
   <trkpt lat="-1.2313810" lon="36.8211050">
    <ele>1681.2</ele>
    <time>2026-01-31T05:09:26Z</time>
   </trkpt>
   <trkpt lat="-1.2313830" lon="36.8211380">
    <ele>1681.5</ele>
    <time>2026-01-31T05:09:27Z</time>
   </trkpt>
   <trkpt lat="-1.2313860" lon="36.8211710">
    <ele>1681.7</ele>
    <time>2026-01-31T05:09:28Z</time>
   </trkpt>
   <trkpt lat="-1.2313890" lon="36.8212060">
    <ele>1681.9</ele>
    <time>2026-01-31T05:09:29Z</time>
   </trkpt>
   <trkpt lat="-1.2313960" lon="36.8212370">
    <ele>1682.1</ele>
    <time>2026-01-31T05:09:30Z</time>
   </trkpt>
   <trkpt lat="-1.2314050" lon="36.8212710">
    <ele>1682.3</ele>
    <time>2026-01-31T05:09:31Z</time>
   </trkpt>
   <trkpt lat="-1.2313930" lon="36.8212950">
    <ele>1682.5</ele>
    <time>2026-01-31T05:09:32Z</time>
   </trkpt>
   <trkpt lat="-1.2313880" lon="36.8213040">
    <ele>1682.6</ele>
    <time>2026-01-31T05:09:33Z</time>
   </trkpt>
   <trkpt lat="-1.2313740" lon="36.8213380">
    <ele>1682.8</ele>
    <time>2026-01-31T05:09:34Z</time>
   </trkpt>
   <trkpt lat="-1.2313710" lon="36.8213470">
    <ele>1682.9</ele>
    <time>2026-01-31T05:09:35Z</time>
   </trkpt>
   <trkpt lat="-1.2313670" lon="36.8213770">
    <ele>1683.1</ele>
    <time>2026-01-31T05:09:36Z</time>
   </trkpt>
   <trkpt lat="-1.2313650" lon="36.8213870">
    <ele>1683.1</ele>
    <time>2026-01-31T05:09:37Z</time>
   </trkpt>
   <trkpt lat="-1.2313680" lon="36.8214180">
    <ele>1683.3</ele>
    <time>2026-01-31T05:09:38Z</time>
   </trkpt>
   <trkpt lat="-1.2313710" lon="36.8214280">
    <ele>1683.3</ele>
    <time>2026-01-31T05:09:39Z</time>
   </trkpt>
   <trkpt lat="-1.2313830" lon="36.8214600">
    <ele>1683.5</ele>
    <time>2026-01-31T05:09:40Z</time>
   </trkpt>
   <trkpt lat="-1.2313860" lon="36.8214720">
    <ele>1683.6</ele>
    <time>2026-01-31T05:09:41Z</time>
   </trkpt>
   <trkpt lat="-1.2313990" lon="36.8215050">
    <ele>1683.8</ele>
    <time>2026-01-31T05:09:42Z</time>
   </trkpt>
   <trkpt lat="-1.2314020" lon="36.8215160">
    <ele>1683.8</ele>
    <time>2026-01-31T05:09:43Z</time>
   </trkpt>
   <trkpt lat="-1.2314090" lon="36.8215420">
    <ele>1684.0</ele>
    <time>2026-01-31T05:09:44Z</time>
   </trkpt>
   <trkpt lat="-1.2314180" lon="36.8215780">
    <ele>1684.2</ele>
    <time>2026-01-31T05:09:45Z</time>
   </trkpt>
   <trkpt lat="-1.2314210" lon="36.8215910">
    <ele>1684.2</ele>
    <time>2026-01-31T05:09:46Z</time>
   </trkpt>
   <trkpt lat="-1.2314320" lon="36.8216270">
    <ele>1684.5</ele>
    <time>2026-01-31T05:09:47Z</time>
   </trkpt>
   <trkpt lat="-1.2314380" lon="36.8216540">
    <ele>1684.6</ele>
    <time>2026-01-31T05:09:48Z</time>
   </trkpt>
   <trkpt lat="-1.2314410" lon="36.8216670">
    <ele>1684.7</ele>
    <time>2026-01-31T05:09:49Z</time>
   </trkpt>
   <trkpt lat="-1.2314500" lon="36.8216960">
    <ele>1684.9</ele>
    <time>2026-01-31T05:09:50Z</time>
   </trkpt>
   <trkpt lat="-1.2314590" lon="36.8217230">
    <ele>1685.0</ele>
    <time>2026-01-31T05:09:51Z</time>
   </trkpt>
   <trkpt lat="-1.2314680" lon="36.8217490">
    <ele>1685.2</ele>
    <time>2026-01-31T05:09:52Z</time>
   </trkpt>
   <trkpt lat="-1.2314770" lon="36.8217860">
    <ele>1685.3</ele>
    <time>2026-01-31T05:09:53Z</time>
   </trkpt>
   <trkpt lat="-1.2314800" lon="36.8217980">
    <ele>1685.3</ele>
    <time>2026-01-31T05:09:54Z</time>
   </trkpt>
   <trkpt lat="-1.2314940" lon="36.8218230">
    <ele>1685.3</ele>
    <time>2026-01-31T05:09:55Z</time>
   </trkpt>
   <trkpt lat="-1.2315120" lon="36.8218580">
    <ele>1685.2</ele>
    <time>2026-01-31T05:09:56Z</time>
   </trkpt>
   <trkpt lat="-1.2315170" lon="36.8218690">
    <ele>1685.2</ele>
    <time>2026-01-31T05:09:57Z</time>
   </trkpt>
   <trkpt lat="-1.2315190" lon="36.8219080">
    <ele>1685.2</ele>
    <time>2026-01-31T05:09:58Z</time>
   </trkpt>
   <trkpt lat="-1.2315170" lon="36.8219210">
    <ele>1685.2</ele>
    <time>2026-01-31T05:09:59Z</time>
   </trkpt>
   <trkpt lat="-1.2315210" lon="36.8219480">
    <ele>1685.2</ele>
    <time>2026-01-31T05:10:00Z</time>
   </trkpt>
   <trkpt lat="-1.2315220" lon="36.8219580">
    <ele>1685.2</ele>
    <time>2026-01-31T05:10:01Z</time>
   </trkpt>
   <trkpt lat="-1.2315330" lon="36.8219870">
    <ele>1685.2</ele>
    <time>2026-01-31T05:10:02Z</time>
   </trkpt>
   <trkpt lat="-1.2315370" lon="36.8219970">
    <ele>1685.2</ele>
    <time>2026-01-31T05:10:03Z</time>
   </trkpt>
   <trkpt lat="-1.2315500" lon="36.8220250">
    <ele>1685.2</ele>
    <time>2026-01-31T05:10:04Z</time>
   </trkpt>
   <trkpt lat="-1.2315540" lon="36.8220350">
    <ele>1685.2</ele>
    <time>2026-01-31T05:10:05Z</time>
   </trkpt>
   <trkpt lat="-1.2315680" lon="36.8220670">
    <ele>1685.3</ele>
    <time>2026-01-31T05:10:06Z</time>
   </trkpt>
   <trkpt lat="-1.2315720" lon="36.8220760">
    <ele>1685.3</ele>
    <time>2026-01-31T05:10:07Z</time>
   </trkpt>
   <trkpt lat="-1.2315870" lon="36.8221050">
    <ele>1685.3</ele>
    <time>2026-01-31T05:10:08Z</time>
   </trkpt>
   <trkpt lat="-1.2315910" lon="36.8221160">
    <ele>1685.3</ele>
    <time>2026-01-31T05:10:09Z</time>
   </trkpt>
   <trkpt lat="-1.2315990" lon="36.8221450">
    <ele>1685.4</ele>
    <time>2026-01-31T05:10:10Z</time>
   </trkpt>
   <trkpt lat="-1.2316020" lon="36.8221550">
    <ele>1685.4</ele>
    <time>2026-01-31T05:10:11Z</time>
   </trkpt>
   <trkpt lat="-1.2316130" lon="36.8221820">
    <ele>1685.4</ele>
    <time>2026-01-31T05:10:12Z</time>
   </trkpt>
   <trkpt lat="-1.2316170" lon="36.8221910">
    <ele>1685.4</ele>
    <time>2026-01-31T05:10:13Z</time>
   </trkpt>
   <trkpt lat="-1.2316330" lon="36.8222170">
    <ele>1685.5</ele>
    <time>2026-01-31T05:10:14Z</time>
   </trkpt>
   <trkpt lat="-1.2316380" lon="36.8222270">
    <ele>1685.5</ele>
    <time>2026-01-31T05:10:15Z</time>
   </trkpt>
   <trkpt lat="-1.2316500" lon="36.8222550">
    <ele>1685.5</ele>
    <time>2026-01-31T05:10:16Z</time>
   </trkpt>
   <trkpt lat="-1.2316540" lon="36.8222670">
    <ele>1685.5</ele>
    <time>2026-01-31T05:10:17Z</time>
   </trkpt>
   <trkpt lat="-1.2316590" lon="36.8222870">
    <ele>1685.5</ele>
    <time>2026-01-31T05:10:18Z</time>
   </trkpt>
   <trkpt lat="-1.2316690" lon="36.8223200">
    <ele>1685.5</ele>
    <time>2026-01-31T05:10:19Z</time>
   </trkpt>
   <trkpt lat="-1.2316730" lon="36.8223320">
    <ele>1685.5</ele>
    <time>2026-01-31T05:10:20Z</time>
   </trkpt>
   <trkpt lat="-1.2316850" lon="36.8223650">
    <ele>1685.4</ele>
    <time>2026-01-31T05:10:21Z</time>
   </trkpt>
   <trkpt lat="-1.2316890" lon="36.8223760">
    <ele>1685.4</ele>
    <time>2026-01-31T05:10:22Z</time>
   </trkpt>
   <trkpt lat="-1.2317050" lon="36.8224090">
    <ele>1685.3</ele>
    <time>2026-01-31T05:10:23Z</time>
   </trkpt>
   <trkpt lat="-1.2317100" lon="36.8224210">
    <ele>1685.3</ele>
    <time>2026-01-31T05:10:24Z</time>
   </trkpt>
   <trkpt lat="-1.2317200" lon="36.8224460">
    <ele>1685.2</ele>
    <time>2026-01-31T05:10:25Z</time>
   </trkpt>
   <trkpt lat="-1.2317370" lon="36.8224760">
    <ele>1685.1</ele>
    <time>2026-01-31T05:10:26Z</time>
   </trkpt>
   <trkpt lat="-1.2317430" lon="36.8224870">
    <ele>1685.0</ele>
    <time>2026-01-31T05:10:27Z</time>
   </trkpt>
   <trkpt lat="-1.2317600" lon="36.8225210">
    <ele>1684.8</ele>
    <time>2026-01-31T05:10:28Z</time>
   </trkpt>
   <trkpt lat="-1.2317680" lon="36.8225340">
    <ele>1684.8</ele>
    <time>2026-01-31T05:10:29Z</time>
   </trkpt>
   <trkpt lat="-1.2317890" lon="36.8225690">
    <ele>1684.6</ele>
    <time>2026-01-31T05:10:30Z</time>
   </trkpt>
   <trkpt lat="-1.2317980" lon="36.8225820">
    <ele>1684.5</ele>
    <time>2026-01-31T05:10:31Z</time>
   </trkpt>
   <trkpt lat="-1.2318220" lon="36.8226090">
    <ele>1684.4</ele>
    <time>2026-01-31T05:10:32Z</time>
   </trkpt>
   <trkpt lat="-1.2318410" lon="36.8226330">
    <ele>1684.2</ele>
    <time>2026-01-31T05:10:33Z</time>
   </trkpt>
   <trkpt lat="-1.2318590" lon="36.8226560">
    <ele>1684.1</ele>
    <time>2026-01-31T05:10:34Z</time>
   </trkpt>
   <trkpt lat="-1.2318780" lon="36.8226780">
    <ele>1684.0</ele>
    <time>2026-01-31T05:10:35Z</time>
   </trkpt>
   <trkpt lat="-1.2318970" lon="36.8227000">
    <ele>1683.9</ele>
    <time>2026-01-31T05:10:36Z</time>
   </trkpt>
   <trkpt lat="-1.2319240" lon="36.8227310">
    <ele>1683.8</ele>
    <time>2026-01-31T05:10:37Z</time>
   </trkpt>
   <trkpt lat="-1.2319350" lon="36.8227440">
    <ele>1683.8</ele>
    <time>2026-01-31T05:10:38Z</time>
   </trkpt>
   <trkpt lat="-1.2319600" lon="36.8227750">
    <ele>1683.7</ele>
    <time>2026-01-31T05:10:39Z</time>
   </trkpt>
   <trkpt lat="-1.2319690" lon="36.8227860">
    <ele>1683.7</ele>
    <time>2026-01-31T05:10:40Z</time>
   </trkpt>
   <trkpt lat="-1.2319890" lon="36.8228110">
    <ele>1683.6</ele>
    <time>2026-01-31T05:10:41Z</time>
   </trkpt>
   <trkpt lat="-1.2320140" lon="36.8228430">
    <ele>1683.5</ele>
    <time>2026-01-31T05:10:42Z</time>
   </trkpt>
   <trkpt lat="-1.2320220" lon="36.8228550">
    <ele>1683.5</ele>
    <time>2026-01-31T05:10:43Z</time>
   </trkpt>
   <trkpt lat="-1.2320420" lon="36.8228890">
    <ele>1683.4</ele>
    <time>2026-01-31T05:10:44Z</time>
   </trkpt>
   <trkpt lat="-1.2320490" lon="36.8229000">
    <ele>1683.4</ele>
    <time>2026-01-31T05:10:45Z</time>
   </trkpt>
   <trkpt lat="-1.2320640" lon="36.8229240">
    <ele>1683.3</ele>
    <time>2026-01-31T05:10:46Z</time>
   </trkpt>
   <trkpt lat="-1.2320800" lon="36.8229460">
    <ele>1683.2</ele>
    <time>2026-01-31T05:10:47Z</time>
   </trkpt>
   <trkpt lat="-1.2321030" lon="36.8229760">
    <ele>1683.2</ele>
    <time>2026-01-31T05:10:48Z</time>
   </trkpt>
   <trkpt lat="-1.2321100" lon="36.8229850">
    <ele>1683.1</ele>
    <time>2026-01-31T05:10:49Z</time>
   </trkpt>
   <trkpt lat="-1.2321320" lon="36.8230050">
    <ele>1683.1</ele>
    <time>2026-01-31T05:10:50Z</time>
   </trkpt>
   <trkpt lat="-1.2321580" lon="36.8230260">
    <ele>1683.0</ele>
    <time>2026-01-31T05:10:51Z</time>
   </trkpt>
   <trkpt lat="-1.2321900" lon="36.8230490">
    <ele>1682.9</ele>
    <time>2026-01-31T05:10:52Z</time>
   </trkpt>
   <trkpt lat="-1.2322180" lon="36.8230690">
    <ele>1682.9</ele>
    <time>2026-01-31T05:10:53Z</time>
   </trkpt>
   <trkpt lat="-1.2322450" lon="36.8230880">
    <ele>1682.8</ele>
    <time>2026-01-31T05:10:54Z</time>
   </trkpt>
   <trkpt lat="-1.2322680" lon="36.8231080">
    <ele>1682.8</ele>
    <time>2026-01-31T05:10:55Z</time>
   </trkpt>
   <trkpt lat="-1.2322910" lon="36.8231300">
    <ele>1682.7</ele>
    <time>2026-01-31T05:10:56Z</time>
   </trkpt>
   <trkpt lat="-1.2323220" lon="36.8231560">
    <ele>1682.7</ele>
    <time>2026-01-31T05:10:57Z</time>
   </trkpt>
   <trkpt lat="-1.2323320" lon="36.8231660">
    <ele>1682.6</ele>
    <time>2026-01-31T05:10:58Z</time>
   </trkpt>
   <trkpt lat="-1.2323560" lon="36.8231870">
    <ele>1682.6</ele>
    <time>2026-01-31T05:10:59Z</time>
   </trkpt>
   <trkpt lat="-1.2323820" lon="36.8232070">
    <ele>1682.5</ele>
    <time>2026-01-31T05:11:00Z</time>
   </trkpt>
   <trkpt lat="-1.2324060" lon="36.8232240">
    <ele>1682.5</ele>
    <time>2026-01-31T05:11:01Z</time>
   </trkpt>
   <trkpt lat="-1.2324300" lon="36.8232390">
    <ele>1682.4</ele>
    <time>2026-01-31T05:11:02Z</time>
   </trkpt>
   <trkpt lat="-1.2324550" lon="36.8232530">
    <ele>1682.4</ele>
    <time>2026-01-31T05:11:03Z</time>
   </trkpt>
   <trkpt lat="-1.2324790" lon="36.8232680">
    <ele>1682.3</ele>
    <time>2026-01-31T05:11:04Z</time>
   </trkpt>
   <trkpt lat="-1.2325140" lon="36.8232890">
    <ele>1682.2</ele>
    <time>2026-01-31T05:11:05Z</time>
   </trkpt>
   <trkpt lat="-1.2325270" lon="36.8232970">
    <ele>1682.2</ele>
    <time>2026-01-31T05:11:06Z</time>
   </trkpt>
   <trkpt lat="-1.2325550" lon="36.8233150">
    <ele>1682.1</ele>
    <time>2026-01-31T05:11:07Z</time>
   </trkpt>
   <trkpt lat="-1.2325800" lon="36.8233340">
    <ele>1682.0</ele>
    <time>2026-01-31T05:11:08Z</time>
   </trkpt>
   <trkpt lat="-1.2326030" lon="36.8233520">
    <ele>1681.9</ele>
    <time>2026-01-31T05:11:09Z</time>
   </trkpt>
   <trkpt lat="-1.2326260" lon="36.8233700">
    <ele>1681.8</ele>
    <time>2026-01-31T05:11:10Z</time>
   </trkpt>
   <trkpt lat="-1.2326490" lon="36.8233860">
    <ele>1681.8</ele>
    <time>2026-01-31T05:11:11Z</time>
   </trkpt>
   <trkpt lat="-1.2326810" lon="36.8234130">
    <ele>1681.6</ele>
    <time>2026-01-31T05:11:12Z</time>
   </trkpt>
   <trkpt lat="-1.2326930" lon="36.8234240">
    <ele>1681.6</ele>
    <time>2026-01-31T05:11:13Z</time>
   </trkpt>
   <trkpt lat="-1.2327190" lon="36.8234450">
    <ele>1681.5</ele>
    <time>2026-01-31T05:11:14Z</time>
   </trkpt>
   <trkpt lat="-1.2327280" lon="36.8234540">
    <ele>1681.5</ele>
    <time>2026-01-31T05:11:15Z</time>
   </trkpt>
   <trkpt lat="-1.2327490" lon="36.8234750">
    <ele>1681.4</ele>
    <time>2026-01-31T05:11:16Z</time>
   </trkpt>
   <trkpt lat="-1.2327700" lon="36.8234980">
    <ele>1681.3</ele>
    <time>2026-01-31T05:11:17Z</time>
   </trkpt>
   <trkpt lat="-1.2327920" lon="36.8235150">
    <ele>1681.2</ele>
    <time>2026-01-31T05:11:18Z</time>
   </trkpt>
   <trkpt lat="-1.2328150" lon="36.8235300">
    <ele>1681.1</ele>
    <time>2026-01-31T05:11:19Z</time>
   </trkpt>
   <trkpt lat="-1.2328480" lon="36.8235520">
    <ele>1681.0</ele>
    <time>2026-01-31T05:11:20Z</time>
   </trkpt>
   <trkpt lat="-1.2328580" lon="36.8235590">
    <ele>1681.0</ele>
    <time>2026-01-31T05:11:21Z</time>
   </trkpt>
   <trkpt lat="-1.2328810" lon="36.8235750">
    <ele>1681.0</ele>
    <time>2026-01-31T05:11:22Z</time>
   </trkpt>
   <trkpt lat="-1.2329130" lon="36.8235990">
    <ele>1680.9</ele>
    <time>2026-01-31T05:11:23Z</time>
   </trkpt>
   <trkpt lat="-1.2329230" lon="36.8236080">
    <ele>1680.8</ele>
    <time>2026-01-31T05:11:24Z</time>
   </trkpt>
   <trkpt lat="-1.2329460" lon="36.8236240">
    <ele>1680.8</ele>
    <time>2026-01-31T05:11:25Z</time>
   </trkpt>
   <trkpt lat="-1.2329730" lon="36.8236380">
    <ele>1680.7</ele>
    <time>2026-01-31T05:11:26Z</time>
   </trkpt>
   <trkpt lat="-1.2330020" lon="36.8236520">
    <ele>1680.6</ele>
    <time>2026-01-31T05:11:27Z</time>
   </trkpt>
   <trkpt lat="-1.2330360" lon="36.8236680">
    <ele>1680.5</ele>
    <time>2026-01-31T05:11:28Z</time>
   </trkpt>
   <trkpt lat="-1.2330610" lon="36.8236800">
    <ele>1680.5</ele>
    <time>2026-01-31T05:11:29Z</time>
   </trkpt>
   <trkpt lat="-1.2330900" lon="36.8236960">
    <ele>1680.4</ele>
    <time>2026-01-31T05:11:30Z</time>
   </trkpt>
   <trkpt lat="-1.2331180" lon="36.8237140">
    <ele>1680.3</ele>
    <time>2026-01-31T05:11:31Z</time>
   </trkpt>
   <trkpt lat="-1.2331460" lon="36.8237320">
    <ele>1680.1</ele>
    <time>2026-01-31T05:11:32Z</time>
   </trkpt>
   <trkpt lat="-1.2331700" lon="36.8237500">
    <ele>1680.0</ele>
    <time>2026-01-31T05:11:33Z</time>
   </trkpt>
   <trkpt lat="-1.2332020" lon="36.8237660">
    <ele>1679.9</ele>
    <time>2026-01-31T05:11:34Z</time>
   </trkpt>
   <trkpt lat="-1.2332300" lon="36.8237800">
    <ele>1679.7</ele>
    <time>2026-01-31T05:11:35Z</time>
   </trkpt>
   <trkpt lat="-1.2332550" lon="36.8237960">
    <ele>1679.6</ele>
    <time>2026-01-31T05:11:36Z</time>
   </trkpt>
   <trkpt lat="-1.2332780" lon="36.8238150">
    <ele>1679.4</ele>
    <time>2026-01-31T05:11:37Z</time>
   </trkpt>
   <trkpt lat="-1.2333120" lon="36.8238410">
    <ele>1679.2</ele>
    <time>2026-01-31T05:11:38Z</time>
   </trkpt>
   <trkpt lat="-1.2333250" lon="36.8238520">
    <ele>1679.2</ele>
    <time>2026-01-31T05:11:39Z</time>
   </trkpt>
   <trkpt lat="-1.2333480" lon="36.8238800">
    <ele>1679.0</ele>
    <time>2026-01-31T05:11:40Z</time>
   </trkpt>
   <trkpt lat="-1.2333700" lon="36.8239050">
    <ele>1678.8</ele>
    <time>2026-01-31T05:11:41Z</time>
   </trkpt>
   <trkpt lat="-1.2333920" lon="36.8239260">
    <ele>1678.7</ele>
    <time>2026-01-31T05:11:42Z</time>
   </trkpt>
   <trkpt lat="-1.2334160" lon="36.8239460">
    <ele>1678.6</ele>
    <time>2026-01-31T05:11:43Z</time>
   </trkpt>
   <trkpt lat="-1.2334450" lon="36.8239770">
    <ele>1678.4</ele>
    <time>2026-01-31T05:11:44Z</time>
   </trkpt>
   <trkpt lat="-1.2334550" lon="36.8239900">
    <ele>1678.3</ele>
    <time>2026-01-31T05:11:45Z</time>
   </trkpt>
   <trkpt lat="-1.2334720" lon="36.8240150">
    <ele>1678.2</ele>
    <time>2026-01-31T05:11:46Z</time>
   </trkpt>
   <trkpt lat="-1.2334890" lon="36.8240410">
    <ele>1678.0</ele>
    <time>2026-01-31T05:11:47Z</time>
   </trkpt>
   <trkpt lat="-1.2335050" lon="36.8240660">
    <ele>1677.9</ele>
    <time>2026-01-31T05:11:48Z</time>
   </trkpt>
   <trkpt lat="-1.2335270" lon="36.8241010">
    <ele>1677.7</ele>
    <time>2026-01-31T05:11:49Z</time>
   </trkpt>
   <trkpt lat="-1.2335340" lon="36.8241140">
    <ele>1677.7</ele>
    <time>2026-01-31T05:11:50Z</time>
   </trkpt>
   <trkpt lat="-1.2335530" lon="36.8241640">
    <ele>1677.5</ele>
    <time>2026-01-31T05:11:51Z</time>
   </trkpt>
   <trkpt lat="-1.2335720" lon="36.8242040">
    <ele>1677.3</ele>
    <time>2026-01-31T05:11:52Z</time>
   </trkpt>
   <trkpt lat="-1.2335920" lon="36.8242380">
    <ele>1677.1</ele>
    <time>2026-01-31T05:11:53Z</time>
   </trkpt>
   <trkpt lat="-1.2336130" lon="36.8242720">
    <ele>1677.0</ele>
    <time>2026-01-31T05:11:54Z</time>
   </trkpt>
   <trkpt lat="-1.2336420" lon="36.8243130">
    <ele>1676.8</ele>
    <time>2026-01-31T05:11:55Z</time>
   </trkpt>
   <trkpt lat="-1.2336670" lon="36.8243480">
    <ele>1676.6</ele>
    <time>2026-01-31T05:11:56Z</time>
   </trkpt>
   <trkpt lat="-1.2336950" lon="36.8243800">
    <ele>1676.5</ele>
    <time>2026-01-31T05:11:57Z</time>
   </trkpt>
   <trkpt lat="-1.2337200" lon="36.8244090">
    <ele>1676.4</ele>
    <time>2026-01-31T05:11:58Z</time>
   </trkpt>
   <trkpt lat="-1.2337440" lon="36.8244380">
    <ele>1676.4</ele>
    <time>2026-01-31T05:11:59Z</time>
   </trkpt>
   <trkpt lat="-1.2337680" lon="36.8244660">
    <ele>1676.3</ele>
    <time>2026-01-31T05:12:00Z</time>
   </trkpt>
   <trkpt lat="-1.2337910" lon="36.8244920">
    <ele>1676.3</ele>
    <time>2026-01-31T05:12:01Z</time>
   </trkpt>
   <trkpt lat="-1.2338130" lon="36.8245180">
    <ele>1676.2</ele>
    <time>2026-01-31T05:12:02Z</time>
   </trkpt>
   <trkpt lat="-1.2338340" lon="36.8245470">
    <ele>1676.2</ele>
    <time>2026-01-31T05:12:03Z</time>
   </trkpt>
   <trkpt lat="-1.2338610" lon="36.8245790">
    <ele>1676.1</ele>
    <time>2026-01-31T05:12:04Z</time>
   </trkpt>
   <trkpt lat="-1.2338710" lon="36.8245910">
    <ele>1676.1</ele>
    <time>2026-01-31T05:12:05Z</time>
   </trkpt>
   <trkpt lat="-1.2338910" lon="36.8246150">
    <ele>1676.1</ele>
    <time>2026-01-31T05:12:06Z</time>
   </trkpt>
   <trkpt lat="-1.2339040" lon="36.8246270">
    <ele>1676.1</ele>
    <time>2026-01-31T05:12:07Z</time>
   </trkpt>
   <trkpt lat="-1.2339190" lon="36.8246360">
    <ele>1676.1</ele>
    <time>2026-01-31T05:12:08Z</time>
   </trkpt>
   <trkpt lat="-1.2339330" lon="36.8246450">
    <ele>1676.1</ele>
    <time>2026-01-31T05:12:09Z</time>
   </trkpt>
   <trkpt lat="-1.2339500" lon="36.8246550">
    <ele>1676.1</ele>
    <time>2026-01-31T05:12:10Z</time>
   </trkpt>
   <trkpt lat="-1.2339750" lon="36.8246720">
    <ele>1676.1</ele>
    <time>2026-01-31T05:12:11Z</time>
   </trkpt>
   <trkpt lat="-1.2339830" lon="36.8246790">
    <ele>1676.1</ele>
    <time>2026-01-31T05:12:12Z</time>
   </trkpt>
   <trkpt lat="-1.2340040" lon="36.8246950">
    <ele>1676.2</ele>
    <time>2026-01-31T05:12:13Z</time>
   </trkpt>
   <trkpt lat="-1.2340110" lon="36.8247020">
    <ele>1676.2</ele>
    <time>2026-01-31T05:12:14Z</time>
   </trkpt>
   <trkpt lat="-1.2340350" lon="36.8247210">
    <ele>1676.2</ele>
    <time>2026-01-31T05:12:15Z</time>
   </trkpt>
   <trkpt lat="-1.2340420" lon="36.8247270">
    <ele>1676.2</ele>
    <time>2026-01-31T05:12:16Z</time>
   </trkpt>
   <trkpt lat="-1.2340640" lon="36.8247490">
    <ele>1676.2</ele>
    <time>2026-01-31T05:12:17Z</time>
   </trkpt>
   <trkpt lat="-1.2340710" lon="36.8247570">
    <ele>1676.3</ele>
    <time>2026-01-31T05:12:18Z</time>
   </trkpt>
   <trkpt lat="-1.2340960" lon="36.8247780">
    <ele>1676.3</ele>
    <time>2026-01-31T05:12:19Z</time>
   </trkpt>
   <trkpt lat="-1.2341040" lon="36.8247860">
    <ele>1676.3</ele>
    <time>2026-01-31T05:12:20Z</time>
   </trkpt>
   <trkpt lat="-1.2341260" lon="36.8248100">
    <ele>1676.3</ele>
    <time>2026-01-31T05:12:21Z</time>
   </trkpt>
   <trkpt lat="-1.2341330" lon="36.8248180">
    <ele>1676.3</ele>
    <time>2026-01-31T05:12:22Z</time>
   </trkpt>
   <trkpt lat="-1.2341580" lon="36.8248410">
    <ele>1676.4</ele>
    <time>2026-01-31T05:12:23Z</time>
   </trkpt>
   <trkpt lat="-1.2341670" lon="36.8248500">
    <ele>1676.4</ele>
    <time>2026-01-31T05:12:24Z</time>
   </trkpt>
   <trkpt lat="-1.2341870" lon="36.8248820">
    <ele>1676.4</ele>
    <time>2026-01-31T05:12:25Z</time>
   </trkpt>
   <trkpt lat="-1.2341920" lon="36.8248940">
    <ele>1676.4</ele>
    <time>2026-01-31T05:12:26Z</time>
   </trkpt>
   <trkpt lat="-1.2342030" lon="36.8249190">
    <ele>1676.5</ele>
    <time>2026-01-31T05:12:27Z</time>
   </trkpt>
   <trkpt lat="-1.2342160" lon="36.8249510">
    <ele>1676.5</ele>
    <time>2026-01-31T05:12:28Z</time>
   </trkpt>
   <trkpt lat="-1.2342190" lon="36.8249640">
    <ele>1676.4</ele>
    <time>2026-01-31T05:12:29Z</time>
   </trkpt>
   <trkpt lat="-1.2342330" lon="36.8249950">
    <ele>1676.2</ele>
    <time>2026-01-31T05:12:30Z</time>
   </trkpt>
   <trkpt lat="-1.2342380" lon="36.8250060">
    <ele>1676.1</ele>
    <time>2026-01-31T05:12:31Z</time>
   </trkpt>
   <trkpt lat="-1.2342520" lon="36.8250370">
    <ele>1675.9</ele>
    <time>2026-01-31T05:12:32Z</time>
   </trkpt>
   <trkpt lat="-1.2342560" lon="36.8250480">
    <ele>1675.9</ele>
    <time>2026-01-31T05:12:33Z</time>
   </trkpt>
   <trkpt lat="-1.2342630" lon="36.8250810">
    <ele>1675.7</ele>
    <time>2026-01-31T05:12:34Z</time>
   </trkpt>
   <trkpt lat="-1.2342660" lon="36.8250920">
    <ele>1675.6</ele>
    <time>2026-01-31T05:12:35Z</time>
   </trkpt>
   <trkpt lat="-1.2342760" lon="36.8251250">
    <ele>1675.4</ele>
    <time>2026-01-31T05:12:36Z</time>
   </trkpt>
   <trkpt lat="-1.2342780" lon="36.8251370">
    <ele>1675.3</ele>
    <time>2026-01-31T05:12:37Z</time>
   </trkpt>
   <trkpt lat="-1.2342860" lon="36.8251670">
    <ele>1675.1</ele>
    <time>2026-01-31T05:12:38Z</time>
   </trkpt>
   <trkpt lat="-1.2343020" lon="36.8251960">
    <ele>1674.9</ele>
    <time>2026-01-31T05:12:39Z</time>
   </trkpt>
   <trkpt lat="-1.2343100" lon="36.8252100">
    <ele>1674.8</ele>
    <time>2026-01-31T05:12:40Z</time>
   </trkpt>
   <trkpt lat="-1.2343230" lon="36.8252360">
    <ele>1674.7</ele>
    <time>2026-01-31T05:12:41Z</time>
   </trkpt>
   <trkpt lat="-1.2343430" lon="36.8252710">
    <ele>1674.4</ele>
    <time>2026-01-31T05:12:42Z</time>
   </trkpt>
   <trkpt lat="-1.2343550" lon="36.8253010">
    <ele>1674.3</ele>
    <time>2026-01-31T05:12:43Z</time>
   </trkpt>
   <trkpt lat="-1.2343650" lon="36.8253270">
    <ele>1674.1</ele>
    <time>2026-01-31T05:12:44Z</time>
   </trkpt>
   <trkpt lat="-1.2343810" lon="36.8253620">
    <ele>1673.9</ele>
    <time>2026-01-31T05:12:45Z</time>
   </trkpt>
   <trkpt lat="-1.2343860" lon="36.8253730">
    <ele>1673.8</ele>
    <time>2026-01-31T05:12:46Z</time>
   </trkpt>
   <trkpt lat="-1.2344030" lon="36.8254090">
    <ele>1673.6</ele>
    <time>2026-01-31T05:12:47Z</time>
   </trkpt>
   <trkpt lat="-1.2344080" lon="36.8254210">
    <ele>1673.5</ele>
    <time>2026-01-31T05:12:48Z</time>
   </trkpt>
   <trkpt lat="-1.2344170" lon="36.8254350">
    <ele>1673.4</ele>
    <time>2026-01-31T05:12:49Z</time>
   </trkpt>
   <trkpt lat="-1.2344280" lon="36.8254520">
    <ele>1673.3</ele>
    <time>2026-01-31T05:12:50Z</time>
   </trkpt>
   <trkpt lat="-1.2344450" lon="36.8254780">
    <ele>1673.2</ele>
    <time>2026-01-31T05:12:51Z</time>
   </trkpt>
   <trkpt lat="-1.2344500" lon="36.8254870">
    <ele>1673.2</ele>
    <time>2026-01-31T05:12:52Z</time>
   </trkpt>
   <trkpt lat="-1.2344680" lon="36.8255170">
    <ele>1673.1</ele>
    <time>2026-01-31T05:12:53Z</time>
   </trkpt>
   <trkpt lat="-1.2344740" lon="36.8255280">
    <ele>1673.0</ele>
    <time>2026-01-31T05:12:54Z</time>
   </trkpt>
   <trkpt lat="-1.2344920" lon="36.8255540">
    <ele>1672.9</ele>
    <time>2026-01-31T05:12:55Z</time>
   </trkpt>
   <trkpt lat="-1.2344980" lon="36.8255640">
    <ele>1672.9</ele>
    <time>2026-01-31T05:12:56Z</time>
   </trkpt>
   <trkpt lat="-1.2345110" lon="36.8255890">
    <ele>1672.8</ele>
    <time>2026-01-31T05:12:57Z</time>
   </trkpt>
   <trkpt lat="-1.2345240" lon="36.8256160">
    <ele>1672.8</ele>
    <time>2026-01-31T05:12:58Z</time>
   </trkpt>
   <trkpt lat="-1.2345280" lon="36.8256270">
    <ele>1672.8</ele>
    <time>2026-01-31T05:12:59Z</time>
   </trkpt>
   <trkpt lat="-1.2345380" lon="36.8256620">
    <ele>1672.7</ele>
    <time>2026-01-31T05:13:00Z</time>
   </trkpt>
   <trkpt lat="-1.2345420" lon="36.8256740">
    <ele>1672.7</ele>
    <time>2026-01-31T05:13:01Z</time>
   </trkpt>
   <trkpt lat="-1.2345530" lon="36.8257090">
    <ele>1672.6</ele>
    <time>2026-01-31T05:13:02Z</time>
   </trkpt>
   <trkpt lat="-1.2345570" lon="36.8257210">
    <ele>1672.6</ele>
    <time>2026-01-31T05:13:03Z</time>
   </trkpt>
   <trkpt lat="-1.2345680" lon="36.8257570">
    <ele>1672.6</ele>
    <time>2026-01-31T05:13:04Z</time>
   </trkpt>
   <trkpt lat="-1.2345720" lon="36.8257690">
    <ele>1672.5</ele>
    <time>2026-01-31T05:13:05Z</time>
   </trkpt>
   <trkpt lat="-1.2345860" lon="36.8258030">
    <ele>1672.5</ele>
    <time>2026-01-31T05:13:06Z</time>
   </trkpt>
   <trkpt lat="-1.2345900" lon="36.8258150">
    <ele>1672.5</ele>
    <time>2026-01-31T05:13:07Z</time>
   </trkpt>
   <trkpt lat="-1.2346040" lon="36.8258480">
    <ele>1672.5</ele>
    <time>2026-01-31T05:13:08Z</time>
   </trkpt>
   <trkpt lat="-1.2346090" lon="36.8258610">
    <ele>1672.5</ele>
    <time>2026-01-31T05:13:09Z</time>
   </trkpt>
   <trkpt lat="-1.2346200" lon="36.8258890">
    <ele>1672.5</ele>
    <time>2026-01-31T05:13:10Z</time>
   </trkpt>
   <trkpt lat="-1.2346270" lon="36.8259160">
    <ele>1672.5</ele>
    <time>2026-01-31T05:13:11Z</time>
   </trkpt>
   <trkpt lat="-1.2346370" lon="36.8259510">
    <ele>1672.6</ele>
    <time>2026-01-31T05:13:12Z</time>
   </trkpt>
   <trkpt lat="-1.2346420" lon="36.8259640">
    <ele>1672.6</ele>
    <time>2026-01-31T05:13:13Z</time>
   </trkpt>
   <trkpt lat="-1.2346550" lon="36.8259890">
    <ele>1672.6</ele>
    <time>2026-01-31T05:13:14Z</time>
   </trkpt>
   <trkpt lat="-1.2346700" lon="36.8260250">
    <ele>1672.6</ele>
    <time>2026-01-31T05:13:15Z</time>
   </trkpt>
   <trkpt lat="-1.2346740" lon="36.8260380">
    <ele>1672.6</ele>
    <time>2026-01-31T05:13:16Z</time>
   </trkpt>
   <trkpt lat="-1.2346870" lon="36.8260760">
    <ele>1672.6</ele>
    <time>2026-01-31T05:13:17Z</time>
   </trkpt>
   <trkpt lat="-1.2346910" lon="36.8260890">
    <ele>1672.6</ele>
    <time>2026-01-31T05:13:18Z</time>
   </trkpt>
   <trkpt lat="-1.2347000" lon="36.8261250">
    <ele>1672.6</ele>
    <time>2026-01-31T05:13:19Z</time>
   </trkpt>
   <trkpt lat="-1.2347030" lon="36.8261390">
    <ele>1672.6</ele>
    <time>2026-01-31T05:13:20Z</time>
   </trkpt>
   <trkpt lat="-1.2347100" lon="36.8261660">
    <ele>1672.6</ele>
    <time>2026-01-31T05:13:21Z</time>
   </trkpt>
   <trkpt lat="-1.2347170" lon="36.8261920">
    <ele>1672.5</ele>
    <time>2026-01-31T05:13:22Z</time>
   </trkpt>
   <trkpt lat="-1.2347250" lon="36.8262190">
    <ele>1672.4</ele>
    <time>2026-01-31T05:13:23Z</time>
   </trkpt>
   <trkpt lat="-1.2347370" lon="36.8262550">
    <ele>1672.3</ele>
    <time>2026-01-31T05:13:24Z</time>
   </trkpt>
   <trkpt lat="-1.2347410" lon="36.8262680">
    <ele>1672.3</ele>
    <time>2026-01-31T05:13:25Z</time>
   </trkpt>
   <trkpt lat="-1.2347520" lon="36.8263040">
    <ele>1672.2</ele>
    <time>2026-01-31T05:13:26Z</time>
   </trkpt>
   <trkpt lat="-1.2347550" lon="36.8263180">
    <ele>1672.1</ele>
    <time>2026-01-31T05:13:27Z</time>
   </trkpt>
   <trkpt lat="-1.2347650" lon="36.8263540">
    <ele>1672.1</ele>
    <time>2026-01-31T05:13:28Z</time>
   </trkpt>
   <trkpt lat="-1.2347670" lon="36.8263660">
    <ele>1672.0</ele>
    <time>2026-01-31T05:13:29Z</time>
   </trkpt>
   <trkpt lat="-1.2347740" lon="36.8264010">
    <ele>1671.9</ele>
    <time>2026-01-31T05:13:30Z</time>
   </trkpt>
   <trkpt lat="-1.2347760" lon="36.8264120">
    <ele>1671.9</ele>
    <time>2026-01-31T05:13:31Z</time>
   </trkpt>
   <trkpt lat="-1.2347830" lon="36.8264450">
    <ele>1671.8</ele>
    <time>2026-01-31T05:13:32Z</time>
   </trkpt>
   <trkpt lat="-1.2347850" lon="36.8264570">
    <ele>1671.8</ele>
    <time>2026-01-31T05:13:33Z</time>
   </trkpt>
   <trkpt lat="-1.2347940" lon="36.8264910">
    <ele>1671.7</ele>
    <time>2026-01-31T05:13:34Z</time>
   </trkpt>
   <trkpt lat="-1.2347970" lon="36.8265010">
    <ele>1671.6</ele>
    <time>2026-01-31T05:13:35Z</time>
   </trkpt>
   <trkpt lat="-1.2348080" lon="36.8265270">
    <ele>1671.5</ele>
    <time>2026-01-31T05:13:36Z</time>
   </trkpt>
   <trkpt lat="-1.2348250" lon="36.8265620">
    <ele>1671.3</ele>
    <time>2026-01-31T05:13:37Z</time>
   </trkpt>
   <trkpt lat="-1.2348310" lon="36.8265740">
    <ele>1671.3</ele>
    <time>2026-01-31T05:13:38Z</time>
   </trkpt>
   <trkpt lat="-1.2348540" lon="36.8266060">
    <ele>1671.1</ele>
    <time>2026-01-31T05:13:39Z</time>
   </trkpt>
   <trkpt lat="-1.2348620" lon="36.8266170">
    <ele>1671.0</ele>
    <time>2026-01-31T05:13:40Z</time>
   </trkpt>
   <trkpt lat="-1.2348780" lon="36.8266400">
    <ele>1670.9</ele>
    <time>2026-01-31T05:13:41Z</time>
   </trkpt>
   <trkpt lat="-1.2349010" lon="36.8266700">
    <ele>1670.7</ele>
    <time>2026-01-31T05:13:42Z</time>
   </trkpt>
   <trkpt lat="-1.2349090" lon="36.8266820">
    <ele>1670.7</ele>
    <time>2026-01-31T05:13:43Z</time>
   </trkpt>
   <trkpt lat="-1.2349280" lon="36.8267060">
    <ele>1670.6</ele>
    <time>2026-01-31T05:13:44Z</time>
   </trkpt>
   <trkpt lat="-1.2349450" lon="36.8267270">
    <ele>1670.5</ele>
    <time>2026-01-31T05:13:45Z</time>
   </trkpt>
   <trkpt lat="-1.2349620" lon="36.8267480">
    <ele>1670.4</ele>
    <time>2026-01-31T05:13:46Z</time>
   </trkpt>
   <trkpt lat="-1.2349880" lon="36.8267760">
    <ele>1670.3</ele>
    <time>2026-01-31T05:13:47Z</time>
   </trkpt>
   <trkpt lat="-1.2349960" lon="36.8267860">
    <ele>1670.2</ele>
    <time>2026-01-31T05:13:48Z</time>
   </trkpt>
   <trkpt lat="-1.2350200" lon="36.8268130">
    <ele>1670.1</ele>
    <time>2026-01-31T05:13:49Z</time>
   </trkpt>
   <trkpt lat="-1.2350280" lon="36.8268230">
    <ele>1670.1</ele>
    <time>2026-01-31T05:13:50Z</time>
   </trkpt>
   <trkpt lat="-1.2350500" lon="36.8268530">
    <ele>1670.0</ele>
    <time>2026-01-31T05:13:51Z</time>
   </trkpt>
   <trkpt lat="-1.2350560" lon="36.8268630">
    <ele>1670.0</ele>
    <time>2026-01-31T05:13:52Z</time>
   </trkpt>
   <trkpt lat="-1.2350780" lon="36.8268920">
    <ele>1670.0</ele>
    <time>2026-01-31T05:13:53Z</time>
   </trkpt>
   <trkpt lat="-1.2350850" lon="36.8269030">
    <ele>1670.0</ele>
    <time>2026-01-31T05:13:54Z</time>
   </trkpt>
   <trkpt lat="-1.2351030" lon="36.8269350">
    <ele>1669.9</ele>
    <time>2026-01-31T05:13:55Z</time>
   </trkpt>
   <trkpt lat="-1.2351080" lon="36.8269470">
    <ele>1669.9</ele>
    <time>2026-01-31T05:13:56Z</time>
   </trkpt>
   <trkpt lat="-1.2351250" lon="36.8269800">
    <ele>1669.9</ele>
    <time>2026-01-31T05:13:57Z</time>
   </trkpt>
   <trkpt lat="-1.2351310" lon="36.8269910">
    <ele>1669.9</ele>
    <time>2026-01-31T05:13:58Z</time>
   </trkpt>
   <trkpt lat="-1.2351500" lon="36.8270210">
    <ele>1669.9</ele>
    <time>2026-01-31T05:13:59Z</time>
   </trkpt>
   <trkpt lat="-1.2351570" lon="36.8270320">
    <ele>1669.9</ele>
    <time>2026-01-31T05:14:00Z</time>
   </trkpt>
   <trkpt lat="-1.2351810" lon="36.8270620">
    <ele>1669.9</ele>
    <time>2026-01-31T05:14:01Z</time>
   </trkpt>
   <trkpt lat="-1.2351880" lon="36.8270710">
    <ele>1669.9</ele>
    <time>2026-01-31T05:14:02Z</time>
   </trkpt>
   <trkpt lat="-1.2352080" lon="36.8270900">
    <ele>1670.0</ele>
    <time>2026-01-31T05:14:03Z</time>
   </trkpt>
   <trkpt lat="-1.2352310" lon="36.8271080">
    <ele>1670.0</ele>
    <time>2026-01-31T05:14:04Z</time>
   </trkpt>
   <trkpt lat="-1.2352580" lon="36.8271360">
    <ele>1670.1</ele>
    <time>2026-01-31T05:14:05Z</time>
   </trkpt>
   <trkpt lat="-1.2352670" lon="36.8271450">
    <ele>1670.1</ele>
    <time>2026-01-31T05:14:06Z</time>
   </trkpt>
   <trkpt lat="-1.2352940" lon="36.8271710">
    <ele>1670.2</ele>
    <time>2026-01-31T05:14:07Z</time>
   </trkpt>
   <trkpt lat="-1.2353030" lon="36.8271790">
    <ele>1670.3</ele>
    <time>2026-01-31T05:14:08Z</time>
   </trkpt>
   <trkpt lat="-1.2353310" lon="36.8272010">
    <ele>1670.4</ele>
    <time>2026-01-31T05:14:09Z</time>
   </trkpt>
   <trkpt lat="-1.2353410" lon="36.8272090">
    <ele>1670.4</ele>
    <time>2026-01-31T05:14:10Z</time>
   </trkpt>
   <trkpt lat="-1.2353660" lon="36.8272340">
    <ele>1670.6</ele>
    <time>2026-01-31T05:14:11Z</time>
   </trkpt>
   <trkpt lat="-1.2353740" lon="36.8272430">
    <ele>1670.6</ele>
    <time>2026-01-31T05:14:12Z</time>
   </trkpt>
   <trkpt lat="-1.2354020" lon="36.8272680">
    <ele>1670.7</ele>
    <time>2026-01-31T05:14:13Z</time>
   </trkpt>
   <trkpt lat="-1.2354110" lon="36.8272770">
    <ele>1670.7</ele>
    <time>2026-01-31T05:14:14Z</time>
   </trkpt>
   <trkpt lat="-1.2354390" lon="36.8273060">
    <ele>1670.8</ele>
    <time>2026-01-31T05:14:15Z</time>
   </trkpt>
   <trkpt lat="-1.2354480" lon="36.8273160">
    <ele>1670.9</ele>
    <time>2026-01-31T05:14:16Z</time>
   </trkpt>
   <trkpt lat="-1.2354730" lon="36.8273470">
    <ele>1670.9</ele>
    <time>2026-01-31T05:14:17Z</time>
   </trkpt>
   <trkpt lat="-1.2354810" lon="36.8273600">
    <ele>1670.9</ele>
    <time>2026-01-31T05:14:18Z</time>
   </trkpt>
   <trkpt lat="-1.2354980" lon="36.8273850">
    <ele>1671.0</ele>
    <time>2026-01-31T05:14:19Z</time>
   </trkpt>
   <trkpt lat="-1.2355150" lon="36.8274070">
    <ele>1671.0</ele>
    <time>2026-01-31T05:14:20Z</time>
   </trkpt>
   <trkpt lat="-1.2355320" lon="36.8274280">
    <ele>1671.0</ele>
    <time>2026-01-31T05:14:21Z</time>
   </trkpt>
   <trkpt lat="-1.2355500" lon="36.8274490">
    <ele>1671.0</ele>
    <time>2026-01-31T05:14:22Z</time>
   </trkpt>
   <trkpt lat="-1.2355730" lon="36.8274810">
    <ele>1671.0</ele>
    <time>2026-01-31T05:14:23Z</time>
   </trkpt>
   <trkpt lat="-1.2355820" lon="36.8274950">
    <ele>1671.0</ele>
    <time>2026-01-31T05:14:24Z</time>
   </trkpt>
   <trkpt lat="-1.2355950" lon="36.8275180">
    <ele>1671.0</ele>
    <time>2026-01-31T05:14:25Z</time>
   </trkpt>
   <trkpt lat="-1.2356180" lon="36.8275500">
    <ele>1670.9</ele>
    <time>2026-01-31T05:14:26Z</time>
   </trkpt>
   <trkpt lat="-1.2356250" lon="36.8275600">
    <ele>1670.9</ele>
    <time>2026-01-31T05:14:27Z</time>
   </trkpt>
   <trkpt lat="-1.2356470" lon="36.8275900">
    <ele>1670.9</ele>
    <time>2026-01-31T05:14:28Z</time>
   </trkpt>
   <trkpt lat="-1.2356550" lon="36.8276010">
    <ele>1670.9</ele>
    <time>2026-01-31T05:14:29Z</time>
   </trkpt>
   <trkpt lat="-1.2356700" lon="36.8276260">
    <ele>1670.9</ele>
    <time>2026-01-31T05:14:30Z</time>
   </trkpt>
   <trkpt lat="-1.2356860" lon="36.8276480">
    <ele>1670.8</ele>
    <time>2026-01-31T05:14:31Z</time>
   </trkpt>
   <trkpt lat="-1.2357090" lon="36.8276790">
    <ele>1670.8</ele>
    <time>2026-01-31T05:14:32Z</time>
   </trkpt>
   <trkpt lat="-1.2357170" lon="36.8276890">
    <ele>1670.7</ele>
    <time>2026-01-31T05:14:33Z</time>
   </trkpt>
   <trkpt lat="-1.2357380" lon="36.8277200">
    <ele>1670.7</ele>
    <time>2026-01-31T05:14:34Z</time>
   </trkpt>
   <trkpt lat="-1.2357450" lon="36.8277320">
    <ele>1670.6</ele>
    <time>2026-01-31T05:14:35Z</time>
   </trkpt>
   <trkpt lat="-1.2357660" lon="36.8277630">
    <ele>1670.5</ele>
    <time>2026-01-31T05:14:36Z</time>
   </trkpt>
   <trkpt lat="-1.2357720" lon="36.8277740">
    <ele>1670.5</ele>
    <time>2026-01-31T05:14:37Z</time>
   </trkpt>
   <trkpt lat="-1.2357900" lon="36.8278070">
    <ele>1670.4</ele>
    <time>2026-01-31T05:14:38Z</time>
   </trkpt>
   <trkpt lat="-1.2357950" lon="36.8278170">
    <ele>1670.4</ele>
    <time>2026-01-31T05:14:39Z</time>
   </trkpt>
   <trkpt lat="-1.2358160" lon="36.8278510">
    <ele>1670.2</ele>
    <time>2026-01-31T05:14:40Z</time>
   </trkpt>
   <trkpt lat="-1.2358220" lon="36.8278640">
    <ele>1670.2</ele>
    <time>2026-01-31T05:14:41Z</time>
   </trkpt>
   <trkpt lat="-1.2358370" lon="36.8279010">
    <ele>1670.0</ele>
    <time>2026-01-31T05:14:42Z</time>
   </trkpt>
   <trkpt lat="-1.2358420" lon="36.8279130">
    <ele>1670.0</ele>
    <time>2026-01-31T05:14:43Z</time>
   </trkpt>
   <trkpt lat="-1.2358640" lon="36.8279430">
    <ele>1669.9</ele>
    <time>2026-01-31T05:14:44Z</time>
   </trkpt>
   <trkpt lat="-1.2358720" lon="36.8279540">
    <ele>1669.8</ele>
    <time>2026-01-31T05:14:45Z</time>
   </trkpt>
   <trkpt lat="-1.2358960" lon="36.8279850">
    <ele>1669.7</ele>
    <time>2026-01-31T05:14:46Z</time>
   </trkpt>
   <trkpt lat="-1.2359040" lon="36.8279950">
    <ele>1669.7</ele>
    <time>2026-01-31T05:14:47Z</time>
   </trkpt>
   <trkpt lat="-1.2359260" lon="36.8280240">
    <ele>1669.6</ele>
    <time>2026-01-31T05:14:48Z</time>
   </trkpt>
   <trkpt lat="-1.2359330" lon="36.8280340">
    <ele>1669.6</ele>
    <time>2026-01-31T05:14:49Z</time>
   </trkpt>
   <trkpt lat="-1.2359540" lon="36.8280660">
    <ele>1669.5</ele>
    <time>2026-01-31T05:14:50Z</time>
   </trkpt>
   <trkpt lat="-1.2359610" lon="36.8280760">
    <ele>1669.5</ele>
    <time>2026-01-31T05:14:51Z</time>
   </trkpt>
   <trkpt lat="-1.2359860" lon="36.8281050">
    <ele>1669.5</ele>
    <time>2026-01-31T05:14:52Z</time>
   </trkpt>
   <trkpt lat="-1.2359940" lon="36.8281150">
    <ele>1669.5</ele>
    <time>2026-01-31T05:14:53Z</time>
   </trkpt>
   <trkpt lat="-1.2360200" lon="36.8281410">
    <ele>1669.4</ele>
    <time>2026-01-31T05:14:54Z</time>
   </trkpt>
   <trkpt lat="-1.2360300" lon="36.8281510">
    <ele>1669.4</ele>
    <time>2026-01-31T05:14:55Z</time>
   </trkpt>
   <trkpt lat="-1.2360560" lon="36.8281770">
    <ele>1669.4</ele>
    <time>2026-01-31T05:14:56Z</time>
   </trkpt>
   <trkpt lat="-1.2360650" lon="36.8281860">
    <ele>1669.4</ele>
    <time>2026-01-31T05:14:57Z</time>
   </trkpt>
   <trkpt lat="-1.2360910" lon="36.8282120">
    <ele>1669.4</ele>
    <time>2026-01-31T05:14:58Z</time>
   </trkpt>
   <trkpt lat="-1.2361000" lon="36.8282200">
    <ele>1669.4</ele>
    <time>2026-01-31T05:14:59Z</time>
   </trkpt>
   <trkpt lat="-1.2361310" lon="36.8282460">
    <ele>1669.4</ele>
    <time>2026-01-31T05:15:00Z</time>
   </trkpt>
   <trkpt lat="-1.2361400" lon="36.8282550">
    <ele>1669.4</ele>
    <time>2026-01-31T05:15:01Z</time>
   </trkpt>
   <trkpt lat="-1.2361680" lon="36.8282810">
    <ele>1669.4</ele>
    <time>2026-01-31T05:15:02Z</time>
   </trkpt>
   <trkpt lat="-1.2361770" lon="36.8282900">
    <ele>1669.4</ele>
    <time>2026-01-31T05:15:03Z</time>
   </trkpt>
   <trkpt lat="-1.2362040" lon="36.8283130">
    <ele>1669.4</ele>
    <time>2026-01-31T05:15:04Z</time>
   </trkpt>
   <trkpt lat="-1.2362140" lon="36.8283220">
    <ele>1669.4</ele>
    <time>2026-01-31T05:15:05Z</time>
   </trkpt>
   <trkpt lat="-1.2362440" lon="36.8283420">
    <ele>1669.4</ele>
    <time>2026-01-31T05:15:06Z</time>
   </trkpt>
   <trkpt lat="-1.2362540" lon="36.8283490">
    <ele>1669.5</ele>
    <time>2026-01-31T05:15:07Z</time>
   </trkpt>
   <trkpt lat="-1.2362840" lon="36.8283700">
    <ele>1669.5</ele>
    <time>2026-01-31T05:15:08Z</time>
   </trkpt>
   <trkpt lat="-1.2362920" lon="36.8283780">
    <ele>1669.5</ele>
    <time>2026-01-31T05:15:09Z</time>
   </trkpt>
   <trkpt lat="-1.2363200" lon="36.8284000">
    <ele>1669.5</ele>
    <time>2026-01-31T05:15:10Z</time>
   </trkpt>
   <trkpt lat="-1.2363280" lon="36.8284070">
    <ele>1669.5</ele>
    <time>2026-01-31T05:15:11Z</time>
   </trkpt>
   <trkpt lat="-1.2363540" lon="36.8284300">
    <ele>1669.6</ele>
    <time>2026-01-31T05:15:12Z</time>
   </trkpt>
   <trkpt lat="-1.2363620" lon="36.8284390">
    <ele>1669.6</ele>
    <time>2026-01-31T05:15:13Z</time>
   </trkpt>
   <trkpt lat="-1.2363860" lon="36.8284650">
    <ele>1669.6</ele>
    <time>2026-01-31T05:15:14Z</time>
   </trkpt>
   <trkpt lat="-1.2363930" lon="36.8284750">
    <ele>1669.6</ele>
    <time>2026-01-31T05:15:15Z</time>
   </trkpt>
   <trkpt lat="-1.2364150" lon="36.8285040">
    <ele>1669.7</ele>
    <time>2026-01-31T05:15:16Z</time>
   </trkpt>
   <trkpt lat="-1.2364230" lon="36.8285140">
    <ele>1669.7</ele>
    <time>2026-01-31T05:15:17Z</time>
   </trkpt>
   <trkpt lat="-1.2364480" lon="36.8285420">
    <ele>1669.7</ele>
    <time>2026-01-31T05:15:18Z</time>
   </trkpt>
   <trkpt lat="-1.2364550" lon="36.8285510">
    <ele>1669.7</ele>
    <time>2026-01-31T05:15:19Z</time>
   </trkpt>
   <trkpt lat="-1.2364720" lon="36.8285720">
    <ele>1669.7</ele>
    <time>2026-01-31T05:15:20Z</time>
   </trkpt>
   <trkpt lat="-1.2364920" lon="36.8285900">
    <ele>1669.7</ele>
    <time>2026-01-31T05:15:21Z</time>
   </trkpt>
   <trkpt lat="-1.2365150" lon="36.8286050">
    <ele>1669.8</ele>
    <time>2026-01-31T05:15:22Z</time>
   </trkpt>
   <trkpt lat="-1.2365450" lon="36.8286290">
    <ele>1669.8</ele>
    <time>2026-01-31T05:15:23Z</time>
   </trkpt>
   <trkpt lat="-1.2365540" lon="36.8286370">
    <ele>1669.8</ele>
    <time>2026-01-31T05:15:24Z</time>
   </trkpt>
   <trkpt lat="-1.2365840" lon="36.8286590">
    <ele>1669.8</ele>
    <time>2026-01-31T05:15:25Z</time>
   </trkpt>
   <trkpt lat="-1.2365940" lon="36.8286660">
    <ele>1669.8</ele>
    <time>2026-01-31T05:15:26Z</time>
   </trkpt>
   <trkpt lat="-1.2366220" lon="36.8286880">
    <ele>1669.9</ele>
    <time>2026-01-31T05:15:27Z</time>
   </trkpt>
   <trkpt lat="-1.2366300" lon="36.8286960">
    <ele>1669.9</ele>
    <time>2026-01-31T05:15:28Z</time>
   </trkpt>
   <trkpt lat="-1.2366530" lon="36.8287180">
    <ele>1669.9</ele>
    <time>2026-01-31T05:15:29Z</time>
   </trkpt>
   <trkpt lat="-1.2366610" lon="36.8287270">
    <ele>1669.9</ele>
    <time>2026-01-31T05:15:30Z</time>
   </trkpt>
   <trkpt lat="-1.2366810" lon="36.8287490">
    <ele>1670.0</ele>
    <time>2026-01-31T05:15:31Z</time>
   </trkpt>
   <trkpt lat="-1.2366870" lon="36.8287580">
    <ele>1670.0</ele>
    <time>2026-01-31T05:15:32Z</time>
   </trkpt>
   <trkpt lat="-1.2367050" lon="36.8287830">
    <ele>1670.0</ele>
    <time>2026-01-31T05:15:33Z</time>
   </trkpt>
   <trkpt lat="-1.2367100" lon="36.8287920">
    <ele>1670.0</ele>
    <time>2026-01-31T05:15:34Z</time>
   </trkpt>
   <trkpt lat="-1.2367260" lon="36.8288180">
    <ele>1670.1</ele>
    <time>2026-01-31T05:15:35Z</time>
   </trkpt>
   <trkpt lat="-1.2367310" lon="36.8288280">
    <ele>1670.1</ele>
    <time>2026-01-31T05:15:36Z</time>
   </trkpt>
   <trkpt lat="-1.2367470" lon="36.8288570">
    <ele>1670.1</ele>
    <time>2026-01-31T05:15:37Z</time>
   </trkpt>
   <trkpt lat="-1.2367520" lon="36.8288670">
    <ele>1670.1</ele>
    <time>2026-01-31T05:15:38Z</time>
   </trkpt>
   <trkpt lat="-1.2367670" lon="36.8288970">
    <ele>1670.2</ele>
    <time>2026-01-31T05:15:39Z</time>
   </trkpt>
   <trkpt lat="-1.2367720" lon="36.8289050">
    <ele>1670.2</ele>
    <time>2026-01-31T05:15:40Z</time>
   </trkpt>
   <trkpt lat="-1.2367890" lon="36.8289320">
    <ele>1670.2</ele>
    <time>2026-01-31T05:15:41Z</time>
   </trkpt>
   <trkpt lat="-1.2367940" lon="36.8289410">
    <ele>1670.2</ele>
    <time>2026-01-31T05:15:42Z</time>
   </trkpt>
   <trkpt lat="-1.2368100" lon="36.8289660">
    <ele>1670.2</ele>
    <time>2026-01-31T05:15:43Z</time>
   </trkpt>
   <trkpt lat="-1.2368160" lon="36.8289750">
    <ele>1670.2</ele>
    <time>2026-01-31T05:15:44Z</time>
   </trkpt>
   <trkpt lat="-1.2368340" lon="36.8290040">
    <ele>1670.2</ele>
    <time>2026-01-31T05:15:45Z</time>
   </trkpt>
   <trkpt lat="-1.2368400" lon="36.8290130">
    <ele>1670.1</ele>
    <time>2026-01-31T05:15:46Z</time>
   </trkpt>
   <trkpt lat="-1.2368600" lon="36.8290380">
    <ele>1670.1</ele>
    <time>2026-01-31T05:15:47Z</time>
   </trkpt>
   <trkpt lat="-1.2368660" lon="36.8290460">
    <ele>1670.1</ele>
    <time>2026-01-31T05:15:48Z</time>
   </trkpt>
   <trkpt lat="-1.2368870" lon="36.8290700">
    <ele>1670.0</ele>
    <time>2026-01-31T05:15:49Z</time>
   </trkpt>
   <trkpt lat="-1.2368940" lon="36.8290780">
    <ele>1670.0</ele>
    <time>2026-01-31T05:15:50Z</time>
   </trkpt>
   <trkpt lat="-1.2369100" lon="36.8291060">
    <ele>1669.9</ele>
    <time>2026-01-31T05:15:51Z</time>
   </trkpt>
   <trkpt lat="-1.2369140" lon="36.8291160">
    <ele>1669.8</ele>
    <time>2026-01-31T05:15:52Z</time>
   </trkpt>
   <trkpt lat="-1.2369250" lon="36.8291470">
    <ele>1669.7</ele>
    <time>2026-01-31T05:15:53Z</time>
   </trkpt>
   <trkpt lat="-1.2369290" lon="36.8291580">
    <ele>1669.7</ele>
    <time>2026-01-31T05:15:54Z</time>
   </trkpt>
   <trkpt lat="-1.2369440" lon="36.8291890">
    <ele>1669.6</ele>
    <time>2026-01-31T05:15:55Z</time>
   </trkpt>
   <trkpt lat="-1.2369480" lon="36.8291990">
    <ele>1669.6</ele>
    <time>2026-01-31T05:15:56Z</time>
   </trkpt>
   <trkpt lat="-1.2369610" lon="36.8292320">
    <ele>1669.5</ele>
    <time>2026-01-31T05:15:57Z</time>
   </trkpt>
   <trkpt lat="-1.2369640" lon="36.8292440">
    <ele>1669.4</ele>
    <time>2026-01-31T05:15:58Z</time>
   </trkpt>
   <trkpt lat="-1.2369750" lon="36.8292790">
    <ele>1669.3</ele>
    <time>2026-01-31T05:15:59Z</time>
   </trkpt>
   <trkpt lat="-1.2369780" lon="36.8292910">
    <ele>1669.3</ele>
    <time>2026-01-31T05:16:00Z</time>
   </trkpt>
   <trkpt lat="-1.2369870" lon="36.8293250">
    <ele>1669.2</ele>
    <time>2026-01-31T05:16:01Z</time>
   </trkpt>
   <trkpt lat="-1.2369900" lon="36.8293370">
    <ele>1669.1</ele>
    <time>2026-01-31T05:16:02Z</time>
   </trkpt>
   <trkpt lat="-1.2370010" lon="36.8293750">
    <ele>1669.0</ele>
    <time>2026-01-31T05:16:03Z</time>
   </trkpt>
   <trkpt lat="-1.2370040" lon="36.8293880">
    <ele>1669.0</ele>
    <time>2026-01-31T05:16:04Z</time>
   </trkpt>
   <trkpt lat="-1.2370130" lon="36.8294220">
    <ele>1668.9</ele>
    <time>2026-01-31T05:16:05Z</time>
   </trkpt>
   <trkpt lat="-1.2370160" lon="36.8294340">
    <ele>1668.8</ele>
    <time>2026-01-31T05:16:06Z</time>
   </trkpt>
   <trkpt lat="-1.2370230" lon="36.8294610">
    <ele>1668.7</ele>
    <time>2026-01-31T05:16:07Z</time>
   </trkpt>
   <trkpt lat="-1.2370320" lon="36.8294980">
    <ele>1668.6</ele>
    <time>2026-01-31T05:16:08Z</time>
   </trkpt>
   <trkpt lat="-1.2370340" lon="36.8295120">
    <ele>1668.5</ele>
    <time>2026-01-31T05:16:09Z</time>
   </trkpt>
   <trkpt lat="-1.2370370" lon="36.8295390">
    <ele>1668.4</ele>
    <time>2026-01-31T05:16:10Z</time>
   </trkpt>
   <trkpt lat="-1.2370390" lon="36.8295660">
    <ele>1668.3</ele>
    <time>2026-01-31T05:16:11Z</time>
   </trkpt>
   <trkpt lat="-1.2370410" lon="36.8295950">
    <ele>1668.2</ele>
    <time>2026-01-31T05:16:12Z</time>
   </trkpt>
   <trkpt lat="-1.2370480" lon="36.8296310">
    <ele>1668.0</ele>
    <time>2026-01-31T05:16:13Z</time>
   </trkpt>
   <trkpt lat="-1.2370500" lon="36.8296430">
    <ele>1668.0</ele>
    <time>2026-01-31T05:16:14Z</time>
   </trkpt>
   <trkpt lat="-1.2370540" lon="36.8296740">
    <ele>1667.9</ele>
    <time>2026-01-31T05:16:15Z</time>
   </trkpt>
   <trkpt lat="-1.2370580" lon="36.8297110">
    <ele>1667.7</ele>
    <time>2026-01-31T05:16:16Z</time>
   </trkpt>
   <trkpt lat="-1.2370600" lon="36.8297230">
    <ele>1667.6</ele>
    <time>2026-01-31T05:16:17Z</time>
   </trkpt>
   <trkpt lat="-1.2370620" lon="36.8297510">
    <ele>1667.5</ele>
    <time>2026-01-31T05:16:18Z</time>
   </trkpt>
   <trkpt lat="-1.2370640" lon="36.8297790">
    <ele>1667.4</ele>
    <time>2026-01-31T05:16:19Z</time>
   </trkpt>
   <trkpt lat="-1.2370680" lon="36.8298060">
    <ele>1667.3</ele>
    <time>2026-01-31T05:16:20Z</time>
   </trkpt>
   <trkpt lat="-1.2370750" lon="36.8298440">
    <ele>1667.2</ele>
    <time>2026-01-31T05:16:21Z</time>
   </trkpt>
   <trkpt lat="-1.2370770" lon="36.8298600">
    <ele>1667.1</ele>
    <time>2026-01-31T05:16:22Z</time>
   </trkpt>
   <trkpt lat="-1.2370830" lon="36.8298900">
    <ele>1667.0</ele>
    <time>2026-01-31T05:16:23Z</time>
   </trkpt>
   <trkpt lat="-1.2370890" lon="36.8299220">
    <ele>1666.9</ele>
    <time>2026-01-31T05:16:24Z</time>
   </trkpt>
   <trkpt lat="-1.2370900" lon="36.8299540">
    <ele>1666.8</ele>
    <time>2026-01-31T05:16:25Z</time>
   </trkpt>
   <trkpt lat="-1.2370910" lon="36.8299830">
    <ele>1666.7</ele>
    <time>2026-01-31T05:16:26Z</time>
   </trkpt>
   <trkpt lat="-1.2370930" lon="36.8300120">
    <ele>1666.6</ele>
    <time>2026-01-31T05:16:27Z</time>
   </trkpt>
   <trkpt lat="-1.2370980" lon="36.8300460">
    <ele>1666.5</ele>
    <time>2026-01-31T05:16:28Z</time>
   </trkpt>
   <trkpt lat="-1.2371000" lon="36.8300570">
    <ele>1666.5</ele>
    <time>2026-01-31T05:16:29Z</time>
   </trkpt>
   <trkpt lat="-1.2371040" lon="36.8300960">
    <ele>1666.4</ele>
    <time>2026-01-31T05:16:30Z</time>
   </trkpt>
   <trkpt lat="-1.2371040" lon="36.8301080">
    <ele>1666.4</ele>
    <time>2026-01-31T05:16:31Z</time>
   </trkpt>
   <trkpt lat="-1.2371090" lon="36.8301440">
    <ele>1666.3</ele>
    <time>2026-01-31T05:16:32Z</time>
   </trkpt>
   <trkpt lat="-1.2371110" lon="36.8301560">
    <ele>1666.3</ele>
    <time>2026-01-31T05:16:33Z</time>
   </trkpt>
   <trkpt lat="-1.2371150" lon="36.8301920">
    <ele>1666.2</ele>
    <time>2026-01-31T05:16:34Z</time>
   </trkpt>
   <trkpt lat="-1.2371170" lon="36.8302030">
    <ele>1666.2</ele>
    <time>2026-01-31T05:16:35Z</time>
   </trkpt>
   <trkpt lat="-1.2371200" lon="36.8302400">
    <ele>1666.2</ele>
    <time>2026-01-31T05:16:36Z</time>
   </trkpt>
   <trkpt lat="-1.2371210" lon="36.8302520">
    <ele>1666.2</ele>
    <time>2026-01-31T05:16:37Z</time>
   </trkpt>
   <trkpt lat="-1.2371260" lon="36.8302890">
    <ele>1666.1</ele>
    <time>2026-01-31T05:16:38Z</time>
   </trkpt>
   <trkpt lat="-1.2371280" lon="36.8303010">
    <ele>1666.1</ele>
    <time>2026-01-31T05:16:39Z</time>
   </trkpt>
   <trkpt lat="-1.2371370" lon="36.8303360">
    <ele>1666.1</ele>
    <time>2026-01-31T05:16:40Z</time>
   </trkpt>
   <trkpt lat="-1.2371390" lon="36.8303490">
    <ele>1666.1</ele>
    <time>2026-01-31T05:16:41Z</time>
   </trkpt>
   <trkpt lat="-1.2371470" lon="36.8303830">
    <ele>1666.1</ele>
    <time>2026-01-31T05:16:42Z</time>
   </trkpt>
   <trkpt lat="-1.2371490" lon="36.8303940">
    <ele>1666.1</ele>
    <time>2026-01-31T05:16:43Z</time>
   </trkpt>
   <trkpt lat="-1.2371550" lon="36.8304270">
    <ele>1666.1</ele>
    <time>2026-01-31T05:16:44Z</time>
   </trkpt>
   <trkpt lat="-1.2371570" lon="36.8304380">
    <ele>1666.1</ele>
    <time>2026-01-31T05:16:45Z</time>
   </trkpt>
   <trkpt lat="-1.2371620" lon="36.8304710">
    <ele>1666.0</ele>
    <time>2026-01-31T05:16:46Z</time>
   </trkpt>
   <trkpt lat="-1.2371630" lon="36.8304830">
    <ele>1666.0</ele>
    <time>2026-01-31T05:16:47Z</time>
   </trkpt>
   <trkpt lat="-1.2371770" lon="36.8305170">
    <ele>1666.0</ele>
    <time>2026-01-31T05:16:48Z</time>
   </trkpt>
   <trkpt lat="-1.2371810" lon="36.8305290">
    <ele>1666.0</ele>
    <time>2026-01-31T05:16:49Z</time>
   </trkpt>
   <trkpt lat="-1.2371900" lon="36.8305630">
    <ele>1666.0</ele>
    <time>2026-01-31T05:16:50Z</time>
   </trkpt>
   <trkpt lat="-1.2371920" lon="36.8305730">
    <ele>1666.0</ele>
    <time>2026-01-31T05:16:51Z</time>
   </trkpt>
   <trkpt lat="-1.2372010" lon="36.8306090">
    <ele>1666.0</ele>
    <time>2026-01-31T05:16:52Z</time>
   </trkpt>
   <trkpt lat="-1.2372030" lon="36.8306210">
    <ele>1666.0</ele>
    <time>2026-01-31T05:16:53Z</time>
   </trkpt>
   <trkpt lat="-1.2372110" lon="36.8306540">
    <ele>1666.0</ele>
    <time>2026-01-31T05:16:54Z</time>
   </trkpt>
   <trkpt lat="-1.2372130" lon="36.8306640">
    <ele>1666.1</ele>
    <time>2026-01-31T05:16:55Z</time>
   </trkpt>
   <trkpt lat="-1.2372220" lon="36.8307000">
    <ele>1666.1</ele>
    <time>2026-01-31T05:16:56Z</time>
   </trkpt>
   <trkpt lat="-1.2372240" lon="36.8307120">
    <ele>1666.1</ele>
    <time>2026-01-31T05:16:57Z</time>
   </trkpt>
   <trkpt lat="-1.2372310" lon="36.8307470">
    <ele>1666.1</ele>
    <time>2026-01-31T05:16:58Z</time>
   </trkpt>
   <trkpt lat="-1.2372320" lon="36.8307590">
    <ele>1666.1</ele>
    <time>2026-01-31T05:16:59Z</time>
   </trkpt>
   <trkpt lat="-1.2372370" lon="36.8307930">
    <ele>1666.2</ele>
    <time>2026-01-31T05:17:00Z</time>
   </trkpt>
   <trkpt lat="-1.2372380" lon="36.8308040">
    <ele>1666.2</ele>
    <time>2026-01-31T05:17:01Z</time>
   </trkpt>
   <trkpt lat="-1.2372440" lon="36.8308380">
    <ele>1666.2</ele>
    <time>2026-01-31T05:17:02Z</time>
   </trkpt>
   <trkpt lat="-1.2372450" lon="36.8308490">
    <ele>1666.2</ele>
    <time>2026-01-31T05:17:03Z</time>
   </trkpt>
   <trkpt lat="-1.2372540" lon="36.8308800">
    <ele>1666.2</ele>
    <time>2026-01-31T05:17:04Z</time>
   </trkpt>
   <trkpt lat="-1.2372570" lon="36.8308910">
    <ele>1666.2</ele>
    <time>2026-01-31T05:17:05Z</time>
   </trkpt>
   <trkpt lat="-1.2372620" lon="36.8309220">
    <ele>1666.2</ele>
    <time>2026-01-31T05:17:06Z</time>
   </trkpt>
   <trkpt lat="-1.2372630" lon="36.8309330">
    <ele>1666.2</ele>
    <time>2026-01-31T05:17:07Z</time>
   </trkpt>
   <trkpt lat="-1.2372690" lon="36.8309690">
    <ele>1666.3</ele>
    <time>2026-01-31T05:17:08Z</time>
   </trkpt>
   <trkpt lat="-1.2372700" lon="36.8309810">
    <ele>1666.3</ele>
    <time>2026-01-31T05:17:09Z</time>
   </trkpt>
   <trkpt lat="-1.2372730" lon="36.8310150">
    <ele>1666.2</ele>
    <time>2026-01-31T05:17:10Z</time>
   </trkpt>
   <trkpt lat="-1.2372750" lon="36.8310280">
    <ele>1666.2</ele>
    <time>2026-01-31T05:17:11Z</time>
   </trkpt>
   <trkpt lat="-1.2372800" lon="36.8310650">
    <ele>1666.2</ele>
    <time>2026-01-31T05:17:12Z</time>
   </trkpt>
   <trkpt lat="-1.2372810" lon="36.8310780">
    <ele>1666.2</ele>
    <time>2026-01-31T05:17:13Z</time>
   </trkpt>
   <trkpt lat="-1.2372850" lon="36.8311140">
    <ele>1666.1</ele>
    <time>2026-01-31T05:17:14Z</time>
   </trkpt>
   <trkpt lat="-1.2372860" lon="36.8311260">
    <ele>1666.1</ele>
    <time>2026-01-31T05:17:15Z</time>
   </trkpt>
   <trkpt lat="-1.2372940" lon="36.8311610">
    <ele>1666.1</ele>
    <time>2026-01-31T05:17:16Z</time>
   </trkpt>
   <trkpt lat="-1.2372960" lon="36.8311730">
    <ele>1666.1</ele>
    <time>2026-01-31T05:17:17Z</time>
   </trkpt>
   <trkpt lat="-1.2373070" lon="36.8312080">
    <ele>1666.0</ele>
    <time>2026-01-31T05:17:18Z</time>
   </trkpt>
   <trkpt lat="-1.2373100" lon="36.8312200">
    <ele>1666.0</ele>
    <time>2026-01-31T05:17:19Z</time>
   </trkpt>
   <trkpt lat="-1.2373190" lon="36.8312560">
    <ele>1665.9</ele>
    <time>2026-01-31T05:17:20Z</time>
   </trkpt>
   <trkpt lat="-1.2373220" lon="36.8312680">
    <ele>1665.9</ele>
    <time>2026-01-31T05:17:21Z</time>
   </trkpt>
   <trkpt lat="-1.2373300" lon="36.8313030">
    <ele>1665.8</ele>
    <time>2026-01-31T05:17:22Z</time>
   </trkpt>
   <trkpt lat="-1.2373320" lon="36.8313150">
    <ele>1665.8</ele>
    <time>2026-01-31T05:17:23Z</time>
   </trkpt>
   <trkpt lat="-1.2373410" lon="36.8313470">
    <ele>1665.7</ele>
    <time>2026-01-31T05:17:24Z</time>
   </trkpt>
   <trkpt lat="-1.2373440" lon="36.8313590">
    <ele>1665.7</ele>
    <time>2026-01-31T05:17:25Z</time>
   </trkpt>
   <trkpt lat="-1.2373530" lon="36.8313950">
    <ele>1665.6</ele>
    <time>2026-01-31T05:17:26Z</time>
   </trkpt>
   <trkpt lat="-1.2373560" lon="36.8314070">
    <ele>1665.6</ele>
    <time>2026-01-31T05:17:27Z</time>
   </trkpt>
   <trkpt lat="-1.2373650" lon="36.8314400">
    <ele>1665.6</ele>
    <time>2026-01-31T05:17:28Z</time>
   </trkpt>
   <trkpt lat="-1.2373670" lon="36.8314520">
    <ele>1665.5</ele>
    <time>2026-01-31T05:17:29Z</time>
   </trkpt>
   <trkpt lat="-1.2373730" lon="36.8314870">
    <ele>1665.5</ele>
    <time>2026-01-31T05:17:30Z</time>
   </trkpt>
   <trkpt lat="-1.2373750" lon="36.8314980">
    <ele>1665.5</ele>
    <time>2026-01-31T05:17:31Z</time>
   </trkpt>
   <trkpt lat="-1.2373810" lon="36.8315350">
    <ele>1665.4</ele>
    <time>2026-01-31T05:17:32Z</time>
   </trkpt>
   <trkpt lat="-1.2373820" lon="36.8315480">
    <ele>1665.4</ele>
    <time>2026-01-31T05:17:33Z</time>
   </trkpt>
   <trkpt lat="-1.2373870" lon="36.8315830">
    <ele>1665.4</ele>
    <time>2026-01-31T05:17:34Z</time>
   </trkpt>
   <trkpt lat="-1.2373890" lon="36.8315940">
    <ele>1665.4</ele>
    <time>2026-01-31T05:17:35Z</time>
   </trkpt>
   <trkpt lat="-1.2373970" lon="36.8316290">
    <ele>1665.3</ele>
    <time>2026-01-31T05:17:36Z</time>
   </trkpt>
   <trkpt lat="-1.2373990" lon="36.8316400">
    <ele>1665.3</ele>
    <time>2026-01-31T05:17:37Z</time>
   </trkpt>
   <trkpt lat="-1.2374090" lon="36.8316740">
    <ele>1665.3</ele>
    <time>2026-01-31T05:17:38Z</time>
   </trkpt>
   <trkpt lat="-1.2374120" lon="36.8316850">
    <ele>1665.2</ele>
    <time>2026-01-31T05:17:39Z</time>
   </trkpt>
   <trkpt lat="-1.2374260" lon="36.8317180">
    <ele>1665.2</ele>
    <time>2026-01-31T05:17:40Z</time>
   </trkpt>
   <trkpt lat="-1.2374300" lon="36.8317290">
    <ele>1665.2</ele>
    <time>2026-01-31T05:17:41Z</time>
   </trkpt>
   <trkpt lat="-1.2374460" lon="36.8317630">
    <ele>1665.1</ele>
    <time>2026-01-31T05:17:42Z</time>
   </trkpt>
   <trkpt lat="-1.2374510" lon="36.8317750">
    <ele>1665.1</ele>
    <time>2026-01-31T05:17:43Z</time>
   </trkpt>
   <trkpt lat="-1.2374630" lon="36.8318090">
    <ele>1665.0</ele>
    <time>2026-01-31T05:17:44Z</time>
   </trkpt>
   <trkpt lat="-1.2374660" lon="36.8318210">
    <ele>1665.0</ele>
    <time>2026-01-31T05:17:45Z</time>
   </trkpt>
   <trkpt lat="-1.2374850" lon="36.8318560">
    <ele>1664.9</ele>
    <time>2026-01-31T05:17:46Z</time>
   </trkpt>
   <trkpt lat="-1.2374920" lon="36.8318670">
    <ele>1664.9</ele>
    <time>2026-01-31T05:17:47Z</time>
   </trkpt>
   <trkpt lat="-1.2375120" lon="36.8319010">
    <ele>1664.8</ele>
    <time>2026-01-31T05:17:48Z</time>
   </trkpt>
   <trkpt lat="-1.2375190" lon="36.8319130">
    <ele>1664.8</ele>
    <time>2026-01-31T05:17:49Z</time>
   </trkpt>
   <trkpt lat="-1.2375360" lon="36.8319460">
    <ele>1664.7</ele>
    <time>2026-01-31T05:17:50Z</time>
   </trkpt>
   <trkpt lat="-1.2375410" lon="36.8319570">
    <ele>1664.7</ele>
    <time>2026-01-31T05:17:51Z</time>
   </trkpt>
   <trkpt lat="-1.2375530" lon="36.8319820">
    <ele>1664.6</ele>
    <time>2026-01-31T05:17:52Z</time>
   </trkpt>
   <trkpt lat="-1.2375610" lon="36.8320080">
    <ele>1664.5</ele>
    <time>2026-01-31T05:17:53Z</time>
   </trkpt>
   <trkpt lat="-1.2375690" lon="36.8320340">
    <ele>1664.5</ele>
    <time>2026-01-31T05:17:54Z</time>
   </trkpt>
   <trkpt lat="-1.2375830" lon="36.8320690">
    <ele>1664.4</ele>
    <time>2026-01-31T05:17:55Z</time>
   </trkpt>
   <trkpt lat="-1.2375880" lon="36.8320810">
    <ele>1664.3</ele>
    <time>2026-01-31T05:17:56Z</time>
   </trkpt>
   <trkpt lat="-1.2376040" lon="36.8321130">
    <ele>1664.3</ele>
    <time>2026-01-31T05:17:57Z</time>
   </trkpt>
   <trkpt lat="-1.2376080" lon="36.8321250">
    <ele>1664.2</ele>
    <time>2026-01-31T05:17:58Z</time>
   </trkpt>
   <trkpt lat="-1.2376200" lon="36.8321530">
    <ele>1664.1</ele>
    <time>2026-01-31T05:17:59Z</time>
   </trkpt>
   <trkpt lat="-1.2376360" lon="36.8321880">
    <ele>1664.1</ele>
    <time>2026-01-31T05:18:00Z</time>
   </trkpt>
   <trkpt lat="-1.2376410" lon="36.8322010">
    <ele>1664.0</ele>
    <time>2026-01-31T05:18:01Z</time>
   </trkpt>
   <trkpt lat="-1.2376540" lon="36.8322370">
    <ele>1663.9</ele>
    <time>2026-01-31T05:18:02Z</time>
   </trkpt>
   <trkpt lat="-1.2376580" lon="36.8322490">
    <ele>1663.9</ele>
    <time>2026-01-31T05:18:03Z</time>
   </trkpt>
   <trkpt lat="-1.2376720" lon="36.8322840">
    <ele>1663.8</ele>
    <time>2026-01-31T05:18:04Z</time>
   </trkpt>
   <trkpt lat="-1.2376750" lon="36.8322970">
    <ele>1663.7</ele>
    <time>2026-01-31T05:18:05Z</time>
   </trkpt>
   <trkpt lat="-1.2376890" lon="36.8323310">
    <ele>1663.6</ele>
    <time>2026-01-31T05:18:06Z</time>
   </trkpt>
   <trkpt lat="-1.2376940" lon="36.8323430">
    <ele>1663.6</ele>
    <time>2026-01-31T05:18:07Z</time>
   </trkpt>
   <trkpt lat="-1.2377040" lon="36.8323700">
    <ele>1663.5</ele>
    <time>2026-01-31T05:18:08Z</time>
   </trkpt>
   <trkpt lat="-1.2377130" lon="36.8323960">
    <ele>1663.4</ele>
    <time>2026-01-31T05:18:09Z</time>
   </trkpt>
   <trkpt lat="-1.2377220" lon="36.8324240">
    <ele>1663.3</ele>
    <time>2026-01-31T05:18:10Z</time>
   </trkpt>
   <trkpt lat="-1.2377320" lon="36.8324530">
    <ele>1663.2</ele>
    <time>2026-01-31T05:18:11Z</time>
   </trkpt>
   <trkpt lat="-1.2377450" lon="36.8324920">
    <ele>1663.0</ele>
    <time>2026-01-31T05:18:12Z</time>
   </trkpt>
   <trkpt lat="-1.2377500" lon="36.8325080">
    <ele>1663.0</ele>
    <time>2026-01-31T05:18:13Z</time>
   </trkpt>
   <trkpt lat="-1.2377600" lon="36.8325340">
    <ele>1662.9</ele>
    <time>2026-01-31T05:18:14Z</time>
   </trkpt>
   <trkpt lat="-1.2377680" lon="36.8325600">
    <ele>1662.8</ele>
    <time>2026-01-31T05:18:15Z</time>
   </trkpt>
   <trkpt lat="-1.2377810" lon="36.8325950">
    <ele>1662.6</ele>
    <time>2026-01-31T05:18:16Z</time>
   </trkpt>
   <trkpt lat="-1.2377860" lon="36.8326070">
    <ele>1662.6</ele>
    <time>2026-01-31T05:18:17Z</time>
   </trkpt>
   <trkpt lat="-1.2378020" lon="36.8326400">
    <ele>1662.4</ele>
    <time>2026-01-31T05:18:18Z</time>
   </trkpt>
   <trkpt lat="-1.2378070" lon="36.8326510">
    <ele>1662.4</ele>
    <time>2026-01-31T05:18:19Z</time>
   </trkpt>
   <trkpt lat="-1.2378240" lon="36.8326850">
    <ele>1662.3</ele>
    <time>2026-01-31T05:18:20Z</time>
   </trkpt>
   <trkpt lat="-1.2378290" lon="36.8326970">
    <ele>1662.2</ele>
    <time>2026-01-31T05:18:21Z</time>
   </trkpt>
   <trkpt lat="-1.2378440" lon="36.8327310">
    <ele>1662.1</ele>
    <time>2026-01-31T05:18:22Z</time>
   </trkpt>
   <trkpt lat="-1.2378490" lon="36.8327420">
    <ele>1662.1</ele>
    <time>2026-01-31T05:18:23Z</time>
   </trkpt>
   <trkpt lat="-1.2378600" lon="36.8327760">
    <ele>1662.0</ele>
    <time>2026-01-31T05:18:24Z</time>
   </trkpt>
   <trkpt lat="-1.2378630" lon="36.8327880">
    <ele>1661.9</ele>
    <time>2026-01-31T05:18:25Z</time>
   </trkpt>
   <trkpt lat="-1.2378800" lon="36.8328210">
    <ele>1661.8</ele>
    <time>2026-01-31T05:18:26Z</time>
   </trkpt>
   <trkpt lat="-1.2378860" lon="36.8328320">
    <ele>1661.8</ele>
    <time>2026-01-31T05:18:27Z</time>
   </trkpt>
   <trkpt lat="-1.2379050" lon="36.8328660">
    <ele>1661.6</ele>
    <time>2026-01-31T05:18:28Z</time>
   </trkpt>
   <trkpt lat="-1.2379110" lon="36.8328770">
    <ele>1661.6</ele>
    <time>2026-01-31T05:18:29Z</time>
   </trkpt>
   <trkpt lat="-1.2379320" lon="36.8329090">
    <ele>1661.5</ele>
    <time>2026-01-31T05:18:30Z</time>
   </trkpt>
   <trkpt lat="-1.2379390" lon="36.8329200">
    <ele>1661.5</ele>
    <time>2026-01-31T05:18:31Z</time>
   </trkpt>
   <trkpt lat="-1.2379630" lon="36.8329520">
    <ele>1661.4</ele>
    <time>2026-01-31T05:18:32Z</time>
   </trkpt>
   <trkpt lat="-1.2379700" lon="36.8329630">
    <ele>1661.3</ele>
    <time>2026-01-31T05:18:33Z</time>
   </trkpt>
   <trkpt lat="-1.2379890" lon="36.8329970">
    <ele>1661.2</ele>
    <time>2026-01-31T05:18:34Z</time>
   </trkpt>
   <trkpt lat="-1.2379940" lon="36.8330080">
    <ele>1661.2</ele>
    <time>2026-01-31T05:18:35Z</time>
   </trkpt>
   <trkpt lat="-1.2380100" lon="36.8330430">
    <ele>1661.1</ele>
    <time>2026-01-31T05:18:36Z</time>
   </trkpt>
   <trkpt lat="-1.2380150" lon="36.8330550">
    <ele>1661.1</ele>
    <time>2026-01-31T05:18:37Z</time>
   </trkpt>
   <trkpt lat="-1.2380270" lon="36.8330890">
    <ele>1661.0</ele>
    <time>2026-01-31T05:18:38Z</time>
   </trkpt>
   <trkpt lat="-1.2380310" lon="36.8331010">
    <ele>1661.0</ele>
    <time>2026-01-31T05:18:39Z</time>
   </trkpt>
   <trkpt lat="-1.2380390" lon="36.8331370">
    <ele>1660.9</ele>
    <time>2026-01-31T05:18:40Z</time>
   </trkpt>
   <trkpt lat="-1.2380400" lon="36.8331490">
    <ele>1660.8</ele>
    <time>2026-01-31T05:18:41Z</time>
   </trkpt>
   <trkpt lat="-1.2380420" lon="36.8331850">
    <ele>1660.7</ele>
    <time>2026-01-31T05:18:42Z</time>
   </trkpt>
   <trkpt lat="-1.2380420" lon="36.8331970">
    <ele>1660.7</ele>
    <time>2026-01-31T05:18:43Z</time>
   </trkpt>
   <trkpt lat="-1.2380450" lon="36.8332330">
    <ele>1660.6</ele>
    <time>2026-01-31T05:18:44Z</time>
   </trkpt>
   <trkpt lat="-1.2380460" lon="36.8332440">
    <ele>1660.6</ele>
    <time>2026-01-31T05:18:45Z</time>
   </trkpt>
   <trkpt lat="-1.2380490" lon="36.8332780">
    <ele>1660.5</ele>
    <time>2026-01-31T05:18:46Z</time>
   </trkpt>
   <trkpt lat="-1.2380490" lon="36.8332890">
    <ele>1660.5</ele>
    <time>2026-01-31T05:18:47Z</time>
   </trkpt>
   <trkpt lat="-1.2380580" lon="36.8333230">
    <ele>1660.4</ele>
    <time>2026-01-31T05:18:48Z</time>
   </trkpt>
   <trkpt lat="-1.2380610" lon="36.8333350">
    <ele>1660.3</ele>
    <time>2026-01-31T05:18:49Z</time>
   </trkpt>
   <trkpt lat="-1.2380710" lon="36.8333710">
    <ele>1660.2</ele>
    <time>2026-01-31T05:18:50Z</time>
   </trkpt>
   <trkpt lat="-1.2380740" lon="36.8333830">
    <ele>1660.2</ele>
    <time>2026-01-31T05:18:51Z</time>
   </trkpt>
   <trkpt lat="-1.2380870" lon="36.8334210">
    <ele>1660.1</ele>
    <time>2026-01-31T05:18:52Z</time>
   </trkpt>
   <trkpt lat="-1.2380910" lon="36.8334340">
    <ele>1660.0</ele>
    <time>2026-01-31T05:18:53Z</time>
   </trkpt>
   <trkpt lat="-1.2381060" lon="36.8334740">
    <ele>1659.9</ele>
    <time>2026-01-31T05:18:54Z</time>
   </trkpt>
   <trkpt lat="-1.2381130" lon="36.8334910">
    <ele>1659.9</ele>
    <time>2026-01-31T05:18:55Z</time>
   </trkpt>
   <trkpt lat="-1.2381240" lon="36.8335210">
    <ele>1659.8</ele>
    <time>2026-01-31T05:18:56Z</time>
   </trkpt>
   <trkpt lat="-1.2381400" lon="36.8335580">
    <ele>1659.7</ele>
    <time>2026-01-31T05:18:57Z</time>
   </trkpt>
   <trkpt lat="-1.2381460" lon="36.8335720">
    <ele>1659.7</ele>
    <time>2026-01-31T05:18:58Z</time>
   </trkpt>
   <trkpt lat="-1.2381560" lon="36.8336010">
    <ele>1659.6</ele>
    <time>2026-01-31T05:18:59Z</time>
   </trkpt>
   <trkpt lat="-1.2381660" lon="36.8336280">
    <ele>1659.5</ele>
    <time>2026-01-31T05:19:00Z</time>
   </trkpt>
   <trkpt lat="-1.2381780" lon="36.8336650">
    <ele>1659.5</ele>
    <time>2026-01-31T05:19:01Z</time>
   </trkpt>
   <trkpt lat="-1.2381820" lon="36.8336770">
    <ele>1659.4</ele>
    <time>2026-01-31T05:19:02Z</time>
   </trkpt>
   <trkpt lat="-1.2381920" lon="36.8337130">
    <ele>1659.4</ele>
    <time>2026-01-31T05:19:03Z</time>
   </trkpt>
   <trkpt lat="-1.2381950" lon="36.8337250">
    <ele>1659.4</ele>
    <time>2026-01-31T05:19:04Z</time>
   </trkpt>
   <trkpt lat="-1.2381960" lon="36.8337590">
    <ele>1659.3</ele>
    <time>2026-01-31T05:19:05Z</time>
   </trkpt>
   <trkpt lat="-1.2381960" lon="36.8337700">
    <ele>1659.3</ele>
    <time>2026-01-31T05:19:06Z</time>
   </trkpt>
   <trkpt lat="-1.2381970" lon="36.8338030">
    <ele>1659.2</ele>
    <time>2026-01-31T05:19:07Z</time>
   </trkpt>
   <trkpt lat="-1.2381970" lon="36.8338140">
    <ele>1659.2</ele>
    <time>2026-01-31T05:19:08Z</time>
   </trkpt>
   <trkpt lat="-1.2381970" lon="36.8338480">
    <ele>1659.2</ele>
    <time>2026-01-31T05:19:09Z</time>
   </trkpt>
   <trkpt lat="-1.2381950" lon="36.8338600">
    <ele>1659.2</ele>
    <time>2026-01-31T05:19:10Z</time>
   </trkpt>
   <trkpt lat="-1.2381970" lon="36.8338950">
    <ele>1659.1</ele>
    <time>2026-01-31T05:19:11Z</time>
   </trkpt>
   <trkpt lat="-1.2381970" lon="36.8339050">
    <ele>1659.1</ele>
    <time>2026-01-31T05:19:12Z</time>
   </trkpt>
   <trkpt lat="-1.2381980" lon="36.8339380">
    <ele>1659.1</ele>
    <time>2026-01-31T05:19:13Z</time>
   </trkpt>
   <trkpt lat="-1.2381970" lon="36.8339500">
    <ele>1659.0</ele>
    <time>2026-01-31T05:19:14Z</time>
   </trkpt>
   <trkpt lat="-1.2381930" lon="36.8339850">
    <ele>1659.0</ele>
    <time>2026-01-31T05:19:15Z</time>
   </trkpt>
   <trkpt lat="-1.2381910" lon="36.8339960">
    <ele>1659.0</ele>
    <time>2026-01-31T05:19:16Z</time>
   </trkpt>
   <trkpt lat="-1.2381850" lon="36.8340310">
    <ele>1658.9</ele>
    <time>2026-01-31T05:19:17Z</time>
   </trkpt>
   <trkpt lat="-1.2381830" lon="36.8340420">
    <ele>1658.9</ele>
    <time>2026-01-31T05:19:18Z</time>
   </trkpt>
   <trkpt lat="-1.2381780" lon="36.8340760">
    <ele>1658.9</ele>
    <time>2026-01-31T05:19:19Z</time>
   </trkpt>
   <trkpt lat="-1.2381760" lon="36.8340880">
    <ele>1658.8</ele>
    <time>2026-01-31T05:19:20Z</time>
   </trkpt>
   <trkpt lat="-1.2381730" lon="36.8341190">
    <ele>1658.8</ele>
    <time>2026-01-31T05:19:21Z</time>
   </trkpt>
   <trkpt lat="-1.2381720" lon="36.8341300">
    <ele>1658.8</ele>
    <time>2026-01-31T05:19:22Z</time>
   </trkpt>
   <trkpt lat="-1.2381680" lon="36.8341640">
    <ele>1658.7</ele>
    <time>2026-01-31T05:19:23Z</time>
   </trkpt>
   <trkpt lat="-1.2381660" lon="36.8341760">
    <ele>1658.7</ele>
    <time>2026-01-31T05:19:24Z</time>
   </trkpt>
   <trkpt lat="-1.2381610" lon="36.8342100">
    <ele>1658.6</ele>
    <time>2026-01-31T05:19:25Z</time>
   </trkpt>
   <trkpt lat="-1.2381600" lon="36.8342220">
    <ele>1658.6</ele>
    <time>2026-01-31T05:19:26Z</time>
   </trkpt>
   <trkpt lat="-1.2381580" lon="36.8342550">
    <ele>1658.5</ele>
    <time>2026-01-31T05:19:27Z</time>
   </trkpt>
   <trkpt lat="-1.2381570" lon="36.8342650">
    <ele>1658.5</ele>
    <time>2026-01-31T05:19:28Z</time>
   </trkpt>
   <trkpt lat="-1.2381550" lon="36.8342940">
    <ele>1658.4</ele>
    <time>2026-01-31T05:19:29Z</time>
   </trkpt>
   <trkpt lat="-1.2381540" lon="36.8343020">
    <ele>1658.4</ele>
    <time>2026-01-31T05:19:30Z</time>
   </trkpt>
   <trkpt lat="-1.2381520" lon="36.8343200">
    <ele>1658.4</ele>
    <time>2026-01-31T05:19:31Z</time>
   </trkpt>
   <trkpt lat="-1.2381510" lon="36.8343370">
    <ele>1658.4</ele>
    <time>2026-01-31T05:19:32Z</time>
   </trkpt>
   <trkpt lat="-1.2381520" lon="36.8343660">
    <ele>1658.3</ele>
    <time>2026-01-31T05:19:33Z</time>
   </trkpt>
   <trkpt lat="-1.2381520" lon="36.8343770">
    <ele>1658.3</ele>
    <time>2026-01-31T05:19:34Z</time>
   </trkpt>
   <trkpt lat="-1.2381580" lon="36.8344080">
    <ele>1658.3</ele>
    <time>2026-01-31T05:19:35Z</time>
   </trkpt>
   <trkpt lat="-1.2381590" lon="36.8344180">
    <ele>1658.3</ele>
    <time>2026-01-31T05:19:36Z</time>
   </trkpt>
   <trkpt lat="-1.2381620" lon="36.8344510">
    <ele>1658.2</ele>
    <time>2026-01-31T05:19:37Z</time>
   </trkpt>
   <trkpt lat="-1.2381620" lon="36.8344620">
    <ele>1658.2</ele>
    <time>2026-01-31T05:19:38Z</time>
   </trkpt>
   <trkpt lat="-1.2381630" lon="36.8344990">
    <ele>1658.2</ele>
    <time>2026-01-31T05:19:39Z</time>
   </trkpt>
   <trkpt lat="-1.2381630" lon="36.8345100">
    <ele>1658.1</ele>
    <time>2026-01-31T05:19:40Z</time>
   </trkpt>
   <trkpt lat="-1.2381690" lon="36.8345420">
    <ele>1658.1</ele>
    <time>2026-01-31T05:19:41Z</time>
   </trkpt>
   <trkpt lat="-1.2381710" lon="36.8345530">
    <ele>1658.1</ele>
    <time>2026-01-31T05:19:42Z</time>
   </trkpt>
   <trkpt lat="-1.2381760" lon="36.8345860">
    <ele>1658.0</ele>
    <time>2026-01-31T05:19:43Z</time>
   </trkpt>
   <trkpt lat="-1.2381780" lon="36.8345980">
    <ele>1658.0</ele>
    <time>2026-01-31T05:19:44Z</time>
   </trkpt>
   <trkpt lat="-1.2381880" lon="36.8346290">
    <ele>1658.0</ele>
    <time>2026-01-31T05:19:45Z</time>
   </trkpt>
   <trkpt lat="-1.2381910" lon="36.8346390">
    <ele>1658.0</ele>
    <time>2026-01-31T05:19:46Z</time>
   </trkpt>
   <trkpt lat="-1.2382000" lon="36.8346700">
    <ele>1658.0</ele>
    <time>2026-01-31T05:19:47Z</time>
   </trkpt>
   <trkpt lat="-1.2382030" lon="36.8346800">
    <ele>1658.0</ele>
    <time>2026-01-31T05:19:48Z</time>
   </trkpt>
   <trkpt lat="-1.2382070" lon="36.8347120">
    <ele>1657.9</ele>
    <time>2026-01-31T05:19:49Z</time>
   </trkpt>
   <trkpt lat="-1.2382080" lon="36.8347240">
    <ele>1657.9</ele>
    <time>2026-01-31T05:19:50Z</time>
   </trkpt>
   <trkpt lat="-1.2382140" lon="36.8347550">
    <ele>1657.9</ele>
    <time>2026-01-31T05:19:51Z</time>
   </trkpt>
   <trkpt lat="-1.2382170" lon="36.8347650">
    <ele>1657.9</ele>
    <time>2026-01-31T05:19:52Z</time>
   </trkpt>
   <trkpt lat="-1.2382240" lon="36.8347970">
    <ele>1657.8</ele>
    <time>2026-01-31T05:19:53Z</time>
   </trkpt>
   <trkpt lat="-1.2382260" lon="36.8348090">
    <ele>1657.8</ele>
    <time>2026-01-31T05:19:54Z</time>
   </trkpt>
   <trkpt lat="-1.2382320" lon="36.8348410">
    <ele>1657.8</ele>
    <time>2026-01-31T05:19:55Z</time>
   </trkpt>
   <trkpt lat="-1.2382330" lon="36.8348530">
    <ele>1657.8</ele>
    <time>2026-01-31T05:19:56Z</time>
   </trkpt>
   <trkpt lat="-1.2382350" lon="36.8348860">
    <ele>1657.7</ele>
    <time>2026-01-31T05:19:57Z</time>
   </trkpt>
   <trkpt lat="-1.2382360" lon="36.8348970">
    <ele>1657.7</ele>
    <time>2026-01-31T05:19:58Z</time>
   </trkpt>
   <trkpt lat="-1.2382390" lon="36.8349310">
    <ele>1657.7</ele>
    <time>2026-01-31T05:19:59Z</time>
   </trkpt>
   <trkpt lat="-1.2382390" lon="36.8349430">
    <ele>1657.6</ele>
    <time>2026-01-31T05:20:00Z</time>
   </trkpt>
   <trkpt lat="-1.2382390" lon="36.8349770">
    <ele>1657.6</ele>
    <time>2026-01-31T05:20:01Z</time>
   </trkpt>
   <trkpt lat="-1.2382390" lon="36.8349880">
    <ele>1657.5</ele>
    <time>2026-01-31T05:20:02Z</time>
   </trkpt>
   <trkpt lat="-1.2382410" lon="36.8350240">
    <ele>1657.5</ele>
    <time>2026-01-31T05:20:03Z</time>
   </trkpt>
   <trkpt lat="-1.2382430" lon="36.8350360">
    <ele>1657.4</ele>
    <time>2026-01-31T05:20:04Z</time>
   </trkpt>
   <trkpt lat="-1.2382490" lon="36.8350710">
    <ele>1657.4</ele>
    <time>2026-01-31T05:20:05Z</time>
   </trkpt>
   <trkpt lat="-1.2382500" lon="36.8350830">
    <ele>1657.3</ele>
    <time>2026-01-31T05:20:06Z</time>
   </trkpt>
   <trkpt lat="-1.2382540" lon="36.8351160">
    <ele>1657.3</ele>
    <time>2026-01-31T05:20:07Z</time>
   </trkpt>
   <trkpt lat="-1.2382560" lon="36.8351280">
    <ele>1657.2</ele>
    <time>2026-01-31T05:20:08Z</time>
   </trkpt>
   <trkpt lat="-1.2382670" lon="36.8351650">
    <ele>1657.1</ele>
    <time>2026-01-31T05:20:09Z</time>
   </trkpt>
   <trkpt lat="-1.2382710" lon="36.8351780">
    <ele>1657.1</ele>
    <time>2026-01-31T05:20:10Z</time>
   </trkpt>
   <trkpt lat="-1.2382860" lon="36.8352130">
    <ele>1657.0</ele>
    <time>2026-01-31T05:20:11Z</time>
   </trkpt>
   <trkpt lat="-1.2382890" lon="36.8352250">
    <ele>1657.0</ele>
    <time>2026-01-31T05:20:12Z</time>
   </trkpt>
   <trkpt lat="-1.2383070" lon="36.8352590">
    <ele>1656.9</ele>
    <time>2026-01-31T05:20:13Z</time>
   </trkpt>
   <trkpt lat="-1.2383140" lon="36.8352720">
    <ele>1656.9</ele>
    <time>2026-01-31T05:20:14Z</time>
   </trkpt>
   <trkpt lat="-1.2383320" lon="36.8353050">
    <ele>1656.8</ele>
    <time>2026-01-31T05:20:15Z</time>
   </trkpt>
   <trkpt lat="-1.2383370" lon="36.8353170">
    <ele>1656.8</ele>
    <time>2026-01-31T05:20:16Z</time>
   </trkpt>
   <trkpt lat="-1.2383530" lon="36.8353500">
    <ele>1656.7</ele>
    <time>2026-01-31T05:20:17Z</time>
   </trkpt>
   <trkpt lat="-1.2383580" lon="36.8353610">
    <ele>1656.7</ele>
    <time>2026-01-31T05:20:18Z</time>
   </trkpt>
   <trkpt lat="-1.2383730" lon="36.8353950">
    <ele>1656.7</ele>
    <time>2026-01-31T05:20:19Z</time>
   </trkpt>
   <trkpt lat="-1.2383770" lon="36.8354060">
    <ele>1656.7</ele>
    <time>2026-01-31T05:20:20Z</time>
   </trkpt>
   <trkpt lat="-1.2383880" lon="36.8354390">
    <ele>1656.7</ele>
    <time>2026-01-31T05:20:21Z</time>
   </trkpt>
   <trkpt lat="-1.2383910" lon="36.8354500">
    <ele>1656.6</ele>
    <time>2026-01-31T05:20:22Z</time>
   </trkpt>
   <trkpt lat="-1.2384000" lon="36.8354830">
    <ele>1656.6</ele>
    <time>2026-01-31T05:20:23Z</time>
   </trkpt>
   <trkpt lat="-1.2384020" lon="36.8354940">
    <ele>1656.6</ele>
    <time>2026-01-31T05:20:24Z</time>
   </trkpt>
   <trkpt lat="-1.2384110" lon="36.8355270">
    <ele>1656.6</ele>
    <time>2026-01-31T05:20:25Z</time>
   </trkpt>
   <trkpt lat="-1.2384140" lon="36.8355380">
    <ele>1656.6</ele>
    <time>2026-01-31T05:20:26Z</time>
   </trkpt>
   <trkpt lat="-1.2384220" lon="36.8355690">
    <ele>1656.6</ele>
    <time>2026-01-31T05:20:27Z</time>
   </trkpt>
   <trkpt lat="-1.2384240" lon="36.8355790">
    <ele>1656.6</ele>
    <time>2026-01-31T05:20:28Z</time>
   </trkpt>
   <trkpt lat="-1.2384350" lon="36.8356120">
    <ele>1656.6</ele>
    <time>2026-01-31T05:20:29Z</time>
   </trkpt>
   <trkpt lat="-1.2384390" lon="36.8356230">
    <ele>1656.6</ele>
    <time>2026-01-31T05:20:30Z</time>
   </trkpt>
   <trkpt lat="-1.2384520" lon="36.8356550">
    <ele>1656.6</ele>
    <time>2026-01-31T05:20:31Z</time>
   </trkpt>
   <trkpt lat="-1.2384560" lon="36.8356670">
    <ele>1656.6</ele>
    <time>2026-01-31T05:20:32Z</time>
   </trkpt>
   <trkpt lat="-1.2384730" lon="36.8356990">
    <ele>1656.6</ele>
    <time>2026-01-31T05:20:33Z</time>
   </trkpt>
   <trkpt lat="-1.2384800" lon="36.8357110">
    <ele>1656.6</ele>
    <time>2026-01-31T05:20:34Z</time>
   </trkpt>
   <trkpt lat="-1.2384950" lon="36.8357340">
    <ele>1656.6</ele>
    <time>2026-01-31T05:20:35Z</time>
   </trkpt>
   <trkpt lat="-1.2385100" lon="36.8357580">
    <ele>1656.6</ele>
    <time>2026-01-31T05:20:36Z</time>
   </trkpt>
   <trkpt lat="-1.2385240" lon="36.8357830">
    <ele>1656.6</ele>
    <time>2026-01-31T05:20:37Z</time>
   </trkpt>
   <trkpt lat="-1.2385370" lon="36.8358080">
    <ele>1656.5</ele>
    <time>2026-01-31T05:20:38Z</time>
   </trkpt>
   <trkpt lat="-1.2385500" lon="36.8358330">
    <ele>1656.5</ele>
    <time>2026-01-31T05:20:39Z</time>
   </trkpt>
   <trkpt lat="-1.2385680" lon="36.8358680">
    <ele>1656.4</ele>
    <time>2026-01-31T05:20:40Z</time>
   </trkpt>
   <trkpt lat="-1.2385740" lon="36.8358800">
    <ele>1656.4</ele>
    <time>2026-01-31T05:20:41Z</time>
   </trkpt>
   <trkpt lat="-1.2385920" lon="36.8359150">
    <ele>1656.3</ele>
    <time>2026-01-31T05:20:42Z</time>
   </trkpt>
   <trkpt lat="-1.2385980" lon="36.8359270">
    <ele>1656.2</ele>
    <time>2026-01-31T05:20:43Z</time>
   </trkpt>
   <trkpt lat="-1.2386170" lon="36.8359590">
    <ele>1656.1</ele>
    <time>2026-01-31T05:20:44Z</time>
   </trkpt>
   <trkpt lat="-1.2386230" lon="36.8359710">
    <ele>1656.1</ele>
    <time>2026-01-31T05:20:45Z</time>
   </trkpt>
   <trkpt lat="-1.2386400" lon="36.8360030">
    <ele>1656.0</ele>
    <time>2026-01-31T05:20:46Z</time>
   </trkpt>
   <trkpt lat="-1.2386450" lon="36.8360140">
    <ele>1655.9</ele>
    <time>2026-01-31T05:20:47Z</time>
   </trkpt>
   <trkpt lat="-1.2386600" lon="36.8360490">
    <ele>1655.8</ele>
    <time>2026-01-31T05:20:48Z</time>
   </trkpt>
   <trkpt lat="-1.2386650" lon="36.8360610">
    <ele>1655.8</ele>
    <time>2026-01-31T05:20:49Z</time>
   </trkpt>
   <trkpt lat="-1.2386810" lon="36.8360960">
    <ele>1655.7</ele>
    <time>2026-01-31T05:20:50Z</time>
   </trkpt>
   <trkpt lat="-1.2386870" lon="36.8361100">
    <ele>1655.7</ele>
    <time>2026-01-31T05:20:51Z</time>
   </trkpt>
   <trkpt lat="-1.2387000" lon="36.8361350">
    <ele>1655.6</ele>
    <time>2026-01-31T05:20:52Z</time>
   </trkpt>
   <trkpt lat="-1.2387150" lon="36.8361590">
    <ele>1655.6</ele>
    <time>2026-01-31T05:20:53Z</time>
   </trkpt>
   <trkpt lat="-1.2387300" lon="36.8361840">
    <ele>1655.5</ele>
    <time>2026-01-31T05:20:54Z</time>
   </trkpt>
   <trkpt lat="-1.2387500" lon="36.8362170">
    <ele>1655.5</ele>
    <time>2026-01-31T05:20:55Z</time>
   </trkpt>
   <trkpt lat="-1.2387570" lon="36.8362300">
    <ele>1655.4</ele>
    <time>2026-01-31T05:20:56Z</time>
   </trkpt>
   <trkpt lat="-1.2387710" lon="36.8362580">
    <ele>1655.4</ele>
    <time>2026-01-31T05:20:57Z</time>
   </trkpt>
   <trkpt lat="-1.2387820" lon="36.8362840">
    <ele>1655.4</ele>
    <time>2026-01-31T05:20:58Z</time>
   </trkpt>
   <trkpt lat="-1.2387930" lon="36.8363110">
    <ele>1655.3</ele>
    <time>2026-01-31T05:20:59Z</time>
   </trkpt>
   <trkpt lat="-1.2388050" lon="36.8363350">
    <ele>1655.3</ele>
    <time>2026-01-31T05:21:00Z</time>
   </trkpt>
   <trkpt lat="-1.2388170" lon="36.8363630">
    <ele>1655.3</ele>
    <time>2026-01-31T05:21:01Z</time>
   </trkpt>
   <trkpt lat="-1.2388330" lon="36.8363920">
    <ele>1655.3</ele>
    <time>2026-01-31T05:21:02Z</time>
   </trkpt>
   <trkpt lat="-1.2388520" lon="36.8364190">
    <ele>1655.2</ele>
    <time>2026-01-31T05:21:03Z</time>
   </trkpt>
   <trkpt lat="-1.2388720" lon="36.8364460">
    <ele>1655.2</ele>
    <time>2026-01-31T05:21:04Z</time>
   </trkpt>
   <trkpt lat="-1.2388920" lon="36.8364720">
    <ele>1655.3</ele>
    <time>2026-01-31T05:21:05Z</time>
   </trkpt>
   <trkpt lat="-1.2389100" lon="36.8364940">
    <ele>1655.3</ele>
    <time>2026-01-31T05:21:06Z</time>
   </trkpt>
   <trkpt lat="-1.2389340" lon="36.8365210">
    <ele>1655.3</ele>
    <time>2026-01-31T05:21:07Z</time>
   </trkpt>
   <trkpt lat="-1.2389530" lon="36.8365430">
    <ele>1655.3</ele>
    <time>2026-01-31T05:21:08Z</time>
   </trkpt>
   <trkpt lat="-1.2389710" lon="36.8365660">
    <ele>1655.3</ele>
    <time>2026-01-31T05:21:09Z</time>
   </trkpt>
   <trkpt lat="-1.2389890" lon="36.8365880">
    <ele>1655.4</ele>
    <time>2026-01-31T05:21:10Z</time>
   </trkpt>
   <trkpt lat="-1.2390070" lon="36.8366120">
    <ele>1655.4</ele>
    <time>2026-01-31T05:21:11Z</time>
   </trkpt>
   <trkpt lat="-1.2390350" lon="36.8366440">
    <ele>1655.5</ele>
    <time>2026-01-31T05:21:12Z</time>
   </trkpt>
   <trkpt lat="-1.2390460" lon="36.8366560">
    <ele>1655.5</ele>
    <time>2026-01-31T05:21:13Z</time>
   </trkpt>
   <trkpt lat="-1.2390640" lon="36.8366770">
    <ele>1655.6</ele>
    <time>2026-01-31T05:21:14Z</time>
   </trkpt>
   <trkpt lat="-1.2390800" lon="36.8367010">
    <ele>1655.7</ele>
    <time>2026-01-31T05:21:15Z</time>
   </trkpt>
   <trkpt lat="-1.2391050" lon="36.8367320">
    <ele>1655.8</ele>
    <time>2026-01-31T05:21:16Z</time>
   </trkpt>
   <trkpt lat="-1.2391140" lon="36.8367430">
    <ele>1655.9</ele>
    <time>2026-01-31T05:21:17Z</time>
   </trkpt>
   <trkpt lat="-1.2391370" lon="36.8367710">
    <ele>1656.0</ele>
    <time>2026-01-31T05:21:18Z</time>
   </trkpt>
   <trkpt lat="-1.2391450" lon="36.8367800">
    <ele>1656.1</ele>
    <time>2026-01-31T05:21:19Z</time>
   </trkpt>
   <trkpt lat="-1.2391700" lon="36.8368080">
    <ele>1656.2</ele>
    <time>2026-01-31T05:21:20Z</time>
   </trkpt>
   <trkpt lat="-1.2391780" lon="36.8368170">
    <ele>1656.3</ele>
    <time>2026-01-31T05:21:21Z</time>
   </trkpt>
   <trkpt lat="-1.2391970" lon="36.8368390">
    <ele>1656.4</ele>
    <time>2026-01-31T05:21:22Z</time>
   </trkpt>
   <trkpt lat="-1.2392160" lon="36.8368600">
    <ele>1656.5</ele>
    <time>2026-01-31T05:21:23Z</time>
   </trkpt>
   <trkpt lat="-1.2392340" lon="36.8368800">
    <ele>1656.6</ele>
    <time>2026-01-31T05:21:24Z</time>
   </trkpt>
   <trkpt lat="-1.2392520" lon="36.8369020">
    <ele>1656.7</ele>
    <time>2026-01-31T05:21:25Z</time>
   </trkpt>
   <trkpt lat="-1.2392800" lon="36.8369310">
    <ele>1656.8</ele>
    <time>2026-01-31T05:21:26Z</time>
   </trkpt>
   <trkpt lat="-1.2392910" lon="36.8369410">
    <ele>1656.9</ele>
    <time>2026-01-31T05:21:27Z</time>
   </trkpt>
   <trkpt lat="-1.2393240" lon="36.8369620">
    <ele>1657.0</ele>
    <time>2026-01-31T05:21:28Z</time>
   </trkpt>
   <trkpt lat="-1.2393340" lon="36.8369700">
    <ele>1657.1</ele>
    <time>2026-01-31T05:21:29Z</time>
   </trkpt>
   <trkpt lat="-1.2393600" lon="36.8369960">
    <ele>1657.2</ele>
    <time>2026-01-31T05:21:30Z</time>
   </trkpt>
   <trkpt lat="-1.2393690" lon="36.8370050">
    <ele>1657.2</ele>
    <time>2026-01-31T05:21:31Z</time>
   </trkpt>
   <trkpt lat="-1.2393940" lon="36.8370320">
    <ele>1657.3</ele>
    <time>2026-01-31T05:21:32Z</time>
   </trkpt>
   <trkpt lat="-1.2394020" lon="36.8370420">
    <ele>1657.4</ele>
    <time>2026-01-31T05:21:33Z</time>
   </trkpt>
   <trkpt lat="-1.2394250" lon="36.8370670">
    <ele>1657.4</ele>
    <time>2026-01-31T05:21:34Z</time>
   </trkpt>
   <trkpt lat="-1.2394330" lon="36.8370760">
    <ele>1657.5</ele>
    <time>2026-01-31T05:21:35Z</time>
   </trkpt>
   <trkpt lat="-1.2394610" lon="36.8371010">
    <ele>1657.5</ele>
    <time>2026-01-31T05:21:36Z</time>
   </trkpt>
   <trkpt lat="-1.2394690" lon="36.8371100">
    <ele>1657.5</ele>
    <time>2026-01-31T05:21:37Z</time>
   </trkpt>
   <trkpt lat="-1.2394920" lon="36.8371370">
    <ele>1657.6</ele>
    <time>2026-01-31T05:21:38Z</time>
   </trkpt>
   <trkpt lat="-1.2394990" lon="36.8371470">
    <ele>1657.6</ele>
    <time>2026-01-31T05:21:39Z</time>
   </trkpt>
   <trkpt lat="-1.2395190" lon="36.8371760">
    <ele>1657.6</ele>
    <time>2026-01-31T05:21:40Z</time>
   </trkpt>
   <trkpt lat="-1.2395250" lon="36.8371850">
    <ele>1657.6</ele>
    <time>2026-01-31T05:21:41Z</time>
   </trkpt>
   <trkpt lat="-1.2395460" lon="36.8372120">
    <ele>1657.5</ele>
    <time>2026-01-31T05:21:42Z</time>
   </trkpt>
   <trkpt lat="-1.2395520" lon="36.8372210">
    <ele>1657.5</ele>
    <time>2026-01-31T05:21:43Z</time>
   </trkpt>
   <trkpt lat="-1.2395710" lon="36.8372470">
    <ele>1657.5</ele>
    <time>2026-01-31T05:21:44Z</time>
   </trkpt>
   <trkpt lat="-1.2395790" lon="36.8372560">
    <ele>1657.5</ele>
    <time>2026-01-31T05:21:45Z</time>
   </trkpt>
   <trkpt lat="-1.2396030" lon="36.8372770">
    <ele>1657.5</ele>
    <time>2026-01-31T05:21:46Z</time>
   </trkpt>
   <trkpt lat="-1.2396100" lon="36.8372850">
    <ele>1657.5</ele>
    <time>2026-01-31T05:21:47Z</time>
   </trkpt>
   <trkpt lat="-1.2396310" lon="36.8373080">
    <ele>1657.4</ele>
    <time>2026-01-31T05:21:48Z</time>
   </trkpt>
   <trkpt lat="-1.2396380" lon="36.8373160">
    <ele>1657.4</ele>
    <time>2026-01-31T05:21:49Z</time>
   </trkpt>
   <trkpt lat="-1.2396620" lon="36.8373370">
    <ele>1657.4</ele>
    <time>2026-01-31T05:21:50Z</time>
   </trkpt>
   <trkpt lat="-1.2396690" lon="36.8373430">
    <ele>1657.4</ele>
    <time>2026-01-31T05:21:51Z</time>
   </trkpt>
   <trkpt lat="-1.2396940" lon="36.8373630">
    <ele>1657.3</ele>
    <time>2026-01-31T05:21:52Z</time>
   </trkpt>
   <trkpt lat="-1.2397010" lon="36.8373710">
    <ele>1657.3</ele>
    <time>2026-01-31T05:21:53Z</time>
   </trkpt>
   <trkpt lat="-1.2397270" lon="36.8373900">
    <ele>1657.3</ele>
    <time>2026-01-31T05:21:54Z</time>
   </trkpt>
   <trkpt lat="-1.2397360" lon="36.8373960">
    <ele>1657.3</ele>
    <time>2026-01-31T05:21:55Z</time>
   </trkpt>
   <trkpt lat="-1.2397610" lon="36.8374130">
    <ele>1657.3</ele>
    <time>2026-01-31T05:21:56Z</time>
   </trkpt>
   <trkpt lat="-1.2397690" lon="36.8374200">
    <ele>1657.2</ele>
    <time>2026-01-31T05:21:57Z</time>
   </trkpt>
   <trkpt lat="-1.2397950" lon="36.8374370">
    <ele>1657.2</ele>
    <time>2026-01-31T05:21:58Z</time>
   </trkpt>
   <trkpt lat="-1.2398020" lon="36.8374440">
    <ele>1657.2</ele>
    <time>2026-01-31T05:21:59Z</time>
   </trkpt>
   <trkpt lat="-1.2398270" lon="36.8374640">
    <ele>1657.2</ele>
    <time>2026-01-31T05:22:00Z</time>
   </trkpt>
   <trkpt lat="-1.2398340" lon="36.8374720">
    <ele>1657.2</ele>
    <time>2026-01-31T05:22:01Z</time>
   </trkpt>
   <trkpt lat="-1.2398540" lon="36.8374940">
    <ele>1657.2</ele>
    <time>2026-01-31T05:22:02Z</time>
   </trkpt>
   <trkpt lat="-1.2398610" lon="36.8375020">
    <ele>1657.2</ele>
    <time>2026-01-31T05:22:03Z</time>
   </trkpt>
   <trkpt lat="-1.2398840" lon="36.8375210">
    <ele>1657.1</ele>
    <time>2026-01-31T05:22:04Z</time>
   </trkpt>
   <trkpt lat="-1.2398910" lon="36.8375280">
    <ele>1657.1</ele>
    <time>2026-01-31T05:22:05Z</time>
   </trkpt>
   <trkpt lat="-1.2399120" lon="36.8375510">
    <ele>1657.1</ele>
    <time>2026-01-31T05:22:06Z</time>
   </trkpt>
   <trkpt lat="-1.2399180" lon="36.8375590">
    <ele>1657.1</ele>
    <time>2026-01-31T05:22:07Z</time>
   </trkpt>
   <trkpt lat="-1.2399360" lon="36.8375830">
    <ele>1657.0</ele>
    <time>2026-01-31T05:22:08Z</time>
   </trkpt>
   <trkpt lat="-1.2399410" lon="36.8375920">
    <ele>1657.0</ele>
    <time>2026-01-31T05:22:09Z</time>
   </trkpt>
   <trkpt lat="-1.2399580" lon="36.8376210">
    <ele>1656.8</ele>
    <time>2026-01-31T05:22:10Z</time>
   </trkpt>
   <trkpt lat="-1.2399640" lon="36.8376300">
    <ele>1656.8</ele>
    <time>2026-01-31T05:22:11Z</time>
   </trkpt>
   <trkpt lat="-1.2399750" lon="36.8376610">
    <ele>1656.7</ele>
    <time>2026-01-31T05:22:12Z</time>
   </trkpt>
   <trkpt lat="-1.2399770" lon="36.8376730">
    <ele>1656.6</ele>
    <time>2026-01-31T05:22:13Z</time>
   </trkpt>
   <trkpt lat="-1.2399850" lon="36.8377070">
    <ele>1656.4</ele>
    <time>2026-01-31T05:22:14Z</time>
   </trkpt>
   <trkpt lat="-1.2399890" lon="36.8377180">
    <ele>1656.4</ele>
    <time>2026-01-31T05:22:15Z</time>
   </trkpt>
   <trkpt lat="-1.2400060" lon="36.8377490">
    <ele>1656.1</ele>
    <time>2026-01-31T05:22:16Z</time>
   </trkpt>
   <trkpt lat="-1.2400100" lon="36.8377590">
    <ele>1656.1</ele>
    <time>2026-01-31T05:22:17Z</time>
   </trkpt>
   <trkpt lat="-1.2400180" lon="36.8377900">
    <ele>1655.8</ele>
    <time>2026-01-31T05:22:18Z</time>
   </trkpt>
   <trkpt lat="-1.2400190" lon="36.8378020">
    <ele>1655.8</ele>
    <time>2026-01-31T05:22:19Z</time>
   </trkpt>
   <trkpt lat="-1.2400210" lon="36.8378340">
    <ele>1655.5</ele>
    <time>2026-01-31T05:22:20Z</time>
   </trkpt>
   <trkpt lat="-1.2400220" lon="36.8378450">
    <ele>1655.4</ele>
    <time>2026-01-31T05:22:21Z</time>
   </trkpt>
   <trkpt lat="-1.2400290" lon="36.8378770">
    <ele>1655.1</ele>
    <time>2026-01-31T05:22:22Z</time>
   </trkpt>
   <trkpt lat="-1.2400310" lon="36.8378870">
    <ele>1655.1</ele>
    <time>2026-01-31T05:22:23Z</time>
   </trkpt>
   <trkpt lat="-1.2400370" lon="36.8379180">
    <ele>1654.8</ele>
    <time>2026-01-31T05:22:24Z</time>
   </trkpt>
   <trkpt lat="-1.2400390" lon="36.8379290">
    <ele>1654.7</ele>
    <time>2026-01-31T05:22:25Z</time>
   </trkpt>
   <trkpt lat="-1.2400410" lon="36.8379620">
    <ele>1654.4</ele>
    <time>2026-01-31T05:22:26Z</time>
   </trkpt>
   <trkpt lat="-1.2400410" lon="36.8379720">
    <ele>1654.3</ele>
    <time>2026-01-31T05:22:27Z</time>
   </trkpt>
   <trkpt lat="-1.2400410" lon="36.8380030">
    <ele>1654.0</ele>
    <time>2026-01-31T05:22:28Z</time>
   </trkpt>
   <trkpt lat="-1.2400400" lon="36.8380140">
    <ele>1654.0</ele>
    <time>2026-01-31T05:22:29Z</time>
   </trkpt>
   <trkpt lat="-1.2400340" lon="36.8380450">
    <ele>1653.7</ele>
    <time>2026-01-31T05:22:30Z</time>
   </trkpt>
   <trkpt lat="-1.2400320" lon="36.8380540">
    <ele>1653.6</ele>
    <time>2026-01-31T05:22:31Z</time>
   </trkpt>
   <trkpt lat="-1.2400260" lon="36.8380840">
    <ele>1653.3</ele>
    <time>2026-01-31T05:22:32Z</time>
   </trkpt>
   <trkpt lat="-1.2400250" lon="36.8380940">
    <ele>1653.3</ele>
    <time>2026-01-31T05:22:33Z</time>
   </trkpt>
   <trkpt lat="-1.2400240" lon="36.8381230">
    <ele>1653.0</ele>
    <time>2026-01-31T05:22:34Z</time>
   </trkpt>
   <trkpt lat="-1.2400230" lon="36.8381330">
    <ele>1653.0</ele>
    <time>2026-01-31T05:22:35Z</time>
   </trkpt>
   <trkpt lat="-1.2400180" lon="36.8381650">
    <ele>1652.8</ele>
    <time>2026-01-31T05:22:36Z</time>
   </trkpt>
   <trkpt lat="-1.2400160" lon="36.8381750">
    <ele>1652.7</ele>
    <time>2026-01-31T05:22:37Z</time>
   </trkpt>
   <trkpt lat="-1.2400060" lon="36.8382060">
    <ele>1652.5</ele>
    <time>2026-01-31T05:22:38Z</time>
   </trkpt>
   <trkpt lat="-1.2400020" lon="36.8382160">
    <ele>1652.5</ele>
    <time>2026-01-31T05:22:39Z</time>
   </trkpt>
   <trkpt lat="-1.2399950" lon="36.8382480">
    <ele>1652.3</ele>
    <time>2026-01-31T05:22:40Z</time>
   </trkpt>
   <trkpt lat="-1.2399920" lon="36.8382580">
    <ele>1652.3</ele>
    <time>2026-01-31T05:22:41Z</time>
   </trkpt>
   <trkpt lat="-1.2399870" lon="36.8382920">
    <ele>1652.1</ele>
    <time>2026-01-31T05:22:42Z</time>
   </trkpt>
   <trkpt lat="-1.2399840" lon="36.8383010">
    <ele>1652.1</ele>
    <time>2026-01-31T05:22:43Z</time>
   </trkpt>
   <trkpt lat="-1.2399750" lon="36.8383350">
    <ele>1652.0</ele>
    <time>2026-01-31T05:22:44Z</time>
   </trkpt>
   <trkpt lat="-1.2399720" lon="36.8383460">
    <ele>1651.9</ele>
    <time>2026-01-31T05:22:45Z</time>
   </trkpt>
   <trkpt lat="-1.2399630" lon="36.8383790">
    <ele>1651.8</ele>
    <time>2026-01-31T05:22:46Z</time>
   </trkpt>
   <trkpt lat="-1.2399600" lon="36.8383900">
    <ele>1651.8</ele>
    <time>2026-01-31T05:22:47Z</time>
   </trkpt>
   <trkpt lat="-1.2399530" lon="36.8384220">
    <ele>1651.7</ele>
    <time>2026-01-31T05:22:48Z</time>
   </trkpt>
   <trkpt lat="-1.2399510" lon="36.8384330">
    <ele>1651.7</ele>
    <time>2026-01-31T05:22:49Z</time>
   </trkpt>
   <trkpt lat="-1.2399460" lon="36.8384670">
    <ele>1651.6</ele>
    <time>2026-01-31T05:22:50Z</time>
   </trkpt>
   <trkpt lat="-1.2399440" lon="36.8384780">
    <ele>1651.5</ele>
    <time>2026-01-31T05:22:51Z</time>
   </trkpt>
   <trkpt lat="-1.2399410" lon="36.8385150">
    <ele>1651.5</ele>
    <time>2026-01-31T05:22:52Z</time>
   </trkpt>
   <trkpt lat="-1.2399400" lon="36.8385280">
    <ele>1651.4</ele>
    <time>2026-01-31T05:22:53Z</time>
   </trkpt>
   <trkpt lat="-1.2399370" lon="36.8385660">
    <ele>1651.3</ele>
    <time>2026-01-31T05:22:54Z</time>
   </trkpt>
   <trkpt lat="-1.2399350" lon="36.8385780">
    <ele>1651.3</ele>
    <time>2026-01-31T05:22:55Z</time>
   </trkpt>
   <trkpt lat="-1.2399300" lon="36.8386140">
    <ele>1651.2</ele>
    <time>2026-01-31T05:22:56Z</time>
   </trkpt>
   <trkpt lat="-1.2399270" lon="36.8386270">
    <ele>1651.2</ele>
    <time>2026-01-31T05:22:57Z</time>
   </trkpt>
   <trkpt lat="-1.2399200" lon="36.8386610">
    <ele>1651.1</ele>
    <time>2026-01-31T05:22:58Z</time>
   </trkpt>
   <trkpt lat="-1.2399180" lon="36.8386720">
    <ele>1651.1</ele>
    <time>2026-01-31T05:22:59Z</time>
   </trkpt>
   <trkpt lat="-1.2399160" lon="36.8387050">
    <ele>1651.0</ele>
    <time>2026-01-31T05:23:00Z</time>
   </trkpt>
   <trkpt lat="-1.2399150" lon="36.8387160">
    <ele>1651.0</ele>
    <time>2026-01-31T05:23:01Z</time>
   </trkpt>
   <trkpt lat="-1.2399130" lon="36.8387490">
    <ele>1651.0</ele>
    <time>2026-01-31T05:23:02Z</time>
   </trkpt>
   <trkpt lat="-1.2399100" lon="36.8387590">
    <ele>1651.0</ele>
    <time>2026-01-31T05:23:03Z</time>
   </trkpt>
   <trkpt lat="-1.2399040" lon="36.8387940">
    <ele>1650.9</ele>
    <time>2026-01-31T05:23:04Z</time>
   </trkpt>
   <trkpt lat="-1.2399020" lon="36.8388050">
    <ele>1650.9</ele>
    <time>2026-01-31T05:23:05Z</time>
   </trkpt>
   <trkpt lat="-1.2398940" lon="36.8388400">
    <ele>1650.9</ele>
    <time>2026-01-31T05:23:06Z</time>
   </trkpt>
   <trkpt lat="-1.2398920" lon="36.8388510">
    <ele>1650.9</ele>
    <time>2026-01-31T05:23:07Z</time>
   </trkpt>
   <trkpt lat="-1.2398850" lon="36.8388840">
    <ele>1650.9</ele>
    <time>2026-01-31T05:23:08Z</time>
   </trkpt>
   <trkpt lat="-1.2398820" lon="36.8388940">
    <ele>1650.9</ele>
    <time>2026-01-31T05:23:09Z</time>
   </trkpt>
   <trkpt lat="-1.2398810" lon="36.8389270">
    <ele>1650.9</ele>
    <time>2026-01-31T05:23:10Z</time>
   </trkpt>
   <trkpt lat="-1.2398810" lon="36.8389380">
    <ele>1650.9</ele>
    <time>2026-01-31T05:23:11Z</time>
   </trkpt>
   <trkpt lat="-1.2398830" lon="36.8389720">
    <ele>1650.9</ele>
    <time>2026-01-31T05:23:12Z</time>
   </trkpt>
   <trkpt lat="-1.2398830" lon="36.8389830">
    <ele>1650.9</ele>
    <time>2026-01-31T05:23:13Z</time>
   </trkpt>
   <trkpt lat="-1.2398840" lon="36.8390190">
    <ele>1650.8</ele>
    <time>2026-01-31T05:23:14Z</time>
   </trkpt>
   <trkpt lat="-1.2398840" lon="36.8390310">
    <ele>1650.8</ele>
    <time>2026-01-31T05:23:15Z</time>
   </trkpt>
   <trkpt lat="-1.2398870" lon="36.8390660">
    <ele>1650.8</ele>
    <time>2026-01-31T05:23:16Z</time>
   </trkpt>
   <trkpt lat="-1.2398870" lon="36.8390790">
    <ele>1650.8</ele>
    <time>2026-01-31T05:23:17Z</time>
   </trkpt>
   <trkpt lat="-1.2398850" lon="36.8391150">
    <ele>1650.8</ele>
    <time>2026-01-31T05:23:18Z</time>
   </trkpt>
   <trkpt lat="-1.2398840" lon="36.8391270">
    <ele>1650.8</ele>
    <time>2026-01-31T05:23:19Z</time>
   </trkpt>
   <trkpt lat="-1.2398850" lon="36.8391620">
    <ele>1650.8</ele>
    <time>2026-01-31T05:23:20Z</time>
   </trkpt>
   <trkpt lat="-1.2398850" lon="36.8391740">
    <ele>1650.8</ele>
    <time>2026-01-31T05:23:21Z</time>
   </trkpt>
   <trkpt lat="-1.2398850" lon="36.8392090">
    <ele>1650.8</ele>
    <time>2026-01-31T05:23:22Z</time>
   </trkpt>
   <trkpt lat="-1.2398850" lon="36.8392220">
    <ele>1650.8</ele>
    <time>2026-01-31T05:23:23Z</time>
   </trkpt>
   <trkpt lat="-1.2398890" lon="36.8392600">
    <ele>1650.8</ele>
    <time>2026-01-31T05:23:24Z</time>
   </trkpt>
   <trkpt lat="-1.2398890" lon="36.8392720">
    <ele>1650.8</ele>
    <time>2026-01-31T05:23:25Z</time>
   </trkpt>
   <trkpt lat="-1.2398920" lon="36.8393110">
    <ele>1650.8</ele>
    <time>2026-01-31T05:23:26Z</time>
   </trkpt>
   <trkpt lat="-1.2398930" lon="36.8393250">
    <ele>1650.7</ele>
    <time>2026-01-31T05:23:27Z</time>
   </trkpt>
   <trkpt lat="-1.2398980" lon="36.8393620">
    <ele>1650.7</ele>
    <time>2026-01-31T05:23:28Z</time>
   </trkpt>
   <trkpt lat="-1.2399000" lon="36.8393760">
    <ele>1650.7</ele>
    <time>2026-01-31T05:23:29Z</time>
   </trkpt>
   <trkpt lat="-1.2399060" lon="36.8394120">
    <ele>1650.6</ele>
    <time>2026-01-31T05:23:30Z</time>
   </trkpt>
   <trkpt lat="-1.2399080" lon="36.8394250">
    <ele>1650.6</ele>
    <time>2026-01-31T05:23:31Z</time>
   </trkpt>
   <trkpt lat="-1.2399120" lon="36.8394570">
    <ele>1650.6</ele>
    <time>2026-01-31T05:23:32Z</time>
   </trkpt>
   <trkpt lat="-1.2399130" lon="36.8394690">
    <ele>1650.6</ele>
    <time>2026-01-31T05:23:33Z</time>
   </trkpt>
   <trkpt lat="-1.2399210" lon="36.8395050">
    <ele>1650.5</ele>
    <time>2026-01-31T05:23:34Z</time>
   </trkpt>
   <trkpt lat="-1.2399230" lon="36.8395170">
    <ele>1650.5</ele>
    <time>2026-01-31T05:23:35Z</time>
   </trkpt>
   <trkpt lat="-1.2399350" lon="36.8395500">
    <ele>1650.5</ele>
    <time>2026-01-31T05:23:36Z</time>
   </trkpt>
   <trkpt lat="-1.2399380" lon="36.8395600">
    <ele>1650.5</ele>
    <time>2026-01-31T05:23:37Z</time>
   </trkpt>
   <trkpt lat="-1.2399550" lon="36.8395930">
    <ele>1650.4</ele>
    <time>2026-01-31T05:23:38Z</time>
   </trkpt>
   <trkpt lat="-1.2399600" lon="36.8396050">
    <ele>1650.4</ele>
    <time>2026-01-31T05:23:39Z</time>
   </trkpt>
   <trkpt lat="-1.2399790" lon="36.8396330">
    <ele>1650.4</ele>
    <time>2026-01-31T05:23:40Z</time>
   </trkpt>
   <trkpt lat="-1.2399850" lon="36.8396430">
    <ele>1650.4</ele>
    <time>2026-01-31T05:23:41Z</time>
   </trkpt>
   <trkpt lat="-1.2400060" lon="36.8396710">
    <ele>1650.4</ele>
    <time>2026-01-31T05:23:42Z</time>
   </trkpt>
   <trkpt lat="-1.2400120" lon="36.8396800">
    <ele>1650.4</ele>
    <time>2026-01-31T05:23:43Z</time>
   </trkpt>
   <trkpt lat="-1.2400290" lon="36.8397020">
    <ele>1650.5</ele>
    <time>2026-01-31T05:23:44Z</time>
   </trkpt>
   <trkpt lat="-1.2400510" lon="36.8397330">
    <ele>1650.5</ele>
    <time>2026-01-31T05:23:45Z</time>
   </trkpt>
   <trkpt lat="-1.2400570" lon="36.8397440">
    <ele>1650.5</ele>
    <time>2026-01-31T05:23:46Z</time>
   </trkpt>
   <trkpt lat="-1.2400760" lon="36.8397760">
    <ele>1650.5</ele>
    <time>2026-01-31T05:23:47Z</time>
   </trkpt>
   <trkpt lat="-1.2400820" lon="36.8397870">
    <ele>1650.5</ele>
    <time>2026-01-31T05:23:48Z</time>
   </trkpt>
   <trkpt lat="-1.2401000" lon="36.8398200">
    <ele>1650.5</ele>
    <time>2026-01-31T05:23:49Z</time>
   </trkpt>
   <trkpt lat="-1.2401060" lon="36.8398310">
    <ele>1650.5</ele>
    <time>2026-01-31T05:23:50Z</time>
   </trkpt>
   <trkpt lat="-1.2401270" lon="36.8398600">
    <ele>1650.4</ele>
    <time>2026-01-31T05:23:51Z</time>
   </trkpt>
   <trkpt lat="-1.2401340" lon="36.8398700">
    <ele>1650.4</ele>
    <time>2026-01-31T05:23:52Z</time>
   </trkpt>
   <trkpt lat="-1.2401570" lon="36.8399010">
    <ele>1650.4</ele>
    <time>2026-01-31T05:23:53Z</time>
   </trkpt>
   <trkpt lat="-1.2401650" lon="36.8399110">
    <ele>1650.3</ele>
    <time>2026-01-31T05:23:54Z</time>
   </trkpt>
   <trkpt lat="-1.2401830" lon="36.8399330">
    <ele>1650.3</ele>
    <time>2026-01-31T05:23:55Z</time>
   </trkpt>
   <trkpt lat="-1.2402080" lon="36.8399620">
    <ele>1650.2</ele>
    <time>2026-01-31T05:23:56Z</time>
   </trkpt>
   <trkpt lat="-1.2402160" lon="36.8399720">
    <ele>1650.1</ele>
    <time>2026-01-31T05:23:57Z</time>
   </trkpt>
   <trkpt lat="-1.2402410" lon="36.8400000">
    <ele>1650.0</ele>
    <time>2026-01-31T05:23:58Z</time>
   </trkpt>
   <trkpt lat="-1.2402480" lon="36.8400090">
    <ele>1650.0</ele>
    <time>2026-01-31T05:23:59Z</time>
   </trkpt>
   <trkpt lat="-1.2402730" lon="36.8400410">
    <ele>1649.8</ele>
    <time>2026-01-31T05:24:00Z</time>
   </trkpt>
   <trkpt lat="-1.2402810" lon="36.8400530">
    <ele>1649.8</ele>
    <time>2026-01-31T05:24:01Z</time>
   </trkpt>
   <trkpt lat="-1.2402960" lon="36.8400760">
    <ele>1649.7</ele>
    <time>2026-01-31T05:24:02Z</time>
   </trkpt>
   <trkpt lat="-1.2403160" lon="36.8401070">
    <ele>1649.6</ele>
    <time>2026-01-31T05:24:03Z</time>
   </trkpt>
   <trkpt lat="-1.2403220" lon="36.8401170">
    <ele>1649.6</ele>
    <time>2026-01-31T05:24:04Z</time>
   </trkpt>
   <trkpt lat="-1.2403400" lon="36.8401470">
    <ele>1649.4</ele>
    <time>2026-01-31T05:24:05Z</time>
   </trkpt>
   <trkpt lat="-1.2403460" lon="36.8401580">
    <ele>1649.4</ele>
    <time>2026-01-31T05:24:06Z</time>
   </trkpt>
   <trkpt lat="-1.2403610" lon="36.8401880">
    <ele>1649.3</ele>
    <time>2026-01-31T05:24:07Z</time>
   </trkpt>
   <trkpt lat="-1.2403650" lon="36.8401990">
    <ele>1649.3</ele>
    <time>2026-01-31T05:24:08Z</time>
   </trkpt>
   <trkpt lat="-1.2403810" lon="36.8402280">
    <ele>1649.2</ele>
    <time>2026-01-31T05:24:09Z</time>
   </trkpt>
   <trkpt lat="-1.2403860" lon="36.8402380">
    <ele>1649.2</ele>
    <time>2026-01-31T05:24:10Z</time>
   </trkpt>
   <trkpt lat="-1.2404020" lon="36.8402730">
    <ele>1649.1</ele>
    <time>2026-01-31T05:24:11Z</time>
   </trkpt>
   <trkpt lat="-1.2404080" lon="36.8402840">
    <ele>1649.1</ele>
    <time>2026-01-31T05:24:12Z</time>
   </trkpt>
   <trkpt lat="-1.2404330" lon="36.8403130">
    <ele>1649.0</ele>
    <time>2026-01-31T05:24:13Z</time>
   </trkpt>
   <trkpt lat="-1.2404410" lon="36.8403230">
    <ele>1649.0</ele>
    <time>2026-01-31T05:24:14Z</time>
   </trkpt>
   <trkpt lat="-1.2404600" lon="36.8403560">
    <ele>1649.0</ele>
    <time>2026-01-31T05:24:15Z</time>
   </trkpt>
   <trkpt lat="-1.2404670" lon="36.8403690">
    <ele>1649.0</ele>
    <time>2026-01-31T05:24:16Z</time>
   </trkpt>
   <trkpt lat="-1.2404800" lon="36.8403940">
    <ele>1648.9</ele>
    <time>2026-01-31T05:24:17Z</time>
   </trkpt>
   <trkpt lat="-1.2404980" lon="36.8404300">
    <ele>1648.9</ele>
    <time>2026-01-31T05:24:18Z</time>
   </trkpt>
   <trkpt lat="-1.2405040" lon="36.8404420">
    <ele>1648.9</ele>
    <time>2026-01-31T05:24:19Z</time>
   </trkpt>
   <trkpt lat="-1.2405200" lon="36.8404750">
    <ele>1648.9</ele>
    <time>2026-01-31T05:24:20Z</time>
   </trkpt>
   <trkpt lat="-1.2405230" lon="36.8404860">
    <ele>1648.9</ele>
    <time>2026-01-31T05:24:21Z</time>
   </trkpt>
   <trkpt lat="-1.2405380" lon="36.8405230">
    <ele>1648.8</ele>
    <time>2026-01-31T05:24:22Z</time>
   </trkpt>
   <trkpt lat="-1.2405430" lon="36.8405360">
    <ele>1648.8</ele>
    <time>2026-01-31T05:24:23Z</time>
   </trkpt>
   <trkpt lat="-1.2405580" lon="36.8405720">
    <ele>1648.8</ele>
    <time>2026-01-31T05:24:24Z</time>
   </trkpt>
   <trkpt lat="-1.2405620" lon="36.8405850">
    <ele>1648.7</ele>
    <time>2026-01-31T05:24:25Z</time>
   </trkpt>
   <trkpt lat="-1.2405760" lon="36.8406220">
    <ele>1648.6</ele>
    <time>2026-01-31T05:24:26Z</time>
   </trkpt>
   <trkpt lat="-1.2405810" lon="36.8406360">
    <ele>1648.6</ele>
    <time>2026-01-31T05:24:27Z</time>
   </trkpt>
   <trkpt lat="-1.2405930" lon="36.8406740">
    <ele>1648.4</ele>
    <time>2026-01-31T05:24:28Z</time>
   </trkpt>
   <trkpt lat="-1.2405960" lon="36.8406870">
    <ele>1648.4</ele>
    <time>2026-01-31T05:24:29Z</time>
   </trkpt>
   <trkpt lat="-1.2406070" lon="36.8407210">
    <ele>1648.2</ele>
    <time>2026-01-31T05:24:30Z</time>
   </trkpt>
   <trkpt lat="-1.2406100" lon="36.8407310">
    <ele>1648.1</ele>
    <time>2026-01-31T05:24:31Z</time>
   </trkpt>
   <trkpt lat="-1.2406230" lon="36.8407670">
    <ele>1647.8</ele>
    <time>2026-01-31T05:24:32Z</time>
   </trkpt>
   <trkpt lat="-1.2406270" lon="36.8407790">
    <ele>1647.7</ele>
    <time>2026-01-31T05:24:33Z</time>
   </trkpt>
   <trkpt lat="-1.2406360" lon="36.8408150">
    <ele>1647.4</ele>
    <time>2026-01-31T05:24:34Z</time>
   </trkpt>
   <trkpt lat="-1.2406380" lon="36.8408280">
    <ele>1647.3</ele>
    <time>2026-01-31T05:24:35Z</time>
   </trkpt>
   <trkpt lat="-1.2406480" lon="36.8408630">
    <ele>1647.0</ele>
    <time>2026-01-31T05:24:36Z</time>
   </trkpt>
   <trkpt lat="-1.2406500" lon="36.8408760">
    <ele>1646.9</ele>
    <time>2026-01-31T05:24:37Z</time>
   </trkpt>
   <trkpt lat="-1.2406550" lon="36.8409070">
    <ele>1646.7</ele>
    <time>2026-01-31T05:24:38Z</time>
   </trkpt>
   <trkpt lat="-1.2406570" lon="36.8409180">
    <ele>1646.6</ele>
    <time>2026-01-31T05:24:39Z</time>
   </trkpt>
   <trkpt lat="-1.2406630" lon="36.8409510">
    <ele>1646.3</ele>
    <time>2026-01-31T05:24:40Z</time>
   </trkpt>
   <trkpt lat="-1.2406640" lon="36.8409620">
    <ele>1646.2</ele>
    <time>2026-01-31T05:24:41Z</time>
   </trkpt>
   <trkpt lat="-1.2406710" lon="36.8409910">
    <ele>1645.9</ele>
    <time>2026-01-31T05:24:42Z</time>
   </trkpt>
   <trkpt lat="-1.2406750" lon="36.8410010">
    <ele>1645.9</ele>
    <time>2026-01-31T05:24:43Z</time>
   </trkpt>
   <trkpt lat="-1.2406930" lon="36.8410260">
    <ele>1645.6</ele>
    <time>2026-01-31T05:24:44Z</time>
   </trkpt>
   <trkpt lat="-1.2406990" lon="36.8410340">
    <ele>1645.6</ele>
    <time>2026-01-31T05:24:45Z</time>
   </trkpt>
   <trkpt lat="-1.2407190" lon="36.8410570">
    <ele>1645.3</ele>
    <time>2026-01-31T05:24:46Z</time>
   </trkpt>
   <trkpt lat="-1.2407260" lon="36.8410660">
    <ele>1645.3</ele>
    <time>2026-01-31T05:24:47Z</time>
   </trkpt>
   <trkpt lat="-1.2407520" lon="36.8410940">
    <ele>1645.0</ele>
    <time>2026-01-31T05:24:48Z</time>
   </trkpt>
   <trkpt lat="-1.2407620" lon="36.8411040">
    <ele>1645.0</ele>
    <time>2026-01-31T05:24:49Z</time>
   </trkpt>
   <trkpt lat="-1.2407930" lon="36.8411320">
    <ele>1644.7</ele>
    <time>2026-01-31T05:24:50Z</time>
   </trkpt>
   <trkpt lat="-1.2408050" lon="36.8411440">
    <ele>1644.7</ele>
    <time>2026-01-31T05:24:51Z</time>
   </trkpt>
   <trkpt lat="-1.2408340" lon="36.8411660">
    <ele>1644.5</ele>
    <time>2026-01-31T05:24:52Z</time>
   </trkpt>
   <trkpt lat="-1.2408640" lon="36.8411860">
    <ele>1644.3</ele>
    <time>2026-01-31T05:24:53Z</time>
   </trkpt>
   <trkpt lat="-1.2408870" lon="36.8412030">
    <ele>1644.2</ele>
    <time>2026-01-31T05:24:54Z</time>
   </trkpt>
   <trkpt lat="-1.2409140" lon="36.8412250">
    <ele>1644.1</ele>
    <time>2026-01-31T05:24:55Z</time>
   </trkpt>
   <trkpt lat="-1.2409400" lon="36.8412460">
    <ele>1644.0</ele>
    <time>2026-01-31T05:24:56Z</time>
   </trkpt>
   <trkpt lat="-1.2409630" lon="36.8412640">
    <ele>1643.9</ele>
    <time>2026-01-31T05:24:57Z</time>
   </trkpt>
   <trkpt lat="-1.2409950" lon="36.8412870">
    <ele>1643.7</ele>
    <time>2026-01-31T05:24:58Z</time>
   </trkpt>
   <trkpt lat="-1.2410070" lon="36.8412950">
    <ele>1643.7</ele>
    <time>2026-01-31T05:24:59Z</time>
   </trkpt>
   <trkpt lat="-1.2410300" lon="36.8413120">
    <ele>1643.6</ele>
    <time>2026-01-31T05:25:00Z</time>
   </trkpt>
   <trkpt lat="-1.2410520" lon="36.8413270">
    <ele>1643.6</ele>
    <time>2026-01-31T05:25:01Z</time>
   </trkpt>
   <trkpt lat="-1.2410750" lon="36.8413430">
    <ele>1643.5</ele>
    <time>2026-01-31T05:25:02Z</time>
   </trkpt>
   <trkpt lat="-1.2411090" lon="36.8413650">
    <ele>1643.4</ele>
    <time>2026-01-31T05:25:03Z</time>
   </trkpt>
   <trkpt lat="-1.2411210" lon="36.8413730">
    <ele>1643.4</ele>
    <time>2026-01-31T05:25:04Z</time>
   </trkpt>
   <trkpt lat="-1.2411450" lon="36.8413860">
    <ele>1643.3</ele>
    <time>2026-01-31T05:25:05Z</time>
   </trkpt>
   <trkpt lat="-1.2411810" lon="36.8413990">
    <ele>1643.3</ele>
    <time>2026-01-31T05:25:06Z</time>
   </trkpt>
   <trkpt lat="-1.2411920" lon="36.8414030">
    <ele>1643.3</ele>
    <time>2026-01-31T05:25:07Z</time>
   </trkpt>
   <trkpt lat="-1.2412190" lon="36.8414110">
    <ele>1643.2</ele>
    <time>2026-01-31T05:25:08Z</time>
   </trkpt>
   <trkpt lat="-1.2412470" lon="36.8414270">
    <ele>1643.2</ele>
    <time>2026-01-31T05:25:09Z</time>
   </trkpt>
   <trkpt lat="-1.2412720" lon="36.8414390">
    <ele>1643.1</ele>
    <time>2026-01-31T05:25:10Z</time>
   </trkpt>
   <trkpt lat="-1.2413090" lon="36.8414550">
    <ele>1643.2</ele>
    <time>2026-01-31T05:25:11Z</time>
   </trkpt>
   <trkpt lat="-1.2413220" lon="36.8414620">
    <ele>1643.3</ele>
    <time>2026-01-31T05:25:12Z</time>
   </trkpt>
   <trkpt lat="-1.2413580" lon="36.8414780">
    <ele>1643.4</ele>
    <time>2026-01-31T05:25:13Z</time>
   </trkpt>
   <trkpt lat="-1.2413690" lon="36.8414830">
    <ele>1643.4</ele>
    <time>2026-01-31T05:25:14Z</time>
   </trkpt>
   <trkpt lat="-1.2414020" lon="36.8414970">
    <ele>1643.5</ele>
    <time>2026-01-31T05:25:15Z</time>
   </trkpt>
   <trkpt lat="-1.2414140" lon="36.8415020">
    <ele>1643.6</ele>
    <time>2026-01-31T05:25:16Z</time>
   </trkpt>
   <trkpt lat="-1.2414430" lon="36.8415180">
    <ele>1643.7</ele>
    <time>2026-01-31T05:25:17Z</time>
   </trkpt>
   <trkpt lat="-1.2414520" lon="36.8415230">
    <ele>1643.7</ele>
    <time>2026-01-31T05:25:18Z</time>
   </trkpt>
   <trkpt lat="-1.2414840" lon="36.8415280">
    <ele>1643.9</ele>
    <time>2026-01-31T05:25:19Z</time>
   </trkpt>
   <trkpt lat="-1.2414940" lon="36.8415310">
    <ele>1643.9</ele>
    <time>2026-01-31T05:25:20Z</time>
   </trkpt>
   <trkpt lat="-1.2415250" lon="36.8415370">
    <ele>1644.1</ele>
    <time>2026-01-31T05:25:21Z</time>
   </trkpt>
   <trkpt lat="-1.2415350" lon="36.8415390">
    <ele>1644.1</ele>
    <time>2026-01-31T05:25:22Z</time>
   </trkpt>
   <trkpt lat="-1.2415690" lon="36.8415360">
    <ele>1644.3</ele>
    <time>2026-01-31T05:25:23Z</time>
   </trkpt>
   <trkpt lat="-1.2415800" lon="36.8415350">
    <ele>1644.3</ele>
    <time>2026-01-31T05:25:24Z</time>
   </trkpt>
   <trkpt lat="-1.2416110" lon="36.8415400">
    <ele>1644.5</ele>
    <time>2026-01-31T05:25:25Z</time>
   </trkpt>
   <trkpt lat="-1.2416220" lon="36.8415430">
    <ele>1644.5</ele>
    <time>2026-01-31T05:25:26Z</time>
   </trkpt>
   <trkpt lat="-1.2416510" lon="36.8415450">
    <ele>1644.6</ele>
    <time>2026-01-31T05:25:27Z</time>
   </trkpt>
   <trkpt lat="-1.2416600" lon="36.8415450">
    <ele>1644.7</ele>
    <time>2026-01-31T05:25:28Z</time>
   </trkpt>
   <trkpt lat="-1.2416890" lon="36.8415510">
    <ele>1644.8</ele>
    <time>2026-01-31T05:25:29Z</time>
   </trkpt>
   <trkpt lat="-1.2416980" lon="36.8415540">
    <ele>1644.8</ele>
    <time>2026-01-31T05:25:30Z</time>
   </trkpt>
   <trkpt lat="-1.2417250" lon="36.8415610">
    <ele>1645.0</ele>
    <time>2026-01-31T05:25:31Z</time>
   </trkpt>
   <trkpt lat="-1.2417340" lon="36.8415630">
    <ele>1645.0</ele>
    <time>2026-01-31T05:25:32Z</time>
   </trkpt>
   <trkpt lat="-1.2417650" lon="36.8415690">
    <ele>1645.1</ele>
    <time>2026-01-31T05:25:33Z</time>
   </trkpt>
   <trkpt lat="-1.2417750" lon="36.8415720">
    <ele>1645.2</ele>
    <time>2026-01-31T05:25:34Z</time>
   </trkpt>
   <trkpt lat="-1.2418080" lon="36.8415790">
    <ele>1645.3</ele>
    <time>2026-01-31T05:25:35Z</time>
   </trkpt>
   <trkpt lat="-1.2418180" lon="36.8415810">
    <ele>1645.3</ele>
    <time>2026-01-31T05:25:36Z</time>
   </trkpt>
   <trkpt lat="-1.2418500" lon="36.8415900">
    <ele>1645.4</ele>
    <time>2026-01-31T05:25:37Z</time>
   </trkpt>
   <trkpt lat="-1.2418610" lon="36.8415930">
    <ele>1645.5</ele>
    <time>2026-01-31T05:25:38Z</time>
   </trkpt>
   <trkpt lat="-1.2418920" lon="36.8416010">
    <ele>1645.6</ele>
    <time>2026-01-31T05:25:39Z</time>
   </trkpt>
   <trkpt lat="-1.2419020" lon="36.8416050">
    <ele>1645.7</ele>
    <time>2026-01-31T05:25:40Z</time>
   </trkpt>
   <trkpt lat="-1.2419310" lon="36.8416140">
    <ele>1645.8</ele>
    <time>2026-01-31T05:25:41Z</time>
   </trkpt>
   <trkpt lat="-1.2419410" lon="36.8416180">
    <ele>1645.8</ele>
    <time>2026-01-31T05:25:42Z</time>
   </trkpt>
   <trkpt lat="-1.2419680" lon="36.8416310">
    <ele>1645.9</ele>
    <time>2026-01-31T05:25:43Z</time>
   </trkpt>
   <trkpt lat="-1.2419770" lon="36.8416360">
    <ele>1646.0</ele>
    <time>2026-01-31T05:25:44Z</time>
   </trkpt>
   <trkpt lat="-1.2420040" lon="36.8416480">
    <ele>1646.1</ele>
    <time>2026-01-31T05:25:45Z</time>
   </trkpt>
   <trkpt lat="-1.2420120" lon="36.8416530">
    <ele>1646.1</ele>
    <time>2026-01-31T05:25:46Z</time>
   </trkpt>
   <trkpt lat="-1.2420380" lon="36.8416590">
    <ele>1646.2</ele>
    <time>2026-01-31T05:25:47Z</time>
   </trkpt>
   <trkpt lat="-1.2420470" lon="36.8416610">
    <ele>1646.3</ele>
    <time>2026-01-31T05:25:48Z</time>
   </trkpt>
   <trkpt lat="-1.2420750" lon="36.8416660">
    <ele>1646.4</ele>
    <time>2026-01-31T05:25:49Z</time>
   </trkpt>
   <trkpt lat="-1.2420830" lon="36.8416690">
    <ele>1646.4</ele>
    <time>2026-01-31T05:25:50Z</time>
   </trkpt>
   <trkpt lat="-1.2421120" lon="36.8416760">
    <ele>1646.6</ele>
    <time>2026-01-31T05:25:51Z</time>
   </trkpt>
   <trkpt lat="-1.2421210" lon="36.8416790">
    <ele>1646.6</ele>
    <time>2026-01-31T05:25:52Z</time>
   </trkpt>
   <trkpt lat="-1.2421490" lon="36.8416860">
    <ele>1646.7</ele>
    <time>2026-01-31T05:25:53Z</time>
   </trkpt>
   <trkpt lat="-1.2421580" lon="36.8416880">
    <ele>1646.8</ele>
    <time>2026-01-31T05:25:54Z</time>
   </trkpt>
   <trkpt lat="-1.2421880" lon="36.8416950">
    <ele>1646.9</ele>
    <time>2026-01-31T05:25:55Z</time>
   </trkpt>
   <trkpt lat="-1.2421980" lon="36.8416980">
    <ele>1646.9</ele>
    <time>2026-01-31T05:25:56Z</time>
   </trkpt>
   <trkpt lat="-1.2422270" lon="36.8417030">
    <ele>1647.1</ele>
    <time>2026-01-31T05:25:57Z</time>
   </trkpt>
   <trkpt lat="-1.2422370" lon="36.8417050">
    <ele>1647.1</ele>
    <time>2026-01-31T05:25:58Z</time>
   </trkpt>
   <trkpt lat="-1.2422680" lon="36.8417110">
    <ele>1647.2</ele>
    <time>2026-01-31T05:25:59Z</time>
   </trkpt>
   <trkpt lat="-1.2422780" lon="36.8417130">
    <ele>1647.2</ele>
    <time>2026-01-31T05:26:00Z</time>
   </trkpt>
   <trkpt lat="-1.2423090" lon="36.8417170">
    <ele>1647.3</ele>
    <time>2026-01-31T05:26:01Z</time>
   </trkpt>
   <trkpt lat="-1.2423190" lon="36.8417190">
    <ele>1647.4</ele>
    <time>2026-01-31T05:26:02Z</time>
   </trkpt>
   <trkpt lat="-1.2423510" lon="36.8417240">
    <ele>1647.5</ele>
    <time>2026-01-31T05:26:03Z</time>
   </trkpt>
   <trkpt lat="-1.2423620" lon="36.8417260">
    <ele>1647.5</ele>
    <time>2026-01-31T05:26:04Z</time>
   </trkpt>
   <trkpt lat="-1.2423950" lon="36.8417310">
    <ele>1647.6</ele>
    <time>2026-01-31T05:26:05Z</time>
   </trkpt>
   <trkpt lat="-1.2424060" lon="36.8417330">
    <ele>1647.6</ele>
    <time>2026-01-31T05:26:06Z</time>
   </trkpt>
   <trkpt lat="-1.2424400" lon="36.8417370">
    <ele>1647.7</ele>
    <time>2026-01-31T05:26:07Z</time>
   </trkpt>
   <trkpt lat="-1.2424520" lon="36.8417390">
    <ele>1647.8</ele>
    <time>2026-01-31T05:26:08Z</time>
   </trkpt>
   <trkpt lat="-1.2424870" lon="36.8417420">
    <ele>1647.9</ele>
    <time>2026-01-31T05:26:09Z</time>
   </trkpt>
   <trkpt lat="-1.2424990" lon="36.8417420">
    <ele>1647.9</ele>
    <time>2026-01-31T05:26:10Z</time>
   </trkpt>
   <trkpt lat="-1.2425330" lon="36.8417440">
    <ele>1648.0</ele>
    <time>2026-01-31T05:26:11Z</time>
   </trkpt>
   <trkpt lat="-1.2425450" lon="36.8417460">
    <ele>1648.0</ele>
    <time>2026-01-31T05:26:12Z</time>
   </trkpt>
   <trkpt lat="-1.2425810" lon="36.8417530">
    <ele>1648.1</ele>
    <time>2026-01-31T05:26:13Z</time>
   </trkpt>
   <trkpt lat="-1.2425920" lon="36.8417550">
    <ele>1648.2</ele>
    <time>2026-01-31T05:26:14Z</time>
   </trkpt>
   <trkpt lat="-1.2426250" lon="36.8417530">
    <ele>1648.3</ele>
    <time>2026-01-31T05:26:15Z</time>
   </trkpt>
   <trkpt lat="-1.2426340" lon="36.8417500">
    <ele>1648.3</ele>
    <time>2026-01-31T05:26:16Z</time>
   </trkpt>
   <trkpt lat="-1.2426610" lon="36.8417430">
    <ele>1648.4</ele>
    <time>2026-01-31T05:26:17Z</time>
   </trkpt>
   <trkpt lat="-1.2426700" lon="36.8417390">
    <ele>1648.4</ele>
    <time>2026-01-31T05:26:18Z</time>
   </trkpt>
   <trkpt lat="-1.2426980" lon="36.8417250">
    <ele>1648.5</ele>
    <time>2026-01-31T05:26:19Z</time>
   </trkpt>
   <trkpt lat="-1.2427070" lon="36.8417180">
    <ele>1648.6</ele>
    <time>2026-01-31T05:26:20Z</time>
   </trkpt>
   <trkpt lat="-1.2427340" lon="36.8417050">
    <ele>1648.7</ele>
    <time>2026-01-31T05:26:21Z</time>
   </trkpt>
   <trkpt lat="-1.2427430" lon="36.8417000">
    <ele>1648.7</ele>
    <time>2026-01-31T05:26:22Z</time>
   </trkpt>
   <trkpt lat="-1.2427700" lon="36.8416860">
    <ele>1648.8</ele>
    <time>2026-01-31T05:26:23Z</time>
   </trkpt>
   <trkpt lat="-1.2427790" lon="36.8416810">
    <ele>1648.8</ele>
    <time>2026-01-31T05:26:24Z</time>
   </trkpt>
   <trkpt lat="-1.2428070" lon="36.8416710">
    <ele>1648.9</ele>
    <time>2026-01-31T05:26:25Z</time>
   </trkpt>
   <trkpt lat="-1.2428170" lon="36.8416670">
    <ele>1648.9</ele>
    <time>2026-01-31T05:26:26Z</time>
   </trkpt>
   <trkpt lat="-1.2428320" lon="36.8416630">
    <ele>1649.0</ele>
    <time>2026-01-31T05:26:27Z</time>
   </trkpt>
   <trkpt lat="-1.2428480" lon="36.8416580">
    <ele>1649.0</ele>
    <time>2026-01-31T05:26:28Z</time>
   </trkpt>
   <trkpt lat="-1.2428760" lon="36.8416510">
    <ele>1649.1</ele>
    <time>2026-01-31T05:26:29Z</time>
   </trkpt>
   <trkpt lat="-1.2428850" lon="36.8416490">
    <ele>1649.1</ele>
    <time>2026-01-31T05:26:30Z</time>
   </trkpt>
   <trkpt lat="-1.2428980" lon="36.8416490">
    <ele>1649.2</ele>
    <time>2026-01-31T05:26:31Z</time>
   </trkpt>
   <trkpt lat="-1.2429160" lon="36.8416490">
    <ele>1649.2</ele>
    <time>2026-01-31T05:26:32Z</time>
   </trkpt>
   <trkpt lat="-1.2429450" lon="36.8416500">
    <ele>1649.3</ele>
    <time>2026-01-31T05:26:33Z</time>
   </trkpt>
   <trkpt lat="-1.2429540" lon="36.8416520">
    <ele>1649.3</ele>
    <time>2026-01-31T05:26:34Z</time>
   </trkpt>
   <trkpt lat="-1.2429810" lon="36.8416470">
    <ele>1649.4</ele>
    <time>2026-01-31T05:26:35Z</time>
   </trkpt>
   <trkpt lat="-1.2429900" lon="36.8416450">
    <ele>1649.5</ele>
    <time>2026-01-31T05:26:36Z</time>
   </trkpt>
   <trkpt lat="-1.2430190" lon="36.8416390">
    <ele>1649.5</ele>
    <time>2026-01-31T05:26:37Z</time>
   </trkpt>
   <trkpt lat="-1.2430270" lon="36.8416370">
    <ele>1649.6</ele>
    <time>2026-01-31T05:26:38Z</time>
   </trkpt>
   <trkpt lat="-1.2430530" lon="36.8416270">
    <ele>1649.7</ele>
    <time>2026-01-31T05:26:39Z</time>
   </trkpt>
   <trkpt lat="-1.2430620" lon="36.8416230">
    <ele>1649.7</ele>
    <time>2026-01-31T05:26:40Z</time>
   </trkpt>
   <trkpt lat="-1.2430780" lon="36.8416210">
    <ele>1649.7</ele>
    <time>2026-01-31T05:26:41Z</time>
   </trkpt>
   <trkpt lat="-1.2430970" lon="36.8416200">
    <ele>1649.8</ele>
    <time>2026-01-31T05:26:42Z</time>
   </trkpt>
   <trkpt lat="-1.2431270" lon="36.8416190">
    <ele>1649.9</ele>
    <time>2026-01-31T05:26:43Z</time>
   </trkpt>
   <trkpt lat="-1.2431370" lon="36.8416190">
    <ele>1650.0</ele>
    <time>2026-01-31T05:26:44Z</time>
   </trkpt>
   <trkpt lat="-1.2431520" lon="36.8416200">
    <ele>1650.0</ele>
    <time>2026-01-31T05:26:45Z</time>
   </trkpt>
   <trkpt lat="-1.2431680" lon="36.8416190">
    <ele>1650.1</ele>
    <time>2026-01-31T05:26:46Z</time>
   </trkpt>
   <trkpt lat="-1.2431840" lon="36.8416180">
    <ele>1650.2</ele>
    <time>2026-01-31T05:26:47Z</time>
   </trkpt>
   <trkpt lat="-1.2431990" lon="36.8416160">
    <ele>1650.2</ele>
    <time>2026-01-31T05:26:48Z</time>
   </trkpt>
   <trkpt lat="-1.2432260" lon="36.8416130">
    <ele>1650.4</ele>
    <time>2026-01-31T05:26:49Z</time>
   </trkpt>
   <trkpt lat="-1.2432350" lon="36.8416120">
    <ele>1650.4</ele>
    <time>2026-01-31T05:26:50Z</time>
   </trkpt>
   <trkpt lat="-1.2432640" lon="36.8416080">
    <ele>1650.5</ele>
    <time>2026-01-31T05:26:51Z</time>
   </trkpt>
   <trkpt lat="-1.2432730" lon="36.8416040">
    <ele>1650.6</ele>
    <time>2026-01-31T05:26:52Z</time>
   </trkpt>
   <trkpt lat="-1.2433020" lon="36.8415950">
    <ele>1650.8</ele>
    <time>2026-01-31T05:26:53Z</time>
   </trkpt>
   <trkpt lat="-1.2433120" lon="36.8415920">
    <ele>1650.8</ele>
    <time>2026-01-31T05:26:54Z</time>
   </trkpt>
   <trkpt lat="-1.2433400" lon="36.8415810">
    <ele>1651.0</ele>
    <time>2026-01-31T05:26:55Z</time>
   </trkpt>
   <trkpt lat="-1.2433470" lon="36.8415770">
    <ele>1651.0</ele>
    <time>2026-01-31T05:26:56Z</time>
   </trkpt>
   <trkpt lat="-1.2433640" lon="36.8415730">
    <ele>1651.1</ele>
    <time>2026-01-31T05:26:57Z</time>
   </trkpt>
   <trkpt lat="-1.2433820" lon="36.8415710">
    <ele>1651.2</ele>
    <time>2026-01-31T05:26:58Z</time>
   </trkpt>
   <trkpt lat="-1.2434100" lon="36.8415700">
    <ele>1651.4</ele>
    <time>2026-01-31T05:26:59Z</time>
   </trkpt>
   <trkpt lat="-1.2434200" lon="36.8415690">
    <ele>1651.4</ele>
    <time>2026-01-31T05:27:00Z</time>
   </trkpt>
   <trkpt lat="-1.2434520" lon="36.8415630">
    <ele>1651.6</ele>
    <time>2026-01-31T05:27:01Z</time>
   </trkpt>
   <trkpt lat="-1.2434620" lon="36.8415620">
    <ele>1651.6</ele>
    <time>2026-01-31T05:27:02Z</time>
   </trkpt>
   <trkpt lat="-1.2434950" lon="36.8415650">
    <ele>1651.8</ele>
    <time>2026-01-31T05:27:03Z</time>
   </trkpt>
   <trkpt lat="-1.2435060" lon="36.8415650">
    <ele>1651.9</ele>
    <time>2026-01-31T05:27:04Z</time>
   </trkpt>
   <trkpt lat="-1.2435380" lon="36.8415650">
    <ele>1652.0</ele>
    <time>2026-01-31T05:27:05Z</time>
   </trkpt>
   <trkpt lat="-1.2435500" lon="36.8415640">
    <ele>1652.1</ele>
    <time>2026-01-31T05:27:06Z</time>
   </trkpt>
   <trkpt lat="-1.2435840" lon="36.8415600">
    <ele>1652.3</ele>
    <time>2026-01-31T05:27:07Z</time>
   </trkpt>
   <trkpt lat="-1.2435960" lon="36.8415600">
    <ele>1652.3</ele>
    <time>2026-01-31T05:27:08Z</time>
   </trkpt>
   <trkpt lat="-1.2436300" lon="36.8415580">
    <ele>1652.5</ele>
    <time>2026-01-31T05:27:09Z</time>
   </trkpt>
   <trkpt lat="-1.2436420" lon="36.8415550">
    <ele>1652.6</ele>
    <time>2026-01-31T05:27:10Z</time>
   </trkpt>
   <trkpt lat="-1.2436780" lon="36.8415480">
    <ele>1652.8</ele>
    <time>2026-01-31T05:27:11Z</time>
   </trkpt>
   <trkpt lat="-1.2436890" lon="36.8415440">
    <ele>1652.9</ele>
    <time>2026-01-31T05:27:12Z</time>
   </trkpt>
   <trkpt lat="-1.2437220" lon="36.8415320">
    <ele>1653.1</ele>
    <time>2026-01-31T05:27:13Z</time>
   </trkpt>
   <trkpt lat="-1.2437320" lon="36.8415250">
    <ele>1653.1</ele>
    <time>2026-01-31T05:27:14Z</time>
   </trkpt>
   <trkpt lat="-1.2437620" lon="36.8415050">
    <ele>1653.4</ele>
    <time>2026-01-31T05:27:15Z</time>
   </trkpt>
   <trkpt lat="-1.2437720" lon="36.8414980">
    <ele>1653.4</ele>
    <time>2026-01-31T05:27:16Z</time>
   </trkpt>
   <trkpt lat="-1.2438030" lon="36.8414800">
    <ele>1653.6</ele>
    <time>2026-01-31T05:27:17Z</time>
   </trkpt>
   <trkpt lat="-1.2438130" lon="36.8414740">
    <ele>1653.7</ele>
    <time>2026-01-31T05:27:18Z</time>
   </trkpt>
   <trkpt lat="-1.2438460" lon="36.8414660">
    <ele>1653.9</ele>
    <time>2026-01-31T05:27:19Z</time>
   </trkpt>
   <trkpt lat="-1.2438570" lon="36.8414630">
    <ele>1654.0</ele>
    <time>2026-01-31T05:27:20Z</time>
   </trkpt>
   <trkpt lat="-1.2438910" lon="36.8414530">
    <ele>1654.2</ele>
    <time>2026-01-31T05:27:21Z</time>
   </trkpt>
   <trkpt lat="-1.2439010" lon="36.8414500">
    <ele>1654.2</ele>
    <time>2026-01-31T05:27:22Z</time>
   </trkpt>
   <trkpt lat="-1.2439330" lon="36.8414410">
    <ele>1654.4</ele>
    <time>2026-01-31T05:27:23Z</time>
   </trkpt>
   <trkpt lat="-1.2439440" lon="36.8414370">
    <ele>1654.5</ele>
    <time>2026-01-31T05:27:24Z</time>
   </trkpt>
   <trkpt lat="-1.2439740" lon="36.8414250">
    <ele>1654.6</ele>
    <time>2026-01-31T05:27:25Z</time>
   </trkpt>
   <trkpt lat="-1.2439850" lon="36.8414210">
    <ele>1654.7</ele>
    <time>2026-01-31T05:27:26Z</time>
   </trkpt>
   <trkpt lat="-1.2440170" lon="36.8414100">
    <ele>1654.8</ele>
    <time>2026-01-31T05:27:27Z</time>
   </trkpt>
   <trkpt lat="-1.2440270" lon="36.8414070">
    <ele>1654.9</ele>
    <time>2026-01-31T05:27:28Z</time>
   </trkpt>
   <trkpt lat="-1.2440600" lon="36.8413960">
    <ele>1655.0</ele>
    <time>2026-01-31T05:27:29Z</time>
   </trkpt>
   <trkpt lat="-1.2440700" lon="36.8413930">
    <ele>1655.0</ele>
    <time>2026-01-31T05:27:30Z</time>
   </trkpt>
   <trkpt lat="-1.2441000" lon="36.8413840">
    <ele>1655.1</ele>
    <time>2026-01-31T05:27:31Z</time>
   </trkpt>
   <trkpt lat="-1.2441100" lon="36.8413820">
    <ele>1655.1</ele>
    <time>2026-01-31T05:27:32Z</time>
   </trkpt>
   <trkpt lat="-1.2441400" lon="36.8413760">
    <ele>1655.2</ele>
    <time>2026-01-31T05:27:33Z</time>
   </trkpt>
   <trkpt lat="-1.2441510" lon="36.8413760">
    <ele>1655.3</ele>
    <time>2026-01-31T05:27:34Z</time>
   </trkpt>
   <trkpt lat="-1.2441810" lon="36.8413710">
    <ele>1655.3</ele>
    <time>2026-01-31T05:27:35Z</time>
   </trkpt>
   <trkpt lat="-1.2441910" lon="36.8413690">
    <ele>1655.4</ele>
    <time>2026-01-31T05:27:36Z</time>
   </trkpt>
   <trkpt lat="-1.2442180" lon="36.8413610">
    <ele>1655.5</ele>
    <time>2026-01-31T05:27:37Z</time>
   </trkpt>
   <trkpt lat="-1.2442260" lon="36.8413590">
    <ele>1655.5</ele>
    <time>2026-01-31T05:27:38Z</time>
   </trkpt>
   <trkpt lat="-1.2442440" lon="36.8413550">
    <ele>1655.5</ele>
    <time>2026-01-31T05:27:39Z</time>
   </trkpt>
   <trkpt lat="-1.2442620" lon="36.8413500">
    <ele>1655.6</ele>
    <time>2026-01-31T05:27:40Z</time>
   </trkpt>
   <trkpt lat="-1.2442870" lon="36.8413360">
    <ele>1655.7</ele>
    <time>2026-01-31T05:27:41Z</time>
   </trkpt>
   <trkpt lat="-1.2442940" lon="36.8413320">
    <ele>1655.7</ele>
    <time>2026-01-31T05:27:42Z</time>
   </trkpt>
   <trkpt lat="-1.2443190" lon="36.8413170">
    <ele>1655.8</ele>
    <time>2026-01-31T05:27:43Z</time>
   </trkpt>
   <trkpt lat="-1.2443270" lon="36.8413120">
    <ele>1655.8</ele>
    <time>2026-01-31T05:27:44Z</time>
   </trkpt>
   <trkpt lat="-1.2443390" lon="36.8413030">
    <ele>1655.9</ele>
    <time>2026-01-31T05:27:45Z</time>
   </trkpt>
   <trkpt lat="-1.2443510" lon="36.8412910">
    <ele>1655.9</ele>
    <time>2026-01-31T05:27:46Z</time>
   </trkpt>
   <trkpt lat="-1.2443700" lon="36.8412700">
    <ele>1656.0</ele>
    <time>2026-01-31T05:27:47Z</time>
   </trkpt>
   <trkpt lat="-1.2443760" lon="36.8412620">
    <ele>1656.0</ele>
    <time>2026-01-31T05:27:48Z</time>
   </trkpt>
   <trkpt lat="-1.2443850" lon="36.8412460">
    <ele>1656.1</ele>
    <time>2026-01-31T05:27:49Z</time>
   </trkpt>
   <trkpt lat="-1.2443940" lon="36.8412310">
    <ele>1656.2</ele>
    <time>2026-01-31T05:27:50Z</time>
   </trkpt>
   <trkpt lat="-1.2444080" lon="36.8412070">
    <ele>1656.3</ele>
    <time>2026-01-31T05:27:51Z</time>
   </trkpt>
   <trkpt lat="-1.2444120" lon="36.8411990">
    <ele>1656.3</ele>
    <time>2026-01-31T05:27:52Z</time>
   </trkpt>
   <trkpt lat="-1.2444190" lon="36.8411880">
    <ele>1656.4</ele>
    <time>2026-01-31T05:27:53Z</time>
   </trkpt>
   <trkpt lat="-1.2444280" lon="36.8411750">
    <ele>1656.4</ele>
    <time>2026-01-31T05:27:54Z</time>
   </trkpt>
   <trkpt lat="-1.2444420" lon="36.8411520">
    <ele>1656.5</ele>
    <time>2026-01-31T05:27:55Z</time>
   </trkpt>
   <trkpt lat="-1.2444470" lon="36.8411430">
    <ele>1656.5</ele>
    <time>2026-01-31T05:27:56Z</time>
   </trkpt>
   <trkpt lat="-1.2444560" lon="36.8411300">
    <ele>1656.6</ele>
    <time>2026-01-31T05:27:57Z</time>
   </trkpt>
   <trkpt lat="-1.2444650" lon="36.8411150">
    <ele>1656.6</ele>
    <time>2026-01-31T05:27:58Z</time>
   </trkpt>
   <trkpt lat="-1.2444730" lon="36.8410980">
    <ele>1656.7</ele>
    <time>2026-01-31T05:27:59Z</time>
   </trkpt>
   <trkpt lat="-1.2444760" lon="36.8410800">
    <ele>1656.7</ele>
    <time>2026-01-31T05:28:00Z</time>
   </trkpt>
   <trkpt lat="-1.2444810" lon="36.8410530">
    <ele>1656.8</ele>
    <time>2026-01-31T05:28:01Z</time>
   </trkpt>
   <trkpt lat="-1.2444820" lon="36.8410430">
    <ele>1656.8</ele>
    <time>2026-01-31T05:28:02Z</time>
   </trkpt>
   <trkpt lat="-1.2444920" lon="36.8410160">
    <ele>1656.8</ele>
    <time>2026-01-31T05:28:03Z</time>
   </trkpt>
   <trkpt lat="-1.2444950" lon="36.8410070">
    <ele>1656.8</ele>
    <time>2026-01-31T05:28:04Z</time>
   </trkpt>
   <trkpt lat="-1.2445130" lon="36.8409820">
    <ele>1656.9</ele>
    <time>2026-01-31T05:28:05Z</time>
   </trkpt>
   <trkpt lat="-1.2445190" lon="36.8409740">
    <ele>1656.9</ele>
    <time>2026-01-31T05:28:06Z</time>
   </trkpt>
   <trkpt lat="-1.2445330" lon="36.8409460">
    <ele>1657.0</ele>
    <time>2026-01-31T05:28:07Z</time>
   </trkpt>
   <trkpt lat="-1.2445370" lon="36.8409360">
    <ele>1657.0</ele>
    <time>2026-01-31T05:28:08Z</time>
   </trkpt>
   <trkpt lat="-1.2445490" lon="36.8409060">
    <ele>1657.0</ele>
    <time>2026-01-31T05:28:09Z</time>
   </trkpt>
   <trkpt lat="-1.2445530" lon="36.8408950">
    <ele>1657.0</ele>
    <time>2026-01-31T05:28:10Z</time>
   </trkpt>
   <trkpt lat="-1.2445640" lon="36.8408690">
    <ele>1657.1</ele>
    <time>2026-01-31T05:28:11Z</time>
   </trkpt>
   <trkpt lat="-1.2445670" lon="36.8408590">
    <ele>1657.1</ele>
    <time>2026-01-31T05:28:12Z</time>
   </trkpt>
   <trkpt lat="-1.2445790" lon="36.8408310">
    <ele>1657.2</ele>
    <time>2026-01-31T05:28:13Z</time>
   </trkpt>
   <trkpt lat="-1.2445840" lon="36.8408210">
    <ele>1657.2</ele>
    <time>2026-01-31T05:28:14Z</time>
   </trkpt>
   <trkpt lat="-1.2445970" lon="36.8407950">
    <ele>1657.2</ele>
    <time>2026-01-31T05:28:15Z</time>
   </trkpt>
   <trkpt lat="-1.2446010" lon="36.8407850">
    <ele>1657.2</ele>
    <time>2026-01-31T05:28:16Z</time>
   </trkpt>
   <trkpt lat="-1.2446170" lon="36.8407570">
    <ele>1657.3</ele>
    <time>2026-01-31T05:28:17Z</time>
   </trkpt>
   <trkpt lat="-1.2446220" lon="36.8407480">
    <ele>1657.3</ele>
    <time>2026-01-31T05:28:18Z</time>
   </trkpt>
   <trkpt lat="-1.2446370" lon="36.8407220">
    <ele>1657.3</ele>
    <time>2026-01-31T05:28:19Z</time>
   </trkpt>
   <trkpt lat="-1.2446420" lon="36.8407130">
    <ele>1657.3</ele>
    <time>2026-01-31T05:28:20Z</time>
   </trkpt>
   <trkpt lat="-1.2446600" lon="36.8406920">
    <ele>1657.3</ele>
    <time>2026-01-31T05:28:21Z</time>
   </trkpt>
   <trkpt lat="-1.2446660" lon="36.8406860">
    <ele>1657.4</ele>
    <time>2026-01-31T05:28:22Z</time>
   </trkpt>
   <trkpt lat="-1.2446800" lon="36.8406610">
    <ele>1657.4</ele>
    <time>2026-01-31T05:28:23Z</time>
   </trkpt>
   <trkpt lat="-1.2446840" lon="36.8406520">
    <ele>1657.4</ele>
    <time>2026-01-31T05:28:24Z</time>
   </trkpt>
   <trkpt lat="-1.2446960" lon="36.8406240">
    <ele>1657.4</ele>
    <time>2026-01-31T05:28:25Z</time>
   </trkpt>
   <trkpt lat="-1.2447010" lon="36.8406140">
    <ele>1657.4</ele>
    <time>2026-01-31T05:28:26Z</time>
   </trkpt>
   <trkpt lat="-1.2447140" lon="36.8405860">
    <ele>1657.5</ele>
    <time>2026-01-31T05:28:27Z</time>
   </trkpt>
   <trkpt lat="-1.2447180" lon="36.8405760">
    <ele>1657.5</ele>
    <time>2026-01-31T05:28:28Z</time>
   </trkpt>
   <trkpt lat="-1.2447310" lon="36.8405490">
    <ele>1657.5</ele>
    <time>2026-01-31T05:28:29Z</time>
   </trkpt>
   <trkpt lat="-1.2447350" lon="36.8405390">
    <ele>1657.5</ele>
    <time>2026-01-31T05:28:30Z</time>
   </trkpt>
   <trkpt lat="-1.2447440" lon="36.8405100">
    <ele>1657.6</ele>
    <time>2026-01-31T05:28:31Z</time>
   </trkpt>
   <trkpt lat="-1.2447450" lon="36.8405000">
    <ele>1657.6</ele>
    <time>2026-01-31T05:28:32Z</time>
   </trkpt>
   <trkpt lat="-1.2447540" lon="36.8404710">
    <ele>1657.6</ele>
    <time>2026-01-31T05:28:33Z</time>
   </trkpt>
   <trkpt lat="-1.2447570" lon="36.8404600">
    <ele>1657.6</ele>
    <time>2026-01-31T05:28:34Z</time>
   </trkpt>
   <trkpt lat="-1.2447660" lon="36.8404290">
    <ele>1657.7</ele>
    <time>2026-01-31T05:28:35Z</time>
   </trkpt>
   <trkpt lat="-1.2447680" lon="36.8404170">
    <ele>1657.7</ele>
    <time>2026-01-31T05:28:36Z</time>
   </trkpt>
   <trkpt lat="-1.2447760" lon="36.8403870">
    <ele>1657.7</ele>
    <time>2026-01-31T05:28:37Z</time>
   </trkpt>
   <trkpt lat="-1.2447790" lon="36.8403770">
    <ele>1657.7</ele>
    <time>2026-01-31T05:28:38Z</time>
   </trkpt>
   <trkpt lat="-1.2447870" lon="36.8403450">
    <ele>1657.8</ele>
    <time>2026-01-31T05:28:39Z</time>
   </trkpt>
   <trkpt lat="-1.2447880" lon="36.8403330">
    <ele>1657.8</ele>
    <time>2026-01-31T05:28:40Z</time>
   </trkpt>
   <trkpt lat="-1.2447930" lon="36.8403020">
    <ele>1657.8</ele>
    <time>2026-01-31T05:28:41Z</time>
   </trkpt>
   <trkpt lat="-1.2447950" lon="36.8402910">
    <ele>1657.9</ele>
    <time>2026-01-31T05:28:42Z</time>
   </trkpt>
   <trkpt lat="-1.2447970" lon="36.8402590">
    <ele>1657.9</ele>
    <time>2026-01-31T05:28:43Z</time>
   </trkpt>
   <trkpt lat="-1.2447970" lon="36.8402480">
    <ele>1657.9</ele>
    <time>2026-01-31T05:28:44Z</time>
   </trkpt>
   <trkpt lat="-1.2447980" lon="36.8402200">
    <ele>1658.0</ele>
    <time>2026-01-31T05:28:45Z</time>
   </trkpt>
   <trkpt lat="-1.2447980" lon="36.8402100">
    <ele>1658.0</ele>
    <time>2026-01-31T05:28:46Z</time>
   </trkpt>
   <trkpt lat="-1.2447960" lon="36.8401790">
    <ele>1658.1</ele>
    <time>2026-01-31T05:28:47Z</time>
   </trkpt>
   <trkpt lat="-1.2447940" lon="36.8401680">
    <ele>1658.1</ele>
    <time>2026-01-31T05:28:48Z</time>
   </trkpt>
   <trkpt lat="-1.2447940" lon="36.8401380">
    <ele>1658.2</ele>
    <time>2026-01-31T05:28:49Z</time>
   </trkpt>
   <trkpt lat="-1.2447920" lon="36.8401280">
    <ele>1658.2</ele>
    <time>2026-01-31T05:28:50Z</time>
   </trkpt>
   <trkpt lat="-1.2447830" lon="36.8400990">
    <ele>1658.2</ele>
    <time>2026-01-31T05:28:51Z</time>
   </trkpt>
   <trkpt lat="-1.2447820" lon="36.8400900">
    <ele>1658.3</ele>
    <time>2026-01-31T05:28:52Z</time>
   </trkpt>
   <trkpt lat="-1.2447770" lon="36.8400560">
    <ele>1658.3</ele>
    <time>2026-01-31T05:28:53Z</time>
   </trkpt>
   <trkpt lat="-1.2447740" lon="36.8400450">
    <ele>1658.4</ele>
    <time>2026-01-31T05:28:54Z</time>
   </trkpt>
   <trkpt lat="-1.2447740" lon="36.8400110">
    <ele>1658.4</ele>
    <time>2026-01-31T05:28:55Z</time>
   </trkpt>
   <trkpt lat="-1.2447710" lon="36.8400000">
    <ele>1658.5</ele>
    <time>2026-01-31T05:28:56Z</time>
   </trkpt>
   <trkpt lat="-1.2447670" lon="36.8399620">
    <ele>1658.5</ele>
    <time>2026-01-31T05:28:57Z</time>
   </trkpt>
   <trkpt lat="-1.2447650" lon="36.8399500">
    <ele>1658.6</ele>
    <time>2026-01-31T05:28:58Z</time>
   </trkpt>
   <trkpt lat="-1.2447620" lon="36.8399150">
    <ele>1658.7</ele>
    <time>2026-01-31T05:28:59Z</time>
   </trkpt>
   <trkpt lat="-1.2447590" lon="36.8399050">
    <ele>1658.7</ele>
    <time>2026-01-31T05:29:00Z</time>
   </trkpt>
   <trkpt lat="-1.2447500" lon="36.8398690">
    <ele>1658.8</ele>
    <time>2026-01-31T05:29:01Z</time>
   </trkpt>
   <trkpt lat="-1.2447470" lon="36.8398590">
    <ele>1658.9</ele>
    <time>2026-01-31T05:29:02Z</time>
   </trkpt>
   <trkpt lat="-1.2447350" lon="36.8398280">
    <ele>1659.0</ele>
    <time>2026-01-31T05:29:03Z</time>
   </trkpt>
   <trkpt lat="-1.2447310" lon="36.8398180">
    <ele>1659.1</ele>
    <time>2026-01-31T05:29:04Z</time>
   </trkpt>
   <trkpt lat="-1.2447210" lon="36.8397860">
    <ele>1659.2</ele>
    <time>2026-01-31T05:29:05Z</time>
   </trkpt>
   <trkpt lat="-1.2447170" lon="36.8397760">
    <ele>1659.2</ele>
    <time>2026-01-31T05:29:06Z</time>
   </trkpt>
   <trkpt lat="-1.2447010" lon="36.8397490">
    <ele>1659.4</ele>
    <time>2026-01-31T05:29:07Z</time>
   </trkpt>
   <trkpt lat="-1.2446950" lon="36.8397400">
    <ele>1659.4</ele>
    <time>2026-01-31T05:29:08Z</time>
   </trkpt>
   <trkpt lat="-1.2446760" lon="36.8397150">
    <ele>1659.6</ele>
    <time>2026-01-31T05:29:09Z</time>
   </trkpt>
   <trkpt lat="-1.2446690" lon="36.8397070">
    <ele>1659.7</ele>
    <time>2026-01-31T05:29:10Z</time>
   </trkpt>
   <trkpt lat="-1.2446450" lon="36.8396910">
    <ele>1659.8</ele>
    <time>2026-01-31T05:29:11Z</time>
   </trkpt>
   <trkpt lat="-1.2446370" lon="36.8396850">
    <ele>1659.9</ele>
    <time>2026-01-31T05:29:12Z</time>
   </trkpt>
   <trkpt lat="-1.2446120" lon="36.8396680">
    <ele>1660.1</ele>
    <time>2026-01-31T05:29:13Z</time>
   </trkpt>
   <trkpt lat="-1.2446020" lon="36.8396650">
    <ele>1660.1</ele>
    <time>2026-01-31T05:29:14Z</time>
   </trkpt>
   <trkpt lat="-1.2445840" lon="36.8396630">
    <ele>1660.2</ele>
    <time>2026-01-31T05:29:15Z</time>
   </trkpt>
   <trkpt lat="-1.2445680" lon="36.8396550">
    <ele>1660.3</ele>
    <time>2026-01-31T05:29:16Z</time>
   </trkpt>
   <trkpt lat="-1.2445430" lon="36.8396360">
    <ele>1660.5</ele>
    <time>2026-01-31T05:29:17Z</time>
   </trkpt>
   <trkpt lat="-1.2445340" lon="36.8396300">
    <ele>1660.6</ele>
    <time>2026-01-31T05:29:18Z</time>
   </trkpt>
   <trkpt lat="-1.2445090" lon="36.8396110">
    <ele>1660.8</ele>
    <time>2026-01-31T05:29:19Z</time>
   </trkpt>
   <trkpt lat="-1.2445000" lon="36.8396060">
    <ele>1660.9</ele>
    <time>2026-01-31T05:29:20Z</time>
   </trkpt>
   <trkpt lat="-1.2444750" lon="36.8395890">
    <ele>1661.1</ele>
    <time>2026-01-31T05:29:21Z</time>
   </trkpt>
   <trkpt lat="-1.2444670" lon="36.8395850">
    <ele>1661.1</ele>
    <time>2026-01-31T05:29:22Z</time>
   </trkpt>
   <trkpt lat="-1.2444440" lon="36.8395730">
    <ele>1661.3</ele>
    <time>2026-01-31T05:29:23Z</time>
   </trkpt>
   <trkpt lat="-1.2444340" lon="36.8395690">
    <ele>1661.3</ele>
    <time>2026-01-31T05:29:24Z</time>
   </trkpt>
   <trkpt lat="-1.2444190" lon="36.8395620">
    <ele>1661.5</ele>
    <time>2026-01-31T05:29:25Z</time>
   </trkpt>
   <trkpt lat="-1.2444030" lon="36.8395530">
    <ele>1661.6</ele>
    <time>2026-01-31T05:29:26Z</time>
   </trkpt>
   <trkpt lat="-1.2443790" lon="36.8395350">
    <ele>1661.8</ele>
    <time>2026-01-31T05:29:27Z</time>
   </trkpt>
   <trkpt lat="-1.2443710" lon="36.8395280">
    <ele>1661.8</ele>
    <time>2026-01-31T05:29:28Z</time>
   </trkpt>
   <trkpt lat="-1.2443550" lon="36.8395020">
    <ele>1662.0</ele>
    <time>2026-01-31T05:29:29Z</time>
   </trkpt>
   <trkpt lat="-1.2443490" lon="36.8394930">
    <ele>1662.1</ele>
    <time>2026-01-31T05:29:30Z</time>
   </trkpt>
   <trkpt lat="-1.2443340" lon="36.8394650">
    <ele>1662.3</ele>
    <time>2026-01-31T05:29:31Z</time>
   </trkpt>
   <trkpt lat="-1.2443310" lon="36.8394550">
    <ele>1662.4</ele>
    <time>2026-01-31T05:29:32Z</time>
   </trkpt>
   <trkpt lat="-1.2443130" lon="36.8394300">
    <ele>1662.6</ele>
    <time>2026-01-31T05:29:33Z</time>
   </trkpt>
   <trkpt lat="-1.2443060" lon="36.8394220">
    <ele>1662.6</ele>
    <time>2026-01-31T05:29:34Z</time>
   </trkpt>
   <trkpt lat="-1.2442830" lon="36.8394010">
    <ele>1662.8</ele>
    <time>2026-01-31T05:29:35Z</time>
   </trkpt>
   <trkpt lat="-1.2442740" lon="36.8393950">
    <ele>1662.9</ele>
    <time>2026-01-31T05:29:36Z</time>
   </trkpt>
   <trkpt lat="-1.2442460" lon="36.8393760">
    <ele>1663.1</ele>
    <time>2026-01-31T05:29:37Z</time>
   </trkpt>
   <trkpt lat="-1.2442360" lon="36.8393700">
    <ele>1663.1</ele>
    <time>2026-01-31T05:29:38Z</time>
   </trkpt>
   <trkpt lat="-1.2442050" lon="36.8393610">
    <ele>1663.3</ele>
    <time>2026-01-31T05:29:39Z</time>
   </trkpt>
   <trkpt lat="-1.2441950" lon="36.8393580">
    <ele>1663.4</ele>
    <time>2026-01-31T05:29:40Z</time>
   </trkpt>
   <trkpt lat="-1.2441640" lon="36.8393510">
    <ele>1663.6</ele>
    <time>2026-01-31T05:29:41Z</time>
   </trkpt>
   <trkpt lat="-1.2441550" lon="36.8393500">
    <ele>1663.6</ele>
    <time>2026-01-31T05:29:42Z</time>
   </trkpt>
   <trkpt lat="-1.2441300" lon="36.8393370">
    <ele>1663.7</ele>
    <time>2026-01-31T05:29:43Z</time>
   </trkpt>
   <trkpt lat="-1.2441220" lon="36.8393330">
    <ele>1663.8</ele>
    <time>2026-01-31T05:29:44Z</time>
   </trkpt>
   <trkpt lat="-1.2441070" lon="36.8393240">
    <ele>1663.9</ele>
    <time>2026-01-31T05:29:45Z</time>
   </trkpt>
   <trkpt lat="-1.2440920" lon="36.8393130">
    <ele>1664.0</ele>
    <time>2026-01-31T05:29:46Z</time>
   </trkpt>
   <trkpt lat="-1.2440780" lon="36.8393100">
    <ele>1664.0</ele>
    <time>2026-01-31T05:29:47Z</time>
   </trkpt>
   <trkpt lat="-1.2440640" lon="36.8393020">
    <ele>1664.1</ele>
    <time>2026-01-31T05:29:48Z</time>
   </trkpt>
   <trkpt lat="-1.2440410" lon="36.8392850">
    <ele>1664.2</ele>
    <time>2026-01-31T05:29:49Z</time>
   </trkpt>
   <trkpt lat="-1.2440320" lon="36.8392790">
    <ele>1664.3</ele>
    <time>2026-01-31T05:29:50Z</time>
   </trkpt>
   <trkpt lat="-1.2440070" lon="36.8392720">
    <ele>1664.4</ele>
    <time>2026-01-31T05:29:51Z</time>
   </trkpt>
   <trkpt lat="-1.2439970" lon="36.8392710">
    <ele>1664.4</ele>
    <time>2026-01-31T05:29:52Z</time>
   </trkpt>
   <trkpt lat="-1.2439660" lon="36.8392670">
    <ele>1664.6</ele>
    <time>2026-01-31T05:29:53Z</time>
   </trkpt>
   <trkpt lat="-1.2439560" lon="36.8392660">
    <ele>1664.6</ele>
    <time>2026-01-31T05:29:54Z</time>
   </trkpt>
   <trkpt lat="-1.2439270" lon="36.8392590">
    <ele>1664.8</ele>
    <time>2026-01-31T05:29:55Z</time>
   </trkpt>
   <trkpt lat="-1.2439180" lon="36.8392560">
    <ele>1664.8</ele>
    <time>2026-01-31T05:29:56Z</time>
   </trkpt>
   <trkpt lat="-1.2438860" lon="36.8392490">
    <ele>1665.0</ele>
    <time>2026-01-31T05:29:57Z</time>
   </trkpt>
   <trkpt lat="-1.2438760" lon="36.8392480">
    <ele>1665.0</ele>
    <time>2026-01-31T05:29:58Z</time>
   </trkpt>
   <trkpt lat="-1.2438480" lon="36.8392430">
    <ele>1665.2</ele>
    <time>2026-01-31T05:29:59Z</time>
   </trkpt>
   <trkpt lat="-1.2438370" lon="36.8392410">
    <ele>1665.2</ele>
    <time>2026-01-31T05:30:00Z</time>
   </trkpt>
   <trkpt lat="-1.2438200" lon="36.8392390">
    <ele>1665.3</ele>
    <time>2026-01-31T05:30:01Z</time>
   </trkpt>
   <trkpt lat="-1.2438030" lon="36.8392340">
    <ele>1665.4</ele>
    <time>2026-01-31T05:30:02Z</time>
   </trkpt>
   <trkpt lat="-1.2437730" lon="36.8392280">
    <ele>1665.5</ele>
    <time>2026-01-31T05:30:03Z</time>
   </trkpt>
   <trkpt lat="-1.2437640" lon="36.8392270">
    <ele>1665.6</ele>
    <time>2026-01-31T05:30:04Z</time>
   </trkpt>
   <trkpt lat="-1.2437370" lon="36.8392230">
    <ele>1665.7</ele>
    <time>2026-01-31T05:30:05Z</time>
   </trkpt>
   <trkpt lat="-1.2437270" lon="36.8392220">
    <ele>1665.8</ele>
    <time>2026-01-31T05:30:06Z</time>
   </trkpt>
   <trkpt lat="-1.2437120" lon="36.8392180">
    <ele>1665.9</ele>
    <time>2026-01-31T05:30:07Z</time>
   </trkpt>
   <trkpt lat="-1.2436960" lon="36.8392110">
    <ele>1666.0</ele>
    <time>2026-01-31T05:30:08Z</time>
   </trkpt>
   <trkpt lat="-1.2436750" lon="36.8391940">
    <ele>1666.1</ele>
    <time>2026-01-31T05:30:09Z</time>
   </trkpt>
   <trkpt lat="-1.2436680" lon="36.8391880">
    <ele>1666.1</ele>
    <time>2026-01-31T05:30:10Z</time>
   </trkpt>
   <trkpt lat="-1.2436490" lon="36.8391650">
    <ele>1666.3</ele>
    <time>2026-01-31T05:30:11Z</time>
   </trkpt>
   <trkpt lat="-1.2436430" lon="36.8391570">
    <ele>1666.4</ele>
    <time>2026-01-31T05:30:12Z</time>
   </trkpt>
   <trkpt lat="-1.2436340" lon="36.8391260">
    <ele>1666.8</ele>
    <time>2026-01-31T05:30:13Z</time>
   </trkpt>
   <trkpt lat="-1.2436330" lon="36.8391150">
    <ele>1666.7</ele>
    <time>2026-01-31T05:30:14Z</time>
   </trkpt>
   <trkpt lat="-1.2436520" lon="36.8390900">
    <ele>1666.6</ele>
    <time>2026-01-31T05:30:15Z</time>
   </trkpt>
   <trkpt lat="-1.2436590" lon="36.8390830">
    <ele>1666.6</ele>
    <time>2026-01-31T05:30:16Z</time>
   </trkpt>
   <trkpt lat="-1.2436750" lon="36.8390700">
    <ele>1666.5</ele>
    <time>2026-01-31T05:30:17Z</time>
   </trkpt>
   <trkpt lat="-1.2436860" lon="36.8390660">
    <ele>1666.5</ele>
    <time>2026-01-31T05:30:18Z</time>
   </trkpt>
   <trkpt lat="-1.2437000" lon="36.8390620">
    <ele>1666.4</ele>
    <time>2026-01-31T05:30:19Z</time>
   </trkpt>
   <trkpt lat="-1.2437180" lon="36.8390590">
    <ele>1666.3</ele>
    <time>2026-01-31T05:30:20Z</time>
   </trkpt>
   <trkpt lat="-1.2437360" lon="36.8390600">
    <ele>1666.3</ele>
    <time>2026-01-31T05:30:21Z</time>
   </trkpt>
   <trkpt lat="-1.2437490" lon="36.8390650">
    <ele>1666.3</ele>
    <time>2026-01-31T05:30:22Z</time>
   </trkpt>
   <trkpt lat="-1.2437640" lon="36.8390650">
    <ele>1666.2</ele>
    <time>2026-01-31T05:30:23Z</time>
   </trkpt>
   <trkpt lat="-1.2437810" lon="36.8390620">
    <ele>1666.2</ele>
    <time>2026-01-31T05:30:24Z</time>
   </trkpt>
   <trkpt lat="-1.2437970" lon="36.8390610">
    <ele>1666.1</ele>
    <time>2026-01-31T05:30:25Z</time>
   </trkpt>
   <trkpt lat="-1.2438090" lon="36.8390630">
    <ele>1666.1</ele>
    <time>2026-01-31T05:30:26Z</time>
   </trkpt>
   <trkpt lat="-1.2438220" lon="36.8390630">
    <ele>1666.1</ele>
    <time>2026-01-31T05:30:27Z</time>
   </trkpt>
   <trkpt lat="-1.2438370" lon="36.8390630">
    <ele>1666.0</ele>
    <time>2026-01-31T05:30:28Z</time>
   </trkpt>
   <trkpt lat="-1.2438690" lon="36.8390610">
    <ele>1666.0</ele>
    <time>2026-01-31T05:30:29Z</time>
   </trkpt>
   <trkpt lat="-1.2438810" lon="36.8390610">
    <ele>1666.0</ele>
    <time>2026-01-31T05:30:30Z</time>
   </trkpt>
   <trkpt lat="-1.2439150" lon="36.8390590">
    <ele>1665.9</ele>
    <time>2026-01-31T05:30:31Z</time>
   </trkpt>
   <trkpt lat="-1.2439260" lon="36.8390580">
    <ele>1665.9</ele>
    <time>2026-01-31T05:30:32Z</time>
   </trkpt>
   <trkpt lat="-1.2439600" lon="36.8390550">
    <ele>1665.9</ele>
    <time>2026-01-31T05:30:33Z</time>
   </trkpt>
   <trkpt lat="-1.2439710" lon="36.8390540">
    <ele>1665.9</ele>
    <time>2026-01-31T05:30:34Z</time>
   </trkpt>
   <trkpt lat="-1.2440050" lon="36.8390490">
    <ele>1665.8</ele>
    <time>2026-01-31T05:30:35Z</time>
   </trkpt>
   <trkpt lat="-1.2440160" lon="36.8390480">
    <ele>1665.8</ele>
    <time>2026-01-31T05:30:36Z</time>
   </trkpt>
   <trkpt lat="-1.2440520" lon="36.8390460">
    <ele>1665.8</ele>
    <time>2026-01-31T05:30:37Z</time>
   </trkpt>
   <trkpt lat="-1.2440640" lon="36.8390450">
    <ele>1665.8</ele>
    <time>2026-01-31T05:30:38Z</time>
   </trkpt>
   <trkpt lat="-1.2440990" lon="36.8390440">
    <ele>1665.9</ele>
    <time>2026-01-31T05:30:39Z</time>
   </trkpt>
   <trkpt lat="-1.2441100" lon="36.8390440">
    <ele>1665.9</ele>
    <time>2026-01-31T05:30:40Z</time>
   </trkpt>
   <trkpt lat="-1.2441440" lon="36.8390440">
    <ele>1665.9</ele>
    <time>2026-01-31T05:30:41Z</time>
   </trkpt>
   <trkpt lat="-1.2441560" lon="36.8390430">
    <ele>1665.9</ele>
    <time>2026-01-31T05:30:42Z</time>
   </trkpt>
   <trkpt lat="-1.2441900" lon="36.8390430">
    <ele>1666.0</ele>
    <time>2026-01-31T05:30:43Z</time>
   </trkpt>
   <trkpt lat="-1.2442010" lon="36.8390430">
    <ele>1666.0</ele>
    <time>2026-01-31T05:30:44Z</time>
   </trkpt>
   <trkpt lat="-1.2442490" lon="36.8390410">
    <ele>1666.1</ele>
    <time>2026-01-31T05:30:45Z</time>
   </trkpt>
   <trkpt lat="-1.2442610" lon="36.8390410">
    <ele>1666.1</ele>
    <time>2026-01-31T05:30:46Z</time>
   </trkpt>
   <trkpt lat="-1.2442780" lon="36.8390410">
    <ele>1666.1</ele>
    <time>2026-01-31T05:30:47Z</time>
   </trkpt>
   <trkpt lat="-1.2443080" lon="36.8390450">
    <ele>1666.2</ele>
    <time>2026-01-31T05:30:48Z</time>
   </trkpt>
   <trkpt lat="-1.2443170" lon="36.8390460">
    <ele>1666.2</ele>
    <time>2026-01-31T05:30:49Z</time>
   </trkpt>
   <trkpt lat="-1.2443480" lon="36.8390510">
    <ele>1666.2</ele>
    <time>2026-01-31T05:30:50Z</time>
   </trkpt>
   <trkpt lat="-1.2443580" lon="36.8390530">
    <ele>1666.3</ele>
    <time>2026-01-31T05:30:51Z</time>
   </trkpt>
   <trkpt lat="-1.2443910" lon="36.8390590">
    <ele>1666.3</ele>
    <time>2026-01-31T05:30:52Z</time>
   </trkpt>
   <trkpt lat="-1.2444010" lon="36.8390610">
    <ele>1666.3</ele>
    <time>2026-01-31T05:30:53Z</time>
   </trkpt>
   <trkpt lat="-1.2444330" lon="36.8390670">
    <ele>1666.4</ele>
    <time>2026-01-31T05:30:54Z</time>
   </trkpt>
   <trkpt lat="-1.2444430" lon="36.8390690">
    <ele>1666.4</ele>
    <time>2026-01-31T05:30:55Z</time>
   </trkpt>
   <trkpt lat="-1.2444960" lon="36.8390740">
    <ele>1666.5</ele>
    <time>2026-01-31T05:30:56Z</time>
   </trkpt>
   <trkpt lat="-1.2445090" lon="36.8390700">
    <ele>1666.5</ele>
    <time>2026-01-31T05:30:57Z</time>
   </trkpt>
   <trkpt lat="-1.2445250" lon="36.8390660">
    <ele>1666.6</ele>
    <time>2026-01-31T05:30:58Z</time>
   </trkpt>
   <trkpt lat="-1.2445520" lon="36.8390600">
    <ele>1666.6</ele>
    <time>2026-01-31T05:30:59Z</time>
   </trkpt>
   <trkpt lat="-1.2445610" lon="36.8390590">
    <ele>1666.6</ele>
    <time>2026-01-31T05:31:00Z</time>
   </trkpt>
   <trkpt lat="-1.2445790" lon="36.8390560">
    <ele>1666.6</ele>
    <time>2026-01-31T05:31:01Z</time>
   </trkpt>
   <trkpt lat="-1.2445960" lon="36.8390570">
    <ele>1666.7</ele>
    <time>2026-01-31T05:31:02Z</time>
   </trkpt>
   <trkpt lat="-1.2446250" lon="36.8390640">
    <ele>1666.7</ele>
    <time>2026-01-31T05:31:03Z</time>
   </trkpt>
   <trkpt lat="-1.2442420" lon="36.8390630">
    <ele>1667.0</ele>
    <time>2026-01-31T05:31:04Z</time>
   </trkpt>
   <trkpt lat="-1.2442130" lon="36.8390650">
    <ele>1667.1</ele>
    <time>2026-01-31T05:31:05Z</time>
   </trkpt>
   <trkpt lat="-1.2442240" lon="36.8390630">
    <ele>1667.1</ele>
    <time>2026-01-31T05:31:06Z</time>
   </trkpt>
   <trkpt lat="-1.2442360" lon="36.8390540">
    <ele>1667.1</ele>
    <time>2026-01-31T05:31:07Z</time>
   </trkpt>
   <trkpt lat="-1.2442490" lon="36.8390450">
    <ele>1667.1</ele>
    <time>2026-01-31T05:31:08Z</time>
   </trkpt>
   <trkpt lat="-1.2442860" lon="36.8390220">
    <ele>1667.1</ele>
    <time>2026-01-31T05:31:09Z</time>
   </trkpt>
   <trkpt lat="-1.2443000" lon="36.8390150">
    <ele>1667.1</ele>
    <time>2026-01-31T05:31:10Z</time>
   </trkpt>
   <trkpt lat="-1.2443320" lon="36.8390070">
    <ele>1667.1</ele>
    <time>2026-01-31T05:31:11Z</time>
   </trkpt>
   <trkpt lat="-1.2443660" lon="36.8389980">
    <ele>1667.1</ele>
    <time>2026-01-31T05:31:12Z</time>
   </trkpt>
   <trkpt lat="-1.2443760" lon="36.8389940">
    <ele>1667.0</ele>
    <time>2026-01-31T05:31:13Z</time>
   </trkpt>
   <trkpt lat="-1.2444070" lon="36.8389810">
    <ele>1667.0</ele>
    <time>2026-01-31T05:31:14Z</time>
   </trkpt>
   <trkpt lat="-1.2444160" lon="36.8389770">
    <ele>1667.0</ele>
    <time>2026-01-31T05:31:15Z</time>
   </trkpt>
   <trkpt lat="-1.2444430" lon="36.8389680">
    <ele>1667.0</ele>
    <time>2026-01-31T05:31:16Z</time>
   </trkpt>
   <trkpt lat="-1.2444530" lon="36.8389650">
    <ele>1667.0</ele>
    <time>2026-01-31T05:31:17Z</time>
   </trkpt>
   <trkpt lat="-1.2444690" lon="36.8389630">
    <ele>1667.0</ele>
    <time>2026-01-31T05:31:18Z</time>
   </trkpt>
   <trkpt lat="-1.2444880" lon="36.8389590">
    <ele>1667.0</ele>
    <time>2026-01-31T05:31:19Z</time>
   </trkpt>
   <trkpt lat="-1.2445180" lon="36.8389560">
    <ele>1666.9</ele>
    <time>2026-01-31T05:31:20Z</time>
   </trkpt>
   <trkpt lat="-1.2445280" lon="36.8389550">
    <ele>1666.9</ele>
    <time>2026-01-31T05:31:21Z</time>
   </trkpt>
   <trkpt lat="-1.2445430" lon="36.8389680">
    <ele>1666.9</ele>
    <time>2026-01-31T05:31:22Z</time>
   </trkpt>
   <trkpt lat="-1.2445630" lon="36.8389580">
    <ele>1666.9</ele>
    <time>2026-01-31T05:31:23Z</time>
   </trkpt>
   <trkpt lat="-1.2445920" lon="36.8389300">
    <ele>1666.8</ele>
    <time>2026-01-31T05:31:24Z</time>
   </trkpt>
   <trkpt lat="-1.2446220" lon="36.8389060">
    <ele>1666.8</ele>
    <time>2026-01-31T05:31:25Z</time>
   </trkpt>
   <trkpt lat="-1.2446460" lon="36.8388940">
    <ele>1666.7</ele>
    <time>2026-01-31T05:31:26Z</time>
   </trkpt>
   <trkpt lat="-1.2446750" lon="36.8388750">
    <ele>1666.7</ele>
    <time>2026-01-31T05:31:27Z</time>
   </trkpt>
   <trkpt lat="-1.2447180" lon="36.8388520">
    <ele>1666.6</ele>
    <time>2026-01-31T05:31:28Z</time>
   </trkpt>
   <trkpt lat="-1.2447440" lon="36.8388260">
    <ele>1666.6</ele>
    <time>2026-01-31T05:31:29Z</time>
   </trkpt>
   <trkpt lat="-1.2447690" lon="36.8388000">
    <ele>1666.6</ele>
    <time>2026-01-31T05:31:30Z</time>
   </trkpt>
   <trkpt lat="-1.2447950" lon="36.8387740">
    <ele>1666.5</ele>
    <time>2026-01-31T05:31:31Z</time>
   </trkpt>
   <trkpt lat="-1.2448200" lon="36.8387480">
    <ele>1666.5</ele>
    <time>2026-01-31T05:31:32Z</time>
   </trkpt>
   <trkpt lat="-1.2448470" lon="36.8387260">
    <ele>1666.5</ele>
    <time>2026-01-31T05:31:33Z</time>
   </trkpt>
   <trkpt lat="-1.2448740" lon="36.8387040">
    <ele>1666.5</ele>
    <time>2026-01-31T05:31:34Z</time>
   </trkpt>
   <trkpt lat="-1.2448850" lon="36.8386930">
    <ele>1666.5</ele>
    <time>2026-01-31T05:31:35Z</time>
   </trkpt>
   <trkpt lat="-1.2449160" lon="36.8386700">
    <ele>1666.5</ele>
    <time>2026-01-31T05:31:36Z</time>
   </trkpt>
   <trkpt lat="-1.2449270" lon="36.8386630">
    <ele>1666.4</ele>
    <time>2026-01-31T05:31:37Z</time>
   </trkpt>
   <trkpt lat="-1.2449600" lon="36.8386460">
    <ele>1666.4</ele>
    <time>2026-01-31T05:31:38Z</time>
   </trkpt>
   <trkpt lat="-1.2449690" lon="36.8386400">
    <ele>1666.4</ele>
    <time>2026-01-31T05:31:39Z</time>
   </trkpt>
   <trkpt lat="-1.2450080" lon="36.8386400">
    <ele>1666.4</ele>
    <time>2026-01-31T05:31:40Z</time>
   </trkpt>
   <trkpt lat="-1.2450380" lon="36.8386370">
    <ele>1666.4</ele>
    <time>2026-01-31T05:31:41Z</time>
   </trkpt>
   <trkpt lat="-1.2450680" lon="36.8386350">
    <ele>1666.4</ele>
    <time>2026-01-31T05:31:42Z</time>
   </trkpt>
   <trkpt lat="-1.2450950" lon="36.8386330">
    <ele>1666.4</ele>
    <time>2026-01-31T05:31:43Z</time>
   </trkpt>
   <trkpt lat="-1.2451220" lon="36.8386220">
    <ele>1666.4</ele>
    <time>2026-01-31T05:31:44Z</time>
   </trkpt>
   <trkpt lat="-1.2451590" lon="36.8386100">
    <ele>1666.4</ele>
    <time>2026-01-31T05:31:45Z</time>
   </trkpt>
   <trkpt lat="-1.2451700" lon="36.8386060">
    <ele>1666.4</ele>
    <time>2026-01-31T05:31:46Z</time>
   </trkpt>
   <trkpt lat="-1.2451960" lon="36.8385960">
    <ele>1666.4</ele>
    <time>2026-01-31T05:31:47Z</time>
   </trkpt>
   <trkpt lat="-1.2452290" lon="36.8385820">
    <ele>1666.3</ele>
    <time>2026-01-31T05:31:48Z</time>
   </trkpt>
   <trkpt lat="-1.2452380" lon="36.8385770">
    <ele>1666.3</ele>
    <time>2026-01-31T05:31:49Z</time>
   </trkpt>
   <trkpt lat="-1.2452690" lon="36.8385590">
    <ele>1666.3</ele>
    <time>2026-01-31T05:31:50Z</time>
   </trkpt>
   <trkpt lat="-1.2452780" lon="36.8385540">
    <ele>1666.3</ele>
    <time>2026-01-31T05:31:51Z</time>
   </trkpt>
   <trkpt lat="-1.2453060" lon="36.8385400">
    <ele>1666.3</ele>
    <time>2026-01-31T05:31:52Z</time>
   </trkpt>
   <trkpt lat="-1.2453150" lon="36.8385350">
    <ele>1666.3</ele>
    <time>2026-01-31T05:31:53Z</time>
   </trkpt>
   <trkpt lat="-1.2453420" lon="36.8385240">
    <ele>1666.3</ele>
    <time>2026-01-31T05:31:54Z</time>
   </trkpt>
   <trkpt lat="-1.2453520" lon="36.8385210">
    <ele>1666.3</ele>
    <time>2026-01-31T05:31:55Z</time>
   </trkpt>
   <trkpt lat="-1.2453810" lon="36.8385100">
    <ele>1666.3</ele>
    <time>2026-01-31T05:31:56Z</time>
   </trkpt>
   <trkpt lat="-1.2453910" lon="36.8385060">
    <ele>1666.3</ele>
    <time>2026-01-31T05:31:57Z</time>
   </trkpt>
   <trkpt lat="-1.2454270" lon="36.8385030">
    <ele>1666.3</ele>
    <time>2026-01-31T05:31:58Z</time>
   </trkpt>
   <trkpt lat="-1.2454360" lon="36.8385020">
    <ele>1666.3</ele>
    <time>2026-01-31T05:31:59Z</time>
   </trkpt>
   <trkpt lat="-1.2454670" lon="36.8384960">
    <ele>1666.2</ele>
    <time>2026-01-31T05:32:00Z</time>
   </trkpt>
   <trkpt lat="-1.2454770" lon="36.8384910">
    <ele>1666.2</ele>
    <time>2026-01-31T05:32:01Z</time>
   </trkpt>
   <trkpt lat="-1.2455020" lon="36.8384740">
    <ele>1666.2</ele>
    <time>2026-01-31T05:32:02Z</time>
   </trkpt>
   <trkpt lat="-1.2455110" lon="36.8384700">
    <ele>1666.2</ele>
    <time>2026-01-31T05:32:03Z</time>
   </trkpt>
   <trkpt lat="-1.2455430" lon="36.8384630">
    <ele>1666.2</ele>
    <time>2026-01-31T05:32:04Z</time>
   </trkpt>
   <trkpt lat="-1.2455530" lon="36.8384600">
    <ele>1666.2</ele>
    <time>2026-01-31T05:32:05Z</time>
   </trkpt>
   <trkpt lat="-1.2455840" lon="36.8384480">
    <ele>1666.2</ele>
    <time>2026-01-31T05:32:06Z</time>
   </trkpt>
   <trkpt lat="-1.2455950" lon="36.8384430">
    <ele>1666.2</ele>
    <time>2026-01-31T05:32:07Z</time>
   </trkpt>
   <trkpt lat="-1.2456300" lon="36.8384320">
    <ele>1666.3</ele>
    <time>2026-01-31T05:32:08Z</time>
   </trkpt>
   <trkpt lat="-1.2456410" lon="36.8384270">
    <ele>1666.3</ele>
    <time>2026-01-31T05:32:09Z</time>
   </trkpt>
   <trkpt lat="-1.2456750" lon="36.8384150">
    <ele>1666.3</ele>
    <time>2026-01-31T05:32:10Z</time>
   </trkpt>
   <trkpt lat="-1.2456860" lon="36.8384100">
    <ele>1666.3</ele>
    <time>2026-01-31T05:32:11Z</time>
   </trkpt>
   <trkpt lat="-1.2457190" lon="36.8384030">
    <ele>1666.3</ele>
    <time>2026-01-31T05:32:12Z</time>
   </trkpt>
   <trkpt lat="-1.2457300" lon="36.8384010">
    <ele>1666.4</ele>
    <time>2026-01-31T05:32:13Z</time>
   </trkpt>
   <trkpt lat="-1.2457610" lon="36.8383940">
    <ele>1666.4</ele>
    <time>2026-01-31T05:32:14Z</time>
   </trkpt>
   <trkpt lat="-1.2457710" lon="36.8383920">
    <ele>1666.4</ele>
    <time>2026-01-31T05:32:15Z</time>
   </trkpt>
   <trkpt lat="-1.2458020" lon="36.8383800">
    <ele>1666.4</ele>
    <time>2026-01-31T05:32:16Z</time>
   </trkpt>
   <trkpt lat="-1.2458110" lon="36.8383730">
    <ele>1666.5</ele>
    <time>2026-01-31T05:32:17Z</time>
   </trkpt>
   <trkpt lat="-1.2458360" lon="36.8383510">
    <ele>1666.5</ele>
    <time>2026-01-31T05:32:18Z</time>
   </trkpt>
   <trkpt lat="-1.2458440" lon="36.8383410">
    <ele>1666.5</ele>
    <time>2026-01-31T05:32:19Z</time>
   </trkpt>
   <trkpt lat="-1.2458650" lon="36.8383120">
    <ele>1666.6</ele>
    <time>2026-01-31T05:32:20Z</time>
   </trkpt>
   <trkpt lat="-1.2458700" lon="36.8383020">
    <ele>1666.6</ele>
    <time>2026-01-31T05:32:21Z</time>
   </trkpt>
   <trkpt lat="-1.2458880" lon="36.8382750">
    <ele>1666.7</ele>
    <time>2026-01-31T05:32:22Z</time>
   </trkpt>
   <trkpt lat="-1.2458950" lon="36.8382660">
    <ele>1666.7</ele>
    <time>2026-01-31T05:32:23Z</time>
   </trkpt>
   <trkpt lat="-1.2459120" lon="36.8382420">
    <ele>1666.8</ele>
    <time>2026-01-31T05:32:24Z</time>
   </trkpt>
   <trkpt lat="-1.2459180" lon="36.8382340">
    <ele>1666.8</ele>
    <time>2026-01-31T05:32:25Z</time>
   </trkpt>
   <trkpt lat="-1.2459340" lon="36.8382100">
    <ele>1667.0</ele>
    <time>2026-01-31T05:32:26Z</time>
   </trkpt>
   <trkpt lat="-1.2459380" lon="36.8382020">
    <ele>1667.0</ele>
    <time>2026-01-31T05:32:27Z</time>
   </trkpt>
   <trkpt lat="-1.2459490" lon="36.8381910">
    <ele>1667.1</ele>
    <time>2026-01-31T05:32:28Z</time>
   </trkpt>
   <trkpt lat="-1.2459620" lon="36.8381770">
    <ele>1667.1</ele>
    <time>2026-01-31T05:32:29Z</time>
   </trkpt>
   <trkpt lat="-1.2459800" lon="36.8381530">
    <ele>1667.2</ele>
    <time>2026-01-31T05:32:30Z</time>
   </trkpt>
   <trkpt lat="-1.2459860" lon="36.8381440">
    <ele>1667.3</ele>
    <time>2026-01-31T05:32:31Z</time>
   </trkpt>
   <trkpt lat="-1.2460110" lon="36.8381210">
    <ele>1667.4</ele>
    <time>2026-01-31T05:32:32Z</time>
   </trkpt>
   <trkpt lat="-1.2460210" lon="36.8381140">
    <ele>1667.4</ele>
    <time>2026-01-31T05:32:33Z</time>
   </trkpt>
   <trkpt lat="-1.2460530" lon="36.8381110">
    <ele>1667.5</ele>
    <time>2026-01-31T05:32:34Z</time>
   </trkpt>
   <trkpt lat="-1.2460640" lon="36.8381150">
    <ele>1667.5</ele>
    <time>2026-01-31T05:32:35Z</time>
   </trkpt>
   <trkpt lat="-1.2460810" lon="36.8381100">
    <ele>1667.5</ele>
    <time>2026-01-31T05:32:36Z</time>
   </trkpt>
   <trkpt lat="-1.2460940" lon="36.8380960">
    <ele>1667.5</ele>
    <time>2026-01-31T05:32:37Z</time>
   </trkpt>
   <trkpt lat="-1.2461260" lon="36.8380870">
    <ele>1667.6</ele>
    <time>2026-01-31T05:32:38Z</time>
   </trkpt>
   <trkpt lat="-1.2461380" lon="36.8380850">
    <ele>1667.6</ele>
    <time>2026-01-31T05:32:39Z</time>
   </trkpt>
   <trkpt lat="-1.2461640" lon="36.8380700">
    <ele>1667.6</ele>
    <time>2026-01-31T05:32:40Z</time>
   </trkpt>
   <trkpt lat="-1.2461730" lon="36.8380640">
    <ele>1667.7</ele>
    <time>2026-01-31T05:32:41Z</time>
   </trkpt>
   <trkpt lat="-1.2462020" lon="36.8380470">
    <ele>1667.7</ele>
    <time>2026-01-31T05:32:42Z</time>
   </trkpt>
   <trkpt lat="-1.2462100" lon="36.8380400">
    <ele>1667.7</ele>
    <time>2026-01-31T05:32:43Z</time>
   </trkpt>
   <trkpt lat="-1.2462340" lon="36.8380240">
    <ele>1667.7</ele>
    <time>2026-01-31T05:32:44Z</time>
   </trkpt>
   <trkpt lat="-1.2462420" lon="36.8380180">
    <ele>1667.8</ele>
    <time>2026-01-31T05:32:45Z</time>
   </trkpt>
   <trkpt lat="-1.2462720" lon="36.8379990">
    <ele>1667.8</ele>
    <time>2026-01-31T05:32:46Z</time>
   </trkpt>
   <trkpt lat="-1.2462810" lon="36.8379910">
    <ele>1667.8</ele>
    <time>2026-01-31T05:32:47Z</time>
   </trkpt>
   <trkpt lat="-1.2463110" lon="36.8379770">
    <ele>1667.9</ele>
    <time>2026-01-31T05:32:48Z</time>
   </trkpt>
   <trkpt lat="-1.2463210" lon="36.8379720">
    <ele>1667.9</ele>
    <time>2026-01-31T05:32:49Z</time>
   </trkpt>
   <trkpt lat="-1.2463390" lon="36.8379440">
    <ele>1667.9</ele>
    <time>2026-01-31T05:32:50Z</time>
   </trkpt>
   <trkpt lat="-1.2463440" lon="36.8379330">
    <ele>1667.9</ele>
    <time>2026-01-31T05:32:51Z</time>
   </trkpt>
   <trkpt lat="-1.2463560" lon="36.8379010">
    <ele>1668.0</ele>
    <time>2026-01-31T05:32:52Z</time>
   </trkpt>
   <trkpt lat="-1.2463570" lon="36.8378900">
    <ele>1668.0</ele>
    <time>2026-01-31T05:32:53Z</time>
   </trkpt>
   <trkpt lat="-1.2463720" lon="36.8378630">
    <ele>1668.0</ele>
    <time>2026-01-31T05:32:54Z</time>
   </trkpt>
   <trkpt lat="-1.2463780" lon="36.8378540">
    <ele>1668.0</ele>
    <time>2026-01-31T05:32:55Z</time>
   </trkpt>
   <trkpt lat="-1.2463850" lon="36.8378400">
    <ele>1668.0</ele>
    <time>2026-01-31T05:32:56Z</time>
   </trkpt>
   <trkpt lat="-1.2463950" lon="36.8378230">
    <ele>1668.0</ele>
    <time>2026-01-31T05:32:57Z</time>
   </trkpt>
   <trkpt lat="-1.2464070" lon="36.8377970">
    <ele>1668.0</ele>
    <time>2026-01-31T05:32:58Z</time>
   </trkpt>
   <trkpt lat="-1.2464100" lon="36.8377870">
    <ele>1668.0</ele>
    <time>2026-01-31T05:32:59Z</time>
   </trkpt>
   <trkpt lat="-1.2464210" lon="36.8377710">
    <ele>1668.0</ele>
    <time>2026-01-31T05:33:00Z</time>
   </trkpt>
   <trkpt lat="-1.2464330" lon="36.8377620">
    <ele>1668.0</ele>
    <time>2026-01-31T05:33:01Z</time>
   </trkpt>
   <trkpt lat="-1.2464590" lon="36.8377530">
    <ele>1668.0</ele>
    <time>2026-01-31T05:33:02Z</time>
   </trkpt>
   <trkpt lat="-1.2464680" lon="36.8377500">
    <ele>1668.0</ele>
    <time>2026-01-31T05:33:03Z</time>
   </trkpt>
   <trkpt lat="-1.2464960" lon="36.8377380">
    <ele>1668.0</ele>
    <time>2026-01-31T05:33:04Z</time>
   </trkpt>
   <trkpt lat="-1.2465060" lon="36.8377340">
    <ele>1668.0</ele>
    <time>2026-01-31T05:33:05Z</time>
   </trkpt>
   <trkpt lat="-1.2465180" lon="36.8377260">
    <ele>1668.0</ele>
    <time>2026-01-31T05:33:06Z</time>
   </trkpt>
   <trkpt lat="-1.2465320" lon="36.8377160">
    <ele>1668.0</ele>
    <time>2026-01-31T05:33:07Z</time>
   </trkpt>
   <trkpt lat="-1.2465480" lon="36.8377070">
    <ele>1668.0</ele>
    <time>2026-01-31T05:33:08Z</time>
   </trkpt>
   <trkpt lat="-1.2465600" lon="36.8377040">
    <ele>1668.0</ele>
    <time>2026-01-31T05:33:09Z</time>
   </trkpt>
   <trkpt lat="-1.2465840" lon="36.8376900">
    <ele>1668.0</ele>
    <time>2026-01-31T05:33:10Z</time>
   </trkpt>
   <trkpt lat="-1.2465930" lon="36.8376860">
    <ele>1667.9</ele>
    <time>2026-01-31T05:33:11Z</time>
   </trkpt>
   <trkpt lat="-1.2466220" lon="36.8376950">
    <ele>1667.9</ele>
    <time>2026-01-31T05:33:12Z</time>
   </trkpt>
   <trkpt lat="-1.2466320" lon="36.8376970">
    <ele>1667.9</ele>
    <time>2026-01-31T05:33:13Z</time>
   </trkpt>
   <trkpt lat="-1.2466630" lon="36.8376970">
    <ele>1667.9</ele>
    <time>2026-01-31T05:33:14Z</time>
   </trkpt>
   <trkpt lat="-1.2466730" lon="36.8376960">
    <ele>1667.9</ele>
    <time>2026-01-31T05:33:15Z</time>
   </trkpt>
   <trkpt lat="-1.2467070" lon="36.8376860">
    <ele>1667.9</ele>
    <time>2026-01-31T05:33:16Z</time>
   </trkpt>
   <trkpt lat="-1.2467180" lon="36.8376820">
    <ele>1668.0</ele>
    <time>2026-01-31T05:33:17Z</time>
   </trkpt>
   <trkpt lat="-1.2467510" lon="36.8376720">
    <ele>1668.0</ele>
    <time>2026-01-31T05:33:18Z</time>
   </trkpt>
   <trkpt lat="-1.2467610" lon="36.8376690">
    <ele>1668.0</ele>
    <time>2026-01-31T05:33:19Z</time>
   </trkpt>
   <trkpt lat="-1.2467770" lon="36.8376630">
    <ele>1668.0</ele>
    <time>2026-01-31T05:33:20Z</time>
   </trkpt>
   <trkpt lat="-1.2467940" lon="36.8376550">
    <ele>1668.0</ele>
    <time>2026-01-31T05:33:21Z</time>
   </trkpt>
   <trkpt lat="-1.2468210" lon="36.8376440">
    <ele>1668.0</ele>
    <time>2026-01-31T05:33:22Z</time>
   </trkpt>
   <trkpt lat="-1.2468320" lon="36.8376390">
    <ele>1668.0</ele>
    <time>2026-01-31T05:33:23Z</time>
   </trkpt>
   <trkpt lat="-1.2468690" lon="36.8376340">
    <ele>1668.0</ele>
    <time>2026-01-31T05:33:24Z</time>
   </trkpt>
   <trkpt lat="-1.2468800" lon="36.8376320">
    <ele>1668.0</ele>
    <time>2026-01-31T05:33:25Z</time>
   </trkpt>
   <trkpt lat="-1.2469140" lon="36.8376260">
    <ele>1668.0</ele>
    <time>2026-01-31T05:33:26Z</time>
   </trkpt>
   <trkpt lat="-1.2469240" lon="36.8376230">
    <ele>1668.0</ele>
    <time>2026-01-31T05:33:27Z</time>
   </trkpt>
   <trkpt lat="-1.2469510" lon="36.8376110">
    <ele>1668.0</ele>
    <time>2026-01-31T05:33:28Z</time>
   </trkpt>
   <trkpt lat="-1.2469600" lon="36.8376070">
    <ele>1668.0</ele>
    <time>2026-01-31T05:33:29Z</time>
   </trkpt>
   <trkpt lat="-1.2469870" lon="36.8375950">
    <ele>1668.1</ele>
    <time>2026-01-31T05:33:30Z</time>
   </trkpt>
   <trkpt lat="-1.2469950" lon="36.8375890">
    <ele>1668.1</ele>
    <time>2026-01-31T05:33:31Z</time>
   </trkpt>
   <trkpt lat="-1.2470090" lon="36.8375840">
    <ele>1668.1</ele>
    <time>2026-01-31T05:33:32Z</time>
   </trkpt>
   <trkpt lat="-1.2470260" lon="36.8375780">
    <ele>1668.1</ele>
    <time>2026-01-31T05:33:33Z</time>
   </trkpt>
   <trkpt lat="-1.2470550" lon="36.8375680">
    <ele>1668.1</ele>
    <time>2026-01-31T05:33:34Z</time>
   </trkpt>
   <trkpt lat="-1.2470650" lon="36.8375650">
    <ele>1668.1</ele>
    <time>2026-01-31T05:33:35Z</time>
   </trkpt>
   <trkpt lat="-1.2470960" lon="36.8375560">
    <ele>1668.1</ele>
    <time>2026-01-31T05:33:36Z</time>
   </trkpt>
   <trkpt lat="-1.2471040" lon="36.8375520">
    <ele>1668.1</ele>
    <time>2026-01-31T05:33:37Z</time>
   </trkpt>
   <trkpt lat="-1.2471340" lon="36.8375430">
    <ele>1668.1</ele>
    <time>2026-01-31T05:33:38Z</time>
   </trkpt>
   <trkpt lat="-1.2471450" lon="36.8375410">
    <ele>1668.1</ele>
    <time>2026-01-31T05:33:39Z</time>
   </trkpt>
   <trkpt lat="-1.2471740" lon="36.8375450">
    <ele>1668.1</ele>
    <time>2026-01-31T05:33:40Z</time>
   </trkpt>
   <trkpt lat="-1.2471830" lon="36.8375440">
    <ele>1668.1</ele>
    <time>2026-01-31T05:33:41Z</time>
   </trkpt>
   <trkpt lat="-1.2472170" lon="36.8375430">
    <ele>1668.1</ele>
    <time>2026-01-31T05:33:42Z</time>
   </trkpt>
   <trkpt lat="-1.2472280" lon="36.8375440">
    <ele>1668.1</ele>
    <time>2026-01-31T05:33:43Z</time>
   </trkpt>
   <trkpt lat="-1.2472610" lon="36.8375520">
    <ele>1668.1</ele>
    <time>2026-01-31T05:33:44Z</time>
   </trkpt>
   <trkpt lat="-1.2472720" lon="36.8375530">
    <ele>1668.1</ele>
    <time>2026-01-31T05:33:45Z</time>
   </trkpt>
   <trkpt lat="-1.2473020" lon="36.8375610">
    <ele>1668.1</ele>
    <time>2026-01-31T05:33:46Z</time>
   </trkpt>
   <trkpt lat="-1.2473290" lon="36.8375750">
    <ele>1668.1</ele>
    <time>2026-01-31T05:33:47Z</time>
   </trkpt>
   <trkpt lat="-1.2473390" lon="36.8375800">
    <ele>1668.0</ele>
    <time>2026-01-31T05:33:48Z</time>
   </trkpt>
   <trkpt lat="-1.2473730" lon="36.8375970">
    <ele>1668.0</ele>
    <time>2026-01-31T05:33:49Z</time>
   </trkpt>
   <trkpt lat="-1.2473840" lon="36.8376040">
    <ele>1668.0</ele>
    <time>2026-01-31T05:33:50Z</time>
   </trkpt>
   <trkpt lat="-1.2474180" lon="36.8376240">
    <ele>1668.0</ele>
    <time>2026-01-31T05:33:51Z</time>
   </trkpt>
   <trkpt lat="-1.2474290" lon="36.8376310">
    <ele>1668.0</ele>
    <time>2026-01-31T05:33:52Z</time>
   </trkpt>
   <trkpt lat="-1.2474530" lon="36.8376460">
    <ele>1668.0</ele>
    <time>2026-01-31T05:33:53Z</time>
   </trkpt>
   <trkpt lat="-1.2474810" lon="36.8376660">
    <ele>1667.9</ele>
    <time>2026-01-31T05:33:54Z</time>
   </trkpt>
   <trkpt lat="-1.2474930" lon="36.8376760">
    <ele>1667.9</ele>
    <time>2026-01-31T05:33:55Z</time>
   </trkpt>
   <trkpt lat="-1.2475160" lon="36.8376940">
    <ele>1667.9</ele>
    <time>2026-01-31T05:33:56Z</time>
   </trkpt>
   <trkpt lat="-1.2475370" lon="36.8377140">
    <ele>1667.8</ele>
    <time>2026-01-31T05:33:57Z</time>
   </trkpt>
   <trkpt lat="-1.2475540" lon="36.8377420">
    <ele>1667.8</ele>
    <time>2026-01-31T05:33:58Z</time>
   </trkpt>
   <trkpt lat="-1.2475660" lon="36.8377700">
    <ele>1667.7</ele>
    <time>2026-01-31T05:33:59Z</time>
   </trkpt>
   <trkpt lat="-1.2475820" lon="36.8378080">
    <ele>1667.7</ele>
    <time>2026-01-31T05:34:00Z</time>
   </trkpt>
   <trkpt lat="-1.2476040" lon="36.8378320">
    <ele>1667.6</ele>
    <time>2026-01-31T05:34:01Z</time>
   </trkpt>
   <trkpt lat="-1.2476230" lon="36.8378570">
    <ele>1667.6</ele>
    <time>2026-01-31T05:34:02Z</time>
   </trkpt>
   <trkpt lat="-1.2476500" lon="36.8378910">
    <ele>1667.5</ele>
    <time>2026-01-31T05:34:03Z</time>
   </trkpt>
   <trkpt lat="-1.2476600" lon="36.8379040">
    <ele>1667.5</ele>
    <time>2026-01-31T05:34:04Z</time>
   </trkpt>
   <trkpt lat="-1.2476730" lon="36.8379290">
    <ele>1667.4</ele>
    <time>2026-01-31T05:34:05Z</time>
   </trkpt>
   <trkpt lat="-1.2476990" lon="36.8379580">
    <ele>1667.3</ele>
    <time>2026-01-31T05:34:06Z</time>
   </trkpt>
   <trkpt lat="-1.2477080" lon="36.8379670">
    <ele>1667.3</ele>
    <time>2026-01-31T05:34:07Z</time>
   </trkpt>
   <trkpt lat="-1.2477380" lon="36.8379870">
    <ele>1667.2</ele>
    <time>2026-01-31T05:34:08Z</time>
   </trkpt>
   <trkpt lat="-1.2477490" lon="36.8379940">
    <ele>1667.2</ele>
    <time>2026-01-31T05:34:09Z</time>
   </trkpt>
   <trkpt lat="-1.2477830" lon="36.8380050">
    <ele>1667.1</ele>
    <time>2026-01-31T05:34:10Z</time>
   </trkpt>
   <trkpt lat="-1.2477940" lon="36.8380080">
    <ele>1667.1</ele>
    <time>2026-01-31T05:34:11Z</time>
   </trkpt>
   <trkpt lat="-1.2478250" lon="36.8380200">
    <ele>1667.1</ele>
    <time>2026-01-31T05:34:12Z</time>
   </trkpt>
   <trkpt lat="-1.2478360" lon="36.8380260">
    <ele>1667.0</ele>
    <time>2026-01-31T05:34:13Z</time>
   </trkpt>
   <trkpt lat="-1.2478630" lon="36.8380400">
    <ele>1667.0</ele>
    <time>2026-01-31T05:34:14Z</time>
   </trkpt>
   <trkpt lat="-1.2478720" lon="36.8380450">
    <ele>1667.0</ele>
    <time>2026-01-31T05:34:15Z</time>
   </trkpt>
   <trkpt lat="-1.2478860" lon="36.8380590">
    <ele>1666.9</ele>
    <time>2026-01-31T05:34:16Z</time>
   </trkpt>
   <trkpt lat="-1.2478940" lon="36.8380730">
    <ele>1666.9</ele>
    <time>2026-01-31T05:34:17Z</time>
   </trkpt>
   <trkpt lat="-1.2479080" lon="36.8380850">
    <ele>1666.9</ele>
    <time>2026-01-31T05:34:18Z</time>
   </trkpt>
   <trkpt lat="-1.2479270" lon="36.8380890">
    <ele>1666.9</ele>
    <time>2026-01-31T05:34:19Z</time>
   </trkpt>
   <trkpt lat="-1.2479490" lon="36.8381090">
    <ele>1666.8</ele>
    <time>2026-01-31T05:34:20Z</time>
   </trkpt>
   <trkpt lat="-1.2479530" lon="36.8381190">
    <ele>1666.8</ele>
    <time>2026-01-31T05:34:21Z</time>
   </trkpt>
   <trkpt lat="-1.2479530" lon="36.8381530">
    <ele>1666.8</ele>
    <time>2026-01-31T05:34:22Z</time>
   </trkpt>
   <trkpt lat="-1.2479530" lon="36.8381640">
    <ele>1666.8</ele>
    <time>2026-01-31T05:34:23Z</time>
   </trkpt>
   <trkpt lat="-1.2479520" lon="36.8382000">
    <ele>1666.8</ele>
    <time>2026-01-31T05:34:24Z</time>
   </trkpt>
   <trkpt lat="-1.2479510" lon="36.8382110">
    <ele>1666.8</ele>
    <time>2026-01-31T05:34:25Z</time>
   </trkpt>
   <trkpt lat="-1.2479500" lon="36.8382480">
    <ele>1666.8</ele>
    <time>2026-01-31T05:34:26Z</time>
   </trkpt>
   <trkpt lat="-1.2479500" lon="36.8382590">
    <ele>1666.8</ele>
    <time>2026-01-31T05:34:27Z</time>
   </trkpt>
   <trkpt lat="-1.2479550" lon="36.8382910">
    <ele>1666.8</ele>
    <time>2026-01-31T05:34:28Z</time>
   </trkpt>
   <trkpt lat="-1.2479580" lon="36.8383000">
    <ele>1666.8</ele>
    <time>2026-01-31T05:34:29Z</time>
   </trkpt>
   <trkpt lat="-1.2479680" lon="36.8383120">
    <ele>1666.8</ele>
    <time>2026-01-31T05:34:30Z</time>
   </trkpt>
   <trkpt lat="-1.2479800" lon="36.8383270">
    <ele>1666.8</ele>
    <time>2026-01-31T05:34:31Z</time>
   </trkpt>
   <trkpt lat="-1.2480120" lon="36.8383390">
    <ele>1666.8</ele>
    <time>2026-01-31T05:34:32Z</time>
   </trkpt>
   <trkpt lat="-1.2480250" lon="36.8383390">
    <ele>1666.8</ele>
    <time>2026-01-31T05:34:33Z</time>
   </trkpt>
   <trkpt lat="-1.2480610" lon="36.8383520">
    <ele>1666.8</ele>
    <time>2026-01-31T05:34:34Z</time>
   </trkpt>
   <trkpt lat="-1.2480710" lon="36.8383600">
    <ele>1666.8</ele>
    <time>2026-01-31T05:34:35Z</time>
   </trkpt>
   <trkpt lat="-1.2480820" lon="36.8383850">
    <ele>1666.8</ele>
    <time>2026-01-31T05:34:36Z</time>
   </trkpt>
   <trkpt lat="-1.2480850" lon="36.8384150">
    <ele>1667.0</ele>
    <time>2026-01-31T05:34:37Z</time>
   </trkpt>
   <trkpt lat="-1.2480900" lon="36.8384440">
    <ele>1667.0</ele>
    <time>2026-01-31T05:34:38Z</time>
   </trkpt>
   <trkpt lat="-1.2481060" lon="36.8384820">
    <ele>1667.1</ele>
    <time>2026-01-31T05:34:39Z</time>
   </trkpt>
   <trkpt lat="-1.2481130" lon="36.8384950">
    <ele>1667.3</ele>
    <time>2026-01-31T05:34:40Z</time>
   </trkpt>
   <trkpt lat="-1.2481240" lon="36.8385320">
    <ele>1667.6</ele>
    <time>2026-01-31T05:34:41Z</time>
   </trkpt>
   <trkpt lat="-1.2481270" lon="36.8385450">
    <ele>1667.6</ele>
    <time>2026-01-31T05:34:42Z</time>
   </trkpt>
   <trkpt lat="-1.2481430" lon="36.8385780">
    <ele>1667.7</ele>
    <time>2026-01-31T05:34:43Z</time>
   </trkpt>
   <trkpt lat="-1.2481510" lon="36.8385880">
    <ele>1667.7</ele>
    <time>2026-01-31T05:34:44Z</time>
   </trkpt>
   <trkpt lat="-1.2481770" lon="36.8386100">
    <ele>1667.7</ele>
    <time>2026-01-31T05:34:45Z</time>
   </trkpt>
   <trkpt lat="-1.2481850" lon="36.8386180">
    <ele>1667.5</ele>
    <time>2026-01-31T05:34:46Z</time>
   </trkpt>
   <trkpt lat="-1.2482110" lon="36.8386440">
    <ele>1667.5</ele>
    <time>2026-01-31T05:34:47Z</time>
   </trkpt>
   <trkpt lat="-1.2482200" lon="36.8386520">
    <ele>1667.5</ele>
    <time>2026-01-31T05:34:48Z</time>
   </trkpt>
   <trkpt lat="-1.2482420" lon="36.8386700">
    <ele>1667.2</ele>
    <time>2026-01-31T05:34:49Z</time>
   </trkpt>
   <trkpt lat="-1.2482720" lon="36.8386890">
    <ele>1666.9</ele>
    <time>2026-01-31T05:34:50Z</time>
   </trkpt>
   <trkpt lat="-1.2482810" lon="36.8386960">
    <ele>1666.9</ele>
    <time>2026-01-31T05:34:51Z</time>
   </trkpt>
   <trkpt lat="-1.2483100" lon="36.8387100">
    <ele>1666.7</ele>
    <time>2026-01-31T05:34:52Z</time>
   </trkpt>
   <trkpt lat="-1.2483200" lon="36.8387150">
    <ele>1666.7</ele>
    <time>2026-01-31T05:34:53Z</time>
   </trkpt>
   <trkpt lat="-1.2483470" lon="36.8387230">
    <ele>1666.7</ele>
    <time>2026-01-31T05:34:54Z</time>
   </trkpt>
   <trkpt lat="-1.2483570" lon="36.8387260">
    <ele>1666.6</ele>
    <time>2026-01-31T05:34:55Z</time>
   </trkpt>
   <trkpt lat="-1.2483830" lon="36.8387370">
    <ele>1666.6</ele>
    <time>2026-01-31T05:34:56Z</time>
   </trkpt>
   <trkpt lat="-1.2484110" lon="36.8387520">
    <ele>1666.7</ele>
    <time>2026-01-31T05:34:57Z</time>
   </trkpt>
   <trkpt lat="-1.2484220" lon="36.8387580">
    <ele>1666.7</ele>
    <time>2026-01-31T05:34:58Z</time>
   </trkpt>
   <trkpt lat="-1.2484520" lon="36.8387770">
    <ele>1666.7</ele>
    <time>2026-01-31T05:34:59Z</time>
   </trkpt>
   <trkpt lat="-1.2484610" lon="36.8387850">
    <ele>1666.7</ele>
    <time>2026-01-31T05:35:00Z</time>
   </trkpt>
   <trkpt lat="-1.2484760" lon="36.8388120">
    <ele>1666.9</ele>
    <time>2026-01-31T05:35:01Z</time>
   </trkpt>
   <trkpt lat="-1.2484770" lon="36.8388210">
    <ele>1666.9</ele>
    <time>2026-01-31T05:35:02Z</time>
   </trkpt>
   <trkpt lat="-1.2484830" lon="36.8388500">
    <ele>1667.2</ele>
    <time>2026-01-31T05:35:03Z</time>
   </trkpt>
   <trkpt lat="-1.2484860" lon="36.8388600">
    <ele>1667.2</ele>
    <time>2026-01-31T05:35:04Z</time>
   </trkpt>
   <trkpt lat="-1.2484960" lon="36.8388750">
    <ele>1667.5</ele>
    <time>2026-01-31T05:35:05Z</time>
   </trkpt>
   <trkpt lat="-1.2485070" lon="36.8388900">
    <ele>1667.5</ele>
    <time>2026-01-31T05:35:06Z</time>
   </trkpt>
   <trkpt lat="-1.2485290" lon="36.8389130">
    <ele>1667.6</ele>
    <time>2026-01-31T05:35:07Z</time>
   </trkpt>
   <trkpt lat="-1.2485370" lon="36.8389200">
    <ele>1667.9</ele>
    <time>2026-01-31T05:35:08Z</time>
   </trkpt>
   <trkpt lat="-1.2485520" lon="36.8389270">
    <ele>1667.9</ele>
    <time>2026-01-31T05:35:09Z</time>
   </trkpt>
   <trkpt lat="-1.2485670" lon="36.8389380">
    <ele>1667.9</ele>
    <time>2026-01-31T05:35:10Z</time>
   </trkpt>
   <trkpt lat="-1.2485930" lon="36.8389650">
    <ele>1668.1</ele>
    <time>2026-01-31T05:35:11Z</time>
   </trkpt>
   <trkpt lat="-1.2486000" lon="36.8389740">
    <ele>1668.1</ele>
    <time>2026-01-31T05:35:12Z</time>
   </trkpt>
   <trkpt lat="-1.2486320" lon="36.8389940">
    <ele>1667.9</ele>
    <time>2026-01-31T05:35:13Z</time>
   </trkpt>
   <trkpt lat="-1.2486430" lon="36.8390010">
    <ele>1667.9</ele>
    <time>2026-01-31T05:35:14Z</time>
   </trkpt>
   <trkpt lat="-1.2486750" lon="36.8390220">
    <ele>1667.6</ele>
    <time>2026-01-31T05:35:15Z</time>
   </trkpt>
   <trkpt lat="-1.2486840" lon="36.8390300">
    <ele>1667.6</ele>
    <time>2026-01-31T05:35:16Z</time>
   </trkpt>
   <trkpt lat="-1.2487010" lon="36.8390530">
    <ele>1667.0</ele>
    <time>2026-01-31T05:35:17Z</time>
   </trkpt>
   <trkpt lat="-1.2487160" lon="36.8390770">
    <ele>1667.0</ele>
    <time>2026-01-31T05:35:18Z</time>
   </trkpt>
   <trkpt lat="-1.2487400" lon="36.8391050">
    <ele>1666.4</ele>
    <time>2026-01-31T05:35:19Z</time>
   </trkpt>
   <trkpt lat="-1.2487480" lon="36.8391130">
    <ele>1666.4</ele>
    <time>2026-01-31T05:35:20Z</time>
   </trkpt>
   <trkpt lat="-1.2487760" lon="36.8391360">
    <ele>1666.7</ele>
    <time>2026-01-31T05:35:21Z</time>
   </trkpt>
   <trkpt lat="-1.2487840" lon="36.8391440">
    <ele>1666.2</ele>
    <time>2026-01-31T05:35:22Z</time>
   </trkpt>
   <trkpt lat="-1.2488030" lon="36.8391690">
    <ele>1666.2</ele>
    <time>2026-01-31T05:35:23Z</time>
   </trkpt>
   <trkpt lat="-1.2488080" lon="36.8391770">
    <ele>1666.6</ele>
    <time>2026-01-31T05:35:24Z</time>
   </trkpt>
   <trkpt lat="-1.2488220" lon="36.8392050">
    <ele>1666.6</ele>
    <time>2026-01-31T05:35:25Z</time>
   </trkpt>
   <trkpt lat="-1.2488270" lon="36.8392150">
    <ele>1666.2</ele>
    <time>2026-01-31T05:35:26Z</time>
   </trkpt>
   <trkpt lat="-1.2488370" lon="36.8392440">
    <ele>1666.8</ele>
    <time>2026-01-31T05:35:27Z</time>
   </trkpt>
   <trkpt lat="-1.2488390" lon="36.8392530">
    <ele>1666.8</ele>
    <time>2026-01-31T05:35:28Z</time>
   </trkpt>
   <trkpt lat="-1.2488470" lon="36.8392800">
    <ele>1667.4</ele>
    <time>2026-01-31T05:35:29Z</time>
   </trkpt>
   <trkpt lat="-1.2488500" lon="36.8392890">
    <ele>1667.4</ele>
    <time>2026-01-31T05:35:30Z</time>
   </trkpt>
   <trkpt lat="-1.2488630" lon="36.8393180">
    <ele>1668.0</ele>
    <time>2026-01-31T05:35:31Z</time>
   </trkpt>
   <trkpt lat="-1.2488680" lon="36.8393280">
    <ele>1667.7</ele>
    <time>2026-01-31T05:35:32Z</time>
   </trkpt>
   <trkpt lat="-1.2488900" lon="36.8393510">
    <ele>1668.3</ele>
    <time>2026-01-31T05:35:33Z</time>
   </trkpt>
   <trkpt lat="-1.2488960" lon="36.8393600">
    <ele>1668.3</ele>
    <time>2026-01-31T05:35:34Z</time>
   </trkpt>
   <trkpt lat="-1.2489150" lon="36.8393890">
    <ele>1668.0</ele>
    <time>2026-01-31T05:35:35Z</time>
   </trkpt>
   <trkpt lat="-1.2489210" lon="36.8393980">
    <ele>1668.6</ele>
    <time>2026-01-31T05:35:36Z</time>
   </trkpt>
   <trkpt lat="-1.2489510" lon="36.8394200">
    <ele>1668.6</ele>
    <time>2026-01-31T05:35:37Z</time>
   </trkpt>
   <trkpt lat="-1.2489610" lon="36.8394270">
    <ele>1668.3</ele>
    <time>2026-01-31T05:35:38Z</time>
   </trkpt>
   <trkpt lat="-1.2489890" lon="36.8394480">
    <ele>1668.8</ele>
    <time>2026-01-31T05:35:39Z</time>
   </trkpt>
   <trkpt lat="-1.2489990" lon="36.8394530">
    <ele>1668.5</ele>
    <time>2026-01-31T05:35:40Z</time>
   </trkpt>
   <trkpt lat="-1.2490250" lon="36.8394750">
    <ele>1668.5</ele>
    <time>2026-01-31T05:35:41Z</time>
   </trkpt>
   <trkpt lat="-1.2490330" lon="36.8394830">
    <ele>1668.7</ele>
    <time>2026-01-31T05:35:42Z</time>
   </trkpt>
   <trkpt lat="-1.2490530" lon="36.8394810">
    <ele>1668.4</ele>
    <time>2026-01-31T05:35:43Z</time>
   </trkpt>
   <trkpt lat="-1.2490610" lon="36.8394860">
    <ele>1668.4</ele>
    <time>2026-01-31T05:35:44Z</time>
   </trkpt>
   <trkpt lat="-1.2490680" lon="36.8394900">
    <ele>1668.4</ele>
    <time>2026-01-31T05:35:45Z</time>
   </trkpt>
   <trkpt lat="-1.2490830" lon="36.8395150">
    <ele>1668.2</ele>
    <time>2026-01-31T05:35:46Z</time>
   </trkpt>
   <trkpt lat="-1.2490870" lon="36.8395250">
    <ele>1668.3</ele>
    <time>2026-01-31T05:35:47Z</time>
   </trkpt>
   <trkpt lat="-1.2491010" lon="36.8395540">
    <ele>1668.3</ele>
    <time>2026-01-31T05:35:48Z</time>
   </trkpt>
   <trkpt lat="-1.2491060" lon="36.8395630">
    <ele>1668.4</ele>
    <time>2026-01-31T05:35:49Z</time>
   </trkpt>
   <trkpt lat="-1.2491180" lon="36.8395940">
    <ele>1668.4</ele>
    <time>2026-01-31T05:35:50Z</time>
   </trkpt>
   <trkpt lat="-1.2491210" lon="36.8396040">
    <ele>1668.4</ele>
    <time>2026-01-31T05:35:51Z</time>
   </trkpt>
   <trkpt lat="-1.2491400" lon="36.8396260">
    <ele>1668.6</ele>
    <time>2026-01-31T05:35:52Z</time>
   </trkpt>
   <trkpt lat="-1.2491470" lon="36.8396330">
    <ele>1668.6</ele>
    <time>2026-01-31T05:35:53Z</time>
   </trkpt>
   <trkpt lat="-1.2491540" lon="36.8396510">
    <ele>1668.8</ele>
    <time>2026-01-31T05:35:54Z</time>
   </trkpt>
   <trkpt lat="-1.2491590" lon="36.8396670">
    <ele>1668.8</ele>
    <time>2026-01-31T05:35:55Z</time>
   </trkpt>
   <trkpt lat="-1.2491640" lon="36.8396780">
    <ele>1668.8</ele>
    <time>2026-01-31T05:35:56Z</time>
   </trkpt>
   <trkpt lat="-1.2491700" lon="36.8396930">
    <ele>1669.0</ele>
    <time>2026-01-31T05:35:57Z</time>
   </trkpt>
   <trkpt lat="-1.2491760" lon="36.8397230">
    <ele>1669.0</ele>
    <time>2026-01-31T05:35:58Z</time>
   </trkpt>
   <trkpt lat="-1.2491760" lon="36.8397350">
    <ele>1669.2</ele>
    <time>2026-01-31T05:35:59Z</time>
   </trkpt>
   <trkpt lat="-1.2491750" lon="36.8397640">
    <ele>1669.2</ele>
    <time>2026-01-31T05:36:00Z</time>
   </trkpt>
   <trkpt lat="-1.2491750" lon="36.8397730">
    <ele>1669.2</ele>
    <time>2026-01-31T05:36:01Z</time>
   </trkpt>
   <trkpt lat="-1.2491820" lon="36.8397920">
    <ele>1669.5</ele>
    <time>2026-01-31T05:36:02Z</time>
   </trkpt>
   <trkpt lat="-1.2491970" lon="36.8397980">
    <ele>1669.5</ele>
    <time>2026-01-31T05:36:03Z</time>
   </trkpt>
   <trkpt lat="-1.2492210" lon="36.8398110">
    <ele>1669.4</ele>
    <time>2026-01-31T05:36:04Z</time>
   </trkpt>
   <trkpt lat="-1.2492290" lon="36.8398170">
    <ele>1669.4</ele>
    <time>2026-01-31T05:36:05Z</time>
   </trkpt>
   <trkpt lat="-1.2492460" lon="36.8398240">
    <ele>1669.7</ele>
    <time>2026-01-31T05:36:06Z</time>
   </trkpt>
   <trkpt lat="-1.2492580" lon="36.8398370">
    <ele>1669.7</ele>
    <time>2026-01-31T05:36:07Z</time>
   </trkpt>
   <trkpt lat="-1.2492650" lon="36.8398560">
    <ele>1669.7</ele>
    <time>2026-01-31T05:36:08Z</time>
   </trkpt>
   <trkpt lat="-1.2492530" lon="36.8398740">
    <ele>1670.1</ele>
    <time>2026-01-31T05:36:09Z</time>
   </trkpt>
   <trkpt lat="-1.2492210" lon="36.8398880">
    <ele>1670.1</ele>
    <time>2026-01-31T05:36:10Z</time>
   </trkpt>
   <trkpt lat="-1.2492090" lon="36.8398890">
    <ele>1670.1</ele>
    <time>2026-01-31T05:36:11Z</time>
   </trkpt>
   <trkpt lat="-1.2491790" lon="36.8398730">
    <ele>1670.1</ele>
    <time>2026-01-31T05:36:12Z</time>
   </trkpt>
   <trkpt lat="-1.2491710" lon="36.8398670">
    <ele>1670.1</ele>
    <time>2026-01-31T05:36:13Z</time>
   </trkpt>
   <trkpt lat="-1.2491540" lon="36.8398420">
    <ele>1669.8</ele>
    <time>2026-01-31T05:36:14Z</time>
   </trkpt>
   <trkpt lat="-1.2491470" lon="36.8398340">
    <ele>1669.8</ele>
    <time>2026-01-31T05:36:15Z</time>
   </trkpt>
   <trkpt lat="-1.2491200" lon="36.8398150">
    <ele>1669.6</ele>
    <time>2026-01-31T05:36:16Z</time>
   </trkpt>
   <trkpt lat="-1.2491090" lon="36.8398080">
    <ele>1669.6</ele>
    <time>2026-01-31T05:36:17Z</time>
   </trkpt>
   <trkpt lat="-1.2490940" lon="36.8397990">
    <ele>1669.6</ele>
    <time>2026-01-31T05:36:18Z</time>
   </trkpt>
   <trkpt lat="-1.2490780" lon="36.8397880">
    <ele>1669.6</ele>
    <time>2026-01-31T05:36:19Z</time>
   </trkpt>
   <trkpt lat="-1.2490600" lon="36.8397630">
    <ele>1669.3</ele>
    <time>2026-01-31T05:36:20Z</time>
   </trkpt>
   <trkpt lat="-1.2490560" lon="36.8397540">
    <ele>1669.3</ele>
    <time>2026-01-31T05:36:21Z</time>
   </trkpt>
   <trkpt lat="-1.2490490" lon="36.8397270">
    <ele>1668.9</ele>
    <time>2026-01-31T05:36:22Z</time>
   </trkpt>
   <trkpt lat="-1.2490470" lon="36.8397180">
    <ele>1668.9</ele>
    <time>2026-01-31T05:36:23Z</time>
   </trkpt>
   <trkpt lat="-1.2490350" lon="36.8396910">
    <ele>1668.9</ele>
    <time>2026-01-31T05:36:24Z</time>
   </trkpt>
   <trkpt lat="-1.2490310" lon="36.8396840">
    <ele>1668.6</ele>
    <time>2026-01-31T05:36:25Z</time>
   </trkpt>
   <trkpt lat="-1.2490230" lon="36.8396670">
    <ele>1668.6</ele>
    <time>2026-01-31T05:36:26Z</time>
   </trkpt>
   <trkpt lat="-1.2490170" lon="36.8396520">
    <ele>1668.6</ele>
    <time>2026-01-31T05:36:27Z</time>
   </trkpt>
   <trkpt lat="-1.2490080" lon="36.8396360">
    <ele>1668.5</ele>
    <time>2026-01-31T05:36:28Z</time>
   </trkpt>
   <trkpt lat="-1.2489970" lon="36.8396220">
    <ele>1668.5</ele>
    <time>2026-01-31T05:36:29Z</time>
   </trkpt>
   <trkpt lat="-1.2489870" lon="36.8395940">
    <ele>1668.7</ele>
    <time>2026-01-31T05:36:30Z</time>
   </trkpt>
   <trkpt lat="-1.2489840" lon="36.8395850">
    <ele>1668.7</ele>
    <time>2026-01-31T05:36:31Z</time>
   </trkpt>
   <trkpt lat="-1.2489790" lon="36.8395530">
    <ele>1668.8</ele>
    <time>2026-01-31T05:36:32Z</time>
   </trkpt>
   <trkpt lat="-1.2489770" lon="36.8395430">
    <ele>1668.8</ele>
    <time>2026-01-31T05:36:33Z</time>
   </trkpt>
   <trkpt lat="-1.2489680" lon="36.8395120">
    <ele>1668.8</ele>
    <time>2026-01-31T05:36:34Z</time>
   </trkpt>
   <trkpt lat="-1.2489650" lon="36.8395010">
    <ele>1668.8</ele>
    <time>2026-01-31T05:36:35Z</time>
   </trkpt>
   <trkpt lat="-1.2489590" lon="36.8394690">
    <ele>1668.6</ele>
    <time>2026-01-31T05:36:36Z</time>
   </trkpt>
   <trkpt lat="-1.2489570" lon="36.8394580">
    <ele>1668.6</ele>
    <time>2026-01-31T05:36:37Z</time>
   </trkpt>
   <trkpt lat="-1.2489450" lon="36.8394300">
    <ele>1668.5</ele>
    <time>2026-01-31T05:36:38Z</time>
   </trkpt>
   <trkpt lat="-1.2489400" lon="36.8394200">
    <ele>1668.5</ele>
    <time>2026-01-31T05:36:39Z</time>
   </trkpt>
   <trkpt lat="-1.2489250" lon="36.8393910">
    <ele>1668.5</ele>
    <time>2026-01-31T05:36:40Z</time>
   </trkpt>
   <trkpt lat="-1.2489220" lon="36.8393820">
    <ele>1667.9</ele>
    <time>2026-01-31T05:36:41Z</time>
   </trkpt>
   <trkpt lat="-1.2489150" lon="36.8393630">
    <ele>1667.9</ele>
    <time>2026-01-31T05:36:42Z</time>
   </trkpt>
   <trkpt lat="-1.2489080" lon="36.8393480">
    <ele>1668.2</ele>
    <time>2026-01-31T05:36:43Z</time>
   </trkpt>
   <trkpt lat="-1.2489010" lon="36.8393350">
    <ele>1667.5</ele>
    <time>2026-01-31T05:36:44Z</time>
   </trkpt>
   <trkpt lat="-1.2488860" lon="36.8393190">
    <ele>1667.5</ele>
    <time>2026-01-31T05:36:45Z</time>
   </trkpt>
   <trkpt lat="-1.2488790" lon="36.8393040">
    <ele>1667.5</ele>
    <time>2026-01-31T05:36:46Z</time>
   </trkpt>
   <trkpt lat="-1.2488730" lon="36.8392880">
    <ele>1666.9</ele>
    <time>2026-01-31T05:36:47Z</time>
   </trkpt>
   <trkpt lat="-1.2488610" lon="36.8392590">
    <ele>1666.6</ele>
    <time>2026-01-31T05:36:48Z</time>
   </trkpt>
   <trkpt lat="-1.2488560" lon="36.8392480">
    <ele>1666.6</ele>
    <time>2026-01-31T05:36:49Z</time>
   </trkpt>
   <trkpt lat="-1.2488420" lon="36.8392120">
    <ele>1666.0</ele>
    <time>2026-01-31T05:36:50Z</time>
   </trkpt>
   <trkpt lat="-1.2488370" lon="36.8392000">
    <ele>1666.0</ele>
    <time>2026-01-31T05:36:51Z</time>
   </trkpt>
   <trkpt lat="-1.2488220" lon="36.8391760">
    <ele>1666.4</ele>
    <time>2026-01-31T05:36:52Z</time>
   </trkpt>
   <trkpt lat="-1.2488050" lon="36.8391540">
    <ele>1665.9</ele>
    <time>2026-01-31T05:36:53Z</time>
   </trkpt>
   <trkpt lat="-1.2487830" lon="36.8391230">
    <ele>1665.7</ele>
    <time>2026-01-31T05:36:54Z</time>
   </trkpt>
   <trkpt lat="-1.2487750" lon="36.8391130">
    <ele>1666.2</ele>
    <time>2026-01-31T05:36:55Z</time>
   </trkpt>
   <trkpt lat="-1.2487580" lon="36.8390950">
    <ele>1666.2</ele>
    <time>2026-01-31T05:36:56Z</time>
   </trkpt>
   <trkpt lat="-1.2487490" lon="36.8390880">
    <ele>1666.2</ele>
    <time>2026-01-31T05:36:57Z</time>
   </trkpt>
   <trkpt lat="-1.2487220" lon="36.8390730">
    <ele>1666.8</ele>
    <time>2026-01-31T05:36:58Z</time>
   </trkpt>
   <trkpt lat="-1.2486990" lon="36.8390570">
    <ele>1666.8</ele>
    <time>2026-01-31T05:36:59Z</time>
   </trkpt>
   <trkpt lat="-1.2486910" lon="36.8390530">
    <ele>1667.3</ele>
    <time>2026-01-31T05:37:00Z</time>
   </trkpt>
   <trkpt lat="-1.2486810" lon="36.8390460">
    <ele>1667.3</ele>
    <time>2026-01-31T05:37:01Z</time>
   </trkpt>
   <trkpt lat="-1.2486700" lon="36.8390350">
    <ele>1667.3</ele>
    <time>2026-01-31T05:37:02Z</time>
   </trkpt>
   <trkpt lat="-1.2486560" lon="36.8390230">
    <ele>1667.3</ele>
    <time>2026-01-31T05:37:03Z</time>
   </trkpt>
   <trkpt lat="-1.2486460" lon="36.8390150">
    <ele>1667.7</ele>
    <time>2026-01-31T05:37:04Z</time>
   </trkpt>
   <trkpt lat="-1.2486260" lon="36.8390040">
    <ele>1667.7</ele>
    <time>2026-01-31T05:37:05Z</time>
   </trkpt>
   <trkpt lat="-1.2486160" lon="36.8390010">
    <ele>1667.7</ele>
    <time>2026-01-31T05:37:06Z</time>
   </trkpt>
   <trkpt lat="-1.2486060" lon="36.8389980">
    <ele>1667.8</ele>
    <time>2026-01-31T05:37:07Z</time>
   </trkpt>
   <trkpt lat="-1.2485930" lon="36.8389890">
    <ele>1667.8</ele>
    <time>2026-01-31T05:37:08Z</time>
   </trkpt>
   <trkpt lat="-1.2485780" lon="36.8389780">
    <ele>1667.8</ele>
    <time>2026-01-31T05:37:09Z</time>
   </trkpt>
   <trkpt lat="-1.2485560" lon="36.8389550">
    <ele>1667.6</ele>
    <time>2026-01-31T05:37:10Z</time>
   </trkpt>
   <trkpt lat="-1.2485500" lon="36.8389490">
    <ele>1667.6</ele>
    <time>2026-01-31T05:37:11Z</time>
   </trkpt>
   <trkpt lat="-1.2485390" lon="36.8389390">
    <ele>1667.6</ele>
    <time>2026-01-31T05:37:12Z</time>
   </trkpt>
   <trkpt lat="-1.2485310" lon="36.8389270">
    <ele>1667.6</ele>
    <time>2026-01-31T05:37:13Z</time>
   </trkpt>
   <trkpt lat="-1.2485230" lon="36.8389130">
    <ele>1667.2</ele>
    <time>2026-01-31T05:37:14Z</time>
   </trkpt>
   <trkpt lat="-1.2485100" lon="36.8389000">
    <ele>1667.2</ele>
    <time>2026-01-31T05:37:15Z</time>
   </trkpt>
   <trkpt lat="-1.2484990" lon="36.8388730">
    <ele>1666.9</ele>
    <time>2026-01-31T05:37:16Z</time>
   </trkpt>
   <trkpt lat="-1.2484960" lon="36.8388640">
    <ele>1666.9</ele>
    <time>2026-01-31T05:37:17Z</time>
   </trkpt>
   <trkpt lat="-1.2484910" lon="36.8388360">
    <ele>1666.9</ele>
    <time>2026-01-31T05:37:18Z</time>
   </trkpt>
   <trkpt lat="-1.2484870" lon="36.8388260">
    <ele>1666.6</ele>
    <time>2026-01-31T05:37:19Z</time>
   </trkpt>
   <trkpt lat="-1.2484800" lon="36.8388120">
    <ele>1666.5</ele>
    <time>2026-01-31T05:37:20Z</time>
   </trkpt>
   <trkpt lat="-1.2484690" lon="36.8387950">
    <ele>1666.5</ele>
    <time>2026-01-31T05:37:21Z</time>
   </trkpt>
   <trkpt lat="-1.2484400" lon="36.8387700">
    <ele>1666.4</ele>
    <time>2026-01-31T05:37:22Z</time>
   </trkpt>
   <trkpt lat="-1.2484280" lon="36.8387630">
    <ele>1666.3</ele>
    <time>2026-01-31T05:37:23Z</time>
   </trkpt>
   <trkpt lat="-1.2483950" lon="36.8387450">
    <ele>1666.3</ele>
    <time>2026-01-31T05:37:24Z</time>
   </trkpt>
   <trkpt lat="-1.2483830" lon="36.8387400">
    <ele>1666.3</ele>
    <time>2026-01-31T05:37:25Z</time>
   </trkpt>
   <trkpt lat="-1.2483500" lon="36.8387240">
    <ele>1666.3</ele>
    <time>2026-01-31T05:37:26Z</time>
   </trkpt>
   <trkpt lat="-1.2483390" lon="36.8387210">
    <ele>1666.3</ele>
    <time>2026-01-31T05:37:27Z</time>
   </trkpt>
   <trkpt lat="-1.2483040" lon="36.8387140">
    <ele>1666.5</ele>
    <time>2026-01-31T05:37:28Z</time>
   </trkpt>
   <trkpt lat="-1.2482920" lon="36.8387130">
    <ele>1666.5</ele>
    <time>2026-01-31T05:37:29Z</time>
   </trkpt>
   <trkpt lat="-1.2482640" lon="36.8386940">
    <ele>1666.8</ele>
    <time>2026-01-31T05:37:30Z</time>
   </trkpt>
   <trkpt lat="-1.2482550" lon="36.8386860">
    <ele>1666.8</ele>
    <time>2026-01-31T05:37:31Z</time>
   </trkpt>
   <trkpt lat="-1.2482320" lon="36.8386630">
    <ele>1666.8</ele>
    <time>2026-01-31T05:37:32Z</time>
   </trkpt>
   <trkpt lat="-1.2482240" lon="36.8386560">
    <ele>1666.8</ele>
    <time>2026-01-31T05:37:33Z</time>
   </trkpt>
   <trkpt lat="-1.2481980" lon="36.8386380">
    <ele>1667.1</ele>
    <time>2026-01-31T05:37:34Z</time>
   </trkpt>
   <trkpt lat="-1.2481880" lon="36.8386320">
    <ele>1667.1</ele>
    <time>2026-01-31T05:37:35Z</time>
   </trkpt>
   <trkpt lat="-1.2481620" lon="36.8386080">
    <ele>1667.3</ele>
    <time>2026-01-31T05:37:36Z</time>
   </trkpt>
   <trkpt lat="-1.2481530" lon="36.8386000">
    <ele>1667.3</ele>
    <time>2026-01-31T05:37:37Z</time>
   </trkpt>
   <trkpt lat="-1.2481340" lon="36.8385720">
    <ele>1667.2</ele>
    <time>2026-01-31T05:37:38Z</time>
   </trkpt>
   <trkpt lat="-1.2481270" lon="36.8385630">
    <ele>1667.2</ele>
    <time>2026-01-31T05:37:39Z</time>
   </trkpt>
   <trkpt lat="-1.2481090" lon="36.8385380">
    <ele>1667.2</ele>
    <time>2026-01-31T05:37:40Z</time>
   </trkpt>
   <trkpt lat="-1.2481020" lon="36.8385310">
    <ele>1666.9</ele>
    <time>2026-01-31T05:37:41Z</time>
   </trkpt>
   <trkpt lat="-1.2480820" lon="36.8385060">
    <ele>1667.0</ele>
    <time>2026-01-31T05:37:42Z</time>
   </trkpt>
   <trkpt lat="-1.2480770" lon="36.8384970">
    <ele>1667.0</ele>
    <time>2026-01-31T05:37:43Z</time>
   </trkpt>
   <trkpt lat="-1.2480710" lon="36.8384660">
    <ele>1666.8</ele>
    <time>2026-01-31T05:37:44Z</time>
   </trkpt>
   <trkpt lat="-1.2480670" lon="36.8384570">
    <ele>1666.8</ele>
    <time>2026-01-31T05:37:45Z</time>
   </trkpt>
   <trkpt lat="-1.2480440" lon="36.8384350">
    <ele>1666.8</ele>
    <time>2026-01-31T05:37:46Z</time>
   </trkpt>
   <trkpt lat="-1.2480350" lon="36.8384300">
    <ele>1666.8</ele>
    <time>2026-01-31T05:37:47Z</time>
   </trkpt>
   <trkpt lat="-1.2480210" lon="36.8384250">
    <ele>1666.8</ele>
    <time>2026-01-31T05:37:48Z</time>
   </trkpt>
   <trkpt lat="-1.2480050" lon="36.8384190">
    <ele>1666.8</ele>
    <time>2026-01-31T05:37:49Z</time>
   </trkpt>
   <trkpt lat="-1.2480010" lon="36.8384140">
    <ele>1666.8</ele>
    <time>2026-01-31T05:37:50Z</time>
   </trkpt>
   <trkpt lat="-1.2479870" lon="36.8384040">
    <ele>1666.8</ele>
    <time>2026-01-31T05:37:51Z</time>
   </trkpt>
   <trkpt lat="-1.2479810" lon="36.8383930">
    <ele>1666.8</ele>
    <time>2026-01-31T05:37:52Z</time>
   </trkpt>
   <trkpt lat="-1.2479750" lon="36.8383770">
    <ele>1666.8</ele>
    <time>2026-01-31T05:37:53Z</time>
   </trkpt>
   <trkpt lat="-1.2479680" lon="36.8383590">
    <ele>1666.8</ele>
    <time>2026-01-31T05:37:54Z</time>
   </trkpt>
   <trkpt lat="-1.2479680" lon="36.8383260">
    <ele>1666.8</ele>
    <time>2026-01-31T05:37:55Z</time>
   </trkpt>
   <trkpt lat="-1.2479700" lon="36.8383140">
    <ele>1666.8</ele>
    <time>2026-01-31T05:37:56Z</time>
   </trkpt>
   <trkpt lat="-1.2479700" lon="36.8382830">
    <ele>1666.8</ele>
    <time>2026-01-31T05:37:57Z</time>
   </trkpt>
   <trkpt lat="-1.2479700" lon="36.8382720">
    <ele>1666.8</ele>
    <time>2026-01-31T05:37:58Z</time>
   </trkpt>
   <trkpt lat="-1.2479790" lon="36.8382390">
    <ele>1666.8</ele>
    <time>2026-01-31T05:37:59Z</time>
   </trkpt>
   <trkpt lat="-1.2479820" lon="36.8382280">
    <ele>1666.8</ele>
    <time>2026-01-31T05:38:00Z</time>
   </trkpt>
   <trkpt lat="-1.2479760" lon="36.8381920">
    <ele>1666.9</ele>
    <time>2026-01-31T05:38:01Z</time>
   </trkpt>
   <trkpt lat="-1.2479690" lon="36.8381830">
    <ele>1666.9</ele>
    <time>2026-01-31T05:38:02Z</time>
   </trkpt>
   <trkpt lat="-1.2479460" lon="36.8381570">
    <ele>1666.9</ele>
    <time>2026-01-31T05:38:03Z</time>
   </trkpt>
   <trkpt lat="-1.2479370" lon="36.8381490">
    <ele>1666.9</ele>
    <time>2026-01-31T05:38:04Z</time>
   </trkpt>
   <trkpt lat="-1.2479080" lon="36.8381300">
    <ele>1667.0</ele>
    <time>2026-01-31T05:38:05Z</time>
   </trkpt>
   <trkpt lat="-1.2478960" lon="36.8381240">
    <ele>1667.0</ele>
    <time>2026-01-31T05:38:06Z</time>
   </trkpt>
   <trkpt lat="-1.2478780" lon="36.8381020">
    <ele>1667.1</ele>
    <time>2026-01-31T05:38:07Z</time>
   </trkpt>
   <trkpt lat="-1.2478700" lon="36.8380950">
    <ele>1667.1</ele>
    <time>2026-01-31T05:38:08Z</time>
   </trkpt>
   <trkpt lat="-1.2478420" lon="36.8380750">
    <ele>1667.2</ele>
    <time>2026-01-31T05:38:09Z</time>
   </trkpt>
   <trkpt lat="-1.2478340" lon="36.8380690">
    <ele>1667.2</ele>
    <time>2026-01-31T05:38:10Z</time>
   </trkpt>
   <trkpt lat="-1.2478050" lon="36.8380500">
    <ele>1667.3</ele>
    <time>2026-01-31T05:38:11Z</time>
   </trkpt>
   <trkpt lat="-1.2477960" lon="36.8380430">
    <ele>1667.3</ele>
    <time>2026-01-31T05:38:12Z</time>
   </trkpt>
   <trkpt lat="-1.2477670" lon="36.8380230">
    <ele>1667.4</ele>
    <time>2026-01-31T05:38:13Z</time>
   </trkpt>
   <trkpt lat="-1.2477580" lon="36.8380160">
    <ele>1667.4</ele>
    <time>2026-01-31T05:38:14Z</time>
   </trkpt>
   <trkpt lat="-1.2477320" lon="36.8379970">
    <ele>1667.5</ele>
    <time>2026-01-31T05:38:15Z</time>
   </trkpt>
   <trkpt lat="-1.2477220" lon="36.8379900">
    <ele>1667.5</ele>
    <time>2026-01-31T05:38:16Z</time>
   </trkpt>
   <trkpt lat="-1.2476990" lon="36.8379630">
    <ele>1667.6</ele>
    <time>2026-01-31T05:38:17Z</time>
   </trkpt>
   <trkpt lat="-1.2476930" lon="36.8379520">
    <ele>1667.6</ele>
    <time>2026-01-31T05:38:18Z</time>
   </trkpt>
   <trkpt lat="-1.2476750" lon="36.8379260">
    <ele>1667.7</ele>
    <time>2026-01-31T05:38:19Z</time>
   </trkpt>
   <trkpt lat="-1.2476680" lon="36.8379180">
    <ele>1667.7</ele>
    <time>2026-01-31T05:38:20Z</time>
   </trkpt>
   <trkpt lat="-1.2476470" lon="36.8378930">
    <ele>1667.7</ele>
    <time>2026-01-31T05:38:21Z</time>
   </trkpt>
   <trkpt lat="-1.2476400" lon="36.8378850">
    <ele>1667.8</ele>
    <time>2026-01-31T05:38:22Z</time>
   </trkpt>
   <trkpt lat="-1.2476180" lon="36.8378690">
    <ele>1667.8</ele>
    <time>2026-01-31T05:38:23Z</time>
   </trkpt>
   <trkpt lat="-1.2476100" lon="36.8378620">
    <ele>1667.8</ele>
    <time>2026-01-31T05:38:24Z</time>
   </trkpt>
   <trkpt lat="-1.2475890" lon="36.8378360">
    <ele>1667.9</ele>
    <time>2026-01-31T05:38:25Z</time>
   </trkpt>
   <trkpt lat="-1.2475810" lon="36.8378280">
    <ele>1667.9</ele>
    <time>2026-01-31T05:38:26Z</time>
   </trkpt>
   <trkpt lat="-1.2475500" lon="36.8378120">
    <ele>1667.9</ele>
    <time>2026-01-31T05:38:27Z</time>
   </trkpt>
   <trkpt lat="-1.2475390" lon="36.8378080">
    <ele>1667.9</ele>
    <time>2026-01-31T05:38:28Z</time>
   </trkpt>
   <trkpt lat="-1.2475150" lon="36.8377850">
    <ele>1668.0</ele>
    <time>2026-01-31T05:38:29Z</time>
   </trkpt>
   <trkpt lat="-1.2475070" lon="36.8377770">
    <ele>1668.0</ele>
    <time>2026-01-31T05:38:30Z</time>
   </trkpt>
   <trkpt lat="-1.2474980" lon="36.8377660">
    <ele>1668.0</ele>
    <time>2026-01-31T05:38:31Z</time>
   </trkpt>
   <trkpt lat="-1.2474850" lon="36.8377520">
    <ele>1668.0</ele>
    <time>2026-01-31T05:38:32Z</time>
   </trkpt>
   <trkpt lat="-1.2474610" lon="36.8377330">
    <ele>1668.0</ele>
    <time>2026-01-31T05:38:33Z</time>
   </trkpt>
   <trkpt lat="-1.2474510" lon="36.8377280">
    <ele>1668.0</ele>
    <time>2026-01-31T05:38:34Z</time>
   </trkpt>
   <trkpt lat="-1.2474230" lon="36.8377130">
    <ele>1668.1</ele>
    <time>2026-01-31T05:38:35Z</time>
   </trkpt>
   <trkpt lat="-1.2474150" lon="36.8377090">
    <ele>1668.1</ele>
    <time>2026-01-31T05:38:36Z</time>
   </trkpt>
   <trkpt lat="-1.2473850" lon="36.8376980">
    <ele>1668.1</ele>
    <time>2026-01-31T05:38:37Z</time>
   </trkpt>
   <trkpt lat="-1.2473740" lon="36.8376950">
    <ele>1668.1</ele>
    <time>2026-01-31T05:38:38Z</time>
   </trkpt>
   <trkpt lat="-1.2473490" lon="36.8376820">
    <ele>1668.2</ele>
    <time>2026-01-31T05:38:39Z</time>
   </trkpt>
   <trkpt lat="-1.2473400" lon="36.8376780">
    <ele>1668.2</ele>
    <time>2026-01-31T05:38:40Z</time>
   </trkpt>
   <trkpt lat="-1.2473080" lon="36.8376630">
    <ele>1668.2</ele>
    <time>2026-01-31T05:38:41Z</time>
   </trkpt>
   <trkpt lat="-1.2472960" lon="36.8376590">
    <ele>1668.3</ele>
    <time>2026-01-31T05:38:42Z</time>
   </trkpt>
   <trkpt lat="-1.2472670" lon="36.8376430">
    <ele>1668.3</ele>
    <time>2026-01-31T05:38:43Z</time>
   </trkpt>
   <trkpt lat="-1.2472590" lon="36.8376370">
    <ele>1668.3</ele>
    <time>2026-01-31T05:38:44Z</time>
   </trkpt>
   <trkpt lat="-1.2472350" lon="36.8376160">
    <ele>1668.4</ele>
    <time>2026-01-31T05:38:45Z</time>
   </trkpt>
   <trkpt lat="-1.2472270" lon="36.8376100">
    <ele>1668.4</ele>
    <time>2026-01-31T05:38:46Z</time>
   </trkpt>
   <trkpt lat="-1.2472010" lon="36.8375910">
    <ele>1668.4</ele>
    <time>2026-01-31T05:38:47Z</time>
   </trkpt>
   <trkpt lat="-1.2471930" lon="36.8375850">
    <ele>1668.4</ele>
    <time>2026-01-31T05:38:48Z</time>
   </trkpt>
   <trkpt lat="-1.2471660" lon="36.8375670">
    <ele>1668.5</ele>
    <time>2026-01-31T05:38:49Z</time>
   </trkpt>
   <trkpt lat="-1.2471570" lon="36.8375610">
    <ele>1668.5</ele>
    <time>2026-01-31T05:38:50Z</time>
   </trkpt>
   <trkpt lat="-1.2471310" lon="36.8375450">
    <ele>1668.6</ele>
    <time>2026-01-31T05:38:51Z</time>
   </trkpt>
   <trkpt lat="-1.2471220" lon="36.8375410">
    <ele>1668.6</ele>
    <time>2026-01-31T05:38:52Z</time>
   </trkpt>
   <trkpt lat="-1.2470930" lon="36.8375230">
    <ele>1668.6</ele>
    <time>2026-01-31T05:38:53Z</time>
   </trkpt>
   <trkpt lat="-1.2470850" lon="36.8375170">
    <ele>1668.6</ele>
    <time>2026-01-31T05:38:54Z</time>
   </trkpt>
   <trkpt lat="-1.2470730" lon="36.8375080">
    <ele>1668.6</ele>
    <time>2026-01-31T05:38:55Z</time>
   </trkpt>
   <trkpt lat="-1.2470570" lon="36.8374970">
    <ele>1668.7</ele>
    <time>2026-01-31T05:38:56Z</time>
   </trkpt>
   <trkpt lat="-1.2470310" lon="36.8374810">
    <ele>1668.7</ele>
    <time>2026-01-31T05:38:57Z</time>
   </trkpt>
   <trkpt lat="-1.2470210" lon="36.8374760">
    <ele>1668.8</ele>
    <time>2026-01-31T05:38:58Z</time>
   </trkpt>
   <trkpt lat="-1.2469980" lon="36.8374560">
    <ele>1668.8</ele>
    <time>2026-01-31T05:38:59Z</time>
   </trkpt>
   <trkpt lat="-1.2469920" lon="36.8374490">
    <ele>1668.8</ele>
    <time>2026-01-31T05:39:00Z</time>
   </trkpt>
   <trkpt lat="-1.2469740" lon="36.8374210">
    <ele>1668.9</ele>
    <time>2026-01-31T05:39:01Z</time>
   </trkpt>
   <trkpt lat="-1.2469690" lon="36.8374120">
    <ele>1668.9</ele>
    <time>2026-01-31T05:39:02Z</time>
   </trkpt>
   <trkpt lat="-1.2469460" lon="36.8373890">
    <ele>1669.0</ele>
    <time>2026-01-31T05:39:03Z</time>
   </trkpt>
   <trkpt lat="-1.2469380" lon="36.8373820">
    <ele>1669.0</ele>
    <time>2026-01-31T05:39:04Z</time>
   </trkpt>
   <trkpt lat="-1.2469190" lon="36.8373620">
    <ele>1669.0</ele>
    <time>2026-01-31T05:39:05Z</time>
   </trkpt>
   <trkpt lat="-1.2469110" lon="36.8373570">
    <ele>1669.1</ele>
    <time>2026-01-31T05:39:06Z</time>
   </trkpt>
   <trkpt lat="-1.2468840" lon="36.8373370">
    <ele>1669.1</ele>
    <time>2026-01-31T05:39:07Z</time>
   </trkpt>
   <trkpt lat="-1.2468750" lon="36.8373300">
    <ele>1669.1</ele>
    <time>2026-01-31T05:39:08Z</time>
   </trkpt>
   <trkpt lat="-1.2468620" lon="36.8373190">
    <ele>1669.2</ele>
    <time>2026-01-31T05:39:09Z</time>
   </trkpt>
   <trkpt lat="-1.2468440" lon="36.8373140">
    <ele>1669.2</ele>
    <time>2026-01-31T05:39:10Z</time>
   </trkpt>
   <trkpt lat="-1.2468170" lon="36.8373020">
    <ele>1669.2</ele>
    <time>2026-01-31T05:39:11Z</time>
   </trkpt>
   <trkpt lat="-1.2468080" lon="36.8372990">
    <ele>1669.3</ele>
    <time>2026-01-31T05:39:12Z</time>
   </trkpt>
   <trkpt lat="-1.2467860" lon="36.8372740">
    <ele>1669.3</ele>
    <time>2026-01-31T05:39:13Z</time>
   </trkpt>
   <trkpt lat="-1.2467800" lon="36.8372650">
    <ele>1669.3</ele>
    <time>2026-01-31T05:39:14Z</time>
   </trkpt>
   <trkpt lat="-1.2467590" lon="36.8372390">
    <ele>1669.4</ele>
    <time>2026-01-31T05:39:15Z</time>
   </trkpt>
   <trkpt lat="-1.2467520" lon="36.8372310">
    <ele>1669.4</ele>
    <time>2026-01-31T05:39:16Z</time>
   </trkpt>
   <trkpt lat="-1.2467400" lon="36.8371940">
    <ele>1669.5</ele>
    <time>2026-01-31T05:39:17Z</time>
   </trkpt>
   <trkpt lat="-1.2467360" lon="36.8371820">
    <ele>1669.5</ele>
    <time>2026-01-31T05:39:18Z</time>
   </trkpt>
   <trkpt lat="-1.2467310" lon="36.8371440">
    <ele>1669.5</ele>
    <time>2026-01-31T05:39:19Z</time>
   </trkpt>
   <trkpt lat="-1.2467300" lon="36.8371320">
    <ele>1669.6</ele>
    <time>2026-01-31T05:39:20Z</time>
   </trkpt>
   <trkpt lat="-1.2467230" lon="36.8370940">
    <ele>1669.6</ele>
    <time>2026-01-31T05:39:21Z</time>
   </trkpt>
   <trkpt lat="-1.2467190" lon="36.8370810">
    <ele>1669.7</ele>
    <time>2026-01-31T05:39:22Z</time>
   </trkpt>
   <trkpt lat="-1.2466980" lon="36.8370500">
    <ele>1669.7</ele>
    <time>2026-01-31T05:39:23Z</time>
   </trkpt>
   <trkpt lat="-1.2466910" lon="36.8370400">
    <ele>1669.8</ele>
    <time>2026-01-31T05:39:24Z</time>
   </trkpt>
   <trkpt lat="-1.2466680" lon="36.8370170">
    <ele>1669.8</ele>
    <time>2026-01-31T05:39:25Z</time>
   </trkpt>
   <trkpt lat="-1.2466410" lon="36.8369930">
    <ele>1669.9</ele>
    <time>2026-01-31T05:39:26Z</time>
   </trkpt>
   <trkpt lat="-1.2466130" lon="36.8369700">
    <ele>1670.0</ele>
    <time>2026-01-31T05:39:27Z</time>
   </trkpt>
   <trkpt lat="-1.2466040" lon="36.8369600">
    <ele>1670.0</ele>
    <time>2026-01-31T05:39:28Z</time>
   </trkpt>
   <trkpt lat="-1.2465860" lon="36.8369390">
    <ele>1670.1</ele>
    <time>2026-01-31T05:39:29Z</time>
   </trkpt>
   <trkpt lat="-1.2465590" lon="36.8369100">
    <ele>1670.2</ele>
    <time>2026-01-31T05:39:30Z</time>
   </trkpt>
   <trkpt lat="-1.2465460" lon="36.8369010">
    <ele>1670.2</ele>
    <time>2026-01-31T05:39:31Z</time>
   </trkpt>
   <trkpt lat="-1.2465280" lon="36.8368800">
    <ele>1670.3</ele>
    <time>2026-01-31T05:39:32Z</time>
   </trkpt>
   <trkpt lat="-1.2465030" lon="36.8368580">
    <ele>1670.4</ele>
    <time>2026-01-31T05:39:33Z</time>
   </trkpt>
   <trkpt lat="-1.2464770" lon="36.8368350">
    <ele>1670.5</ele>
    <time>2026-01-31T05:39:34Z</time>
   </trkpt>
   <trkpt lat="-1.2464480" lon="36.8368130">
    <ele>1670.6</ele>
    <time>2026-01-31T05:39:35Z</time>
   </trkpt>
   <trkpt lat="-1.2464140" lon="36.8367910">
    <ele>1670.7</ele>
    <time>2026-01-31T05:39:36Z</time>
   </trkpt>
   <trkpt lat="-1.2463950" lon="36.8367710">
    <ele>1670.8</ele>
    <time>2026-01-31T05:39:37Z</time>
   </trkpt>
   <trkpt lat="-1.2463750" lon="36.8367460">
    <ele>1670.9</ele>
    <time>2026-01-31T05:39:38Z</time>
   </trkpt>
   <trkpt lat="-1.2463550" lon="36.8367260">
    <ele>1671.0</ele>
    <time>2026-01-31T05:39:39Z</time>
   </trkpt>
   <trkpt lat="-1.2463320" lon="36.8367070">
    <ele>1671.1</ele>
    <time>2026-01-31T05:39:40Z</time>
   </trkpt>
   <trkpt lat="-1.2463110" lon="36.8366880">
    <ele>1671.2</ele>
    <time>2026-01-31T05:39:41Z</time>
   </trkpt>
   <trkpt lat="-1.2462880" lon="36.8366680">
    <ele>1671.3</ele>
    <time>2026-01-31T05:39:42Z</time>
   </trkpt>
   <trkpt lat="-1.2462690" lon="36.8366320">
    <ele>1671.4</ele>
    <time>2026-01-31T05:39:43Z</time>
   </trkpt>
   <trkpt lat="-1.2462540" lon="36.8366000">
    <ele>1671.5</ele>
    <time>2026-01-31T05:39:44Z</time>
   </trkpt>
   <trkpt lat="-1.2462480" lon="36.8365870">
    <ele>1671.6</ele>
    <time>2026-01-31T05:39:45Z</time>
   </trkpt>
   <trkpt lat="-1.2462320" lon="36.8365510">
    <ele>1671.7</ele>
    <time>2026-01-31T05:39:46Z</time>
   </trkpt>
   <trkpt lat="-1.2462270" lon="36.8365400">
    <ele>1671.7</ele>
    <time>2026-01-31T05:39:47Z</time>
   </trkpt>
   <trkpt lat="-1.2462100" lon="36.8365080">
    <ele>1671.8</ele>
    <time>2026-01-31T05:39:48Z</time>
   </trkpt>
   <trkpt lat="-1.2462030" lon="36.8364990">
    <ele>1671.8</ele>
    <time>2026-01-31T05:39:49Z</time>
   </trkpt>
   <trkpt lat="-1.2461800" lon="36.8364730">
    <ele>1671.9</ele>
    <time>2026-01-31T05:39:50Z</time>
   </trkpt>
   <trkpt lat="-1.2461730" lon="36.8364660">
    <ele>1671.9</ele>
    <time>2026-01-31T05:39:51Z</time>
   </trkpt>
   <trkpt lat="-1.2461560" lon="36.8364340">
    <ele>1672.0</ele>
    <time>2026-01-31T05:39:52Z</time>
   </trkpt>
   <trkpt lat="-1.2461520" lon="36.8364230">
    <ele>1672.0</ele>
    <time>2026-01-31T05:39:53Z</time>
   </trkpt>
   <trkpt lat="-1.2461420" lon="36.8363910">
    <ele>1672.1</ele>
    <time>2026-01-31T05:39:54Z</time>
   </trkpt>
   <trkpt lat="-1.2461400" lon="36.8363790">
    <ele>1672.1</ele>
    <time>2026-01-31T05:39:55Z</time>
   </trkpt>
   <trkpt lat="-1.2461350" lon="36.8363420">
    <ele>1672.2</ele>
    <time>2026-01-31T05:39:56Z</time>
   </trkpt>
   <trkpt lat="-1.2461340" lon="36.8363300">
    <ele>1672.2</ele>
    <time>2026-01-31T05:39:57Z</time>
   </trkpt>
   <trkpt lat="-1.2461240" lon="36.8363030">
    <ele>1672.3</ele>
    <time>2026-01-31T05:39:58Z</time>
   </trkpt>
   <trkpt lat="-1.2461090" lon="36.8362760">
    <ele>1672.4</ele>
    <time>2026-01-31T05:39:59Z</time>
   </trkpt>
   <trkpt lat="-1.2461030" lon="36.8362660">
    <ele>1672.4</ele>
    <time>2026-01-31T05:40:00Z</time>
   </trkpt>
   <trkpt lat="-1.2460820" lon="36.8362400">
    <ele>1672.5</ele>
    <time>2026-01-31T05:40:01Z</time>
   </trkpt>
   <trkpt lat="-1.2460740" lon="36.8362320">
    <ele>1672.5</ele>
    <time>2026-01-31T05:40:02Z</time>
   </trkpt>
   <trkpt lat="-1.2460490" lon="36.8362080">
    <ele>1672.6</ele>
    <time>2026-01-31T05:40:03Z</time>
   </trkpt>
   <trkpt lat="-1.2460390" lon="36.8361990">
    <ele>1672.6</ele>
    <time>2026-01-31T05:40:04Z</time>
   </trkpt>
   <trkpt lat="-1.2460160" lon="36.8361820">
    <ele>1672.7</ele>
    <time>2026-01-31T05:40:05Z</time>
   </trkpt>
   <trkpt lat="-1.2459910" lon="36.8361670">
    <ele>1672.8</ele>
    <time>2026-01-31T05:40:06Z</time>
   </trkpt>
   <trkpt lat="-1.2459810" lon="36.8361630">
    <ele>1672.8</ele>
    <time>2026-01-31T05:40:07Z</time>
   </trkpt>
   <trkpt lat="-1.2459510" lon="36.8361480">
    <ele>1672.9</ele>
    <time>2026-01-31T05:40:08Z</time>
   </trkpt>
   <trkpt lat="-1.2459410" lon="36.8361420">
    <ele>1673.0</ele>
    <time>2026-01-31T05:40:09Z</time>
   </trkpt>
   <trkpt lat="-1.2459160" lon="36.8361200">
    <ele>1673.1</ele>
    <time>2026-01-31T05:40:10Z</time>
   </trkpt>
   <trkpt lat="-1.2459070" lon="36.8361130">
    <ele>1673.1</ele>
    <time>2026-01-31T05:40:11Z</time>
   </trkpt>
   <trkpt lat="-1.2458880" lon="36.8360850">
    <ele>1673.3</ele>
    <time>2026-01-31T05:40:12Z</time>
   </trkpt>
   <trkpt lat="-1.2458680" lon="36.8360660">
    <ele>1673.4</ele>
    <time>2026-01-31T05:40:13Z</time>
   </trkpt>
   <trkpt lat="-1.2458590" lon="36.8360590">
    <ele>1673.4</ele>
    <time>2026-01-31T05:40:14Z</time>
   </trkpt>
   <trkpt lat="-1.2458290" lon="36.8360420">
    <ele>1673.5</ele>
    <time>2026-01-31T05:40:15Z</time>
   </trkpt>
   <trkpt lat="-1.2458190" lon="36.8360340">
    <ele>1673.6</ele>
    <time>2026-01-31T05:40:16Z</time>
   </trkpt>
   <trkpt lat="-1.2457970" lon="36.8360040">
    <ele>1673.7</ele>
    <time>2026-01-31T05:40:17Z</time>
   </trkpt>
   <trkpt lat="-1.2457880" lon="36.8359960">
    <ele>1673.8</ele>
    <time>2026-01-31T05:40:18Z</time>
   </trkpt>
   <trkpt lat="-1.2457660" lon="36.8359670">
    <ele>1673.9</ele>
    <time>2026-01-31T05:40:19Z</time>
   </trkpt>
   <trkpt lat="-1.2457580" lon="36.8359570">
    <ele>1673.9</ele>
    <time>2026-01-31T05:40:20Z</time>
   </trkpt>
   <trkpt lat="-1.2457350" lon="36.8359350">
    <ele>1674.0</ele>
    <time>2026-01-31T05:40:21Z</time>
   </trkpt>
   <trkpt lat="-1.2457270" lon="36.8359280">
    <ele>1674.0</ele>
    <time>2026-01-31T05:40:22Z</time>
   </trkpt>
   <trkpt lat="-1.2457020" lon="36.8359040">
    <ele>1674.1</ele>
    <time>2026-01-31T05:40:23Z</time>
   </trkpt>
   <trkpt lat="-1.2456940" lon="36.8358960">
    <ele>1674.2</ele>
    <time>2026-01-31T05:40:24Z</time>
   </trkpt>
   <trkpt lat="-1.2456610" lon="36.8358790">
    <ele>1674.3</ele>
    <time>2026-01-31T05:40:25Z</time>
   </trkpt>
   <trkpt lat="-1.2456500" lon="36.8358740">
    <ele>1674.3</ele>
    <time>2026-01-31T05:40:26Z</time>
   </trkpt>
   <trkpt lat="-1.2456160" lon="36.8358630">
    <ele>1674.5</ele>
    <time>2026-01-31T05:40:27Z</time>
   </trkpt>
   <trkpt lat="-1.2456030" lon="36.8358600">
    <ele>1674.5</ele>
    <time>2026-01-31T05:40:28Z</time>
   </trkpt>
   <trkpt lat="-1.2455680" lon="36.8358620">
    <ele>1674.6</ele>
    <time>2026-01-31T05:40:29Z</time>
   </trkpt>
   <trkpt lat="-1.2455550" lon="36.8358640">
    <ele>1674.7</ele>
    <time>2026-01-31T05:40:30Z</time>
   </trkpt>
   <trkpt lat="-1.2455220" lon="36.8358730">
    <ele>1674.8</ele>
    <time>2026-01-31T05:40:31Z</time>
   </trkpt>
   <trkpt lat="-1.2455100" lon="36.8358750">
    <ele>1674.9</ele>
    <time>2026-01-31T05:40:32Z</time>
   </trkpt>
   <trkpt lat="-1.2454750" lon="36.8358690">
    <ele>1675.0</ele>
    <time>2026-01-31T05:40:33Z</time>
   </trkpt>
   <trkpt lat="-1.2454620" lon="36.8358660">
    <ele>1675.0</ele>
    <time>2026-01-31T05:40:34Z</time>
   </trkpt>
   <trkpt lat="-1.2454470" lon="36.8358590">
    <ele>1675.1</ele>
    <time>2026-01-31T05:40:35Z</time>
   </trkpt>
   <trkpt lat="-1.2454290" lon="36.8358530">
    <ele>1675.1</ele>
    <time>2026-01-31T05:40:36Z</time>
   </trkpt>
   <trkpt lat="-1.2453990" lon="36.8358460">
    <ele>1675.2</ele>
    <time>2026-01-31T05:40:37Z</time>
   </trkpt>
   <trkpt lat="-1.2453880" lon="36.8358450">
    <ele>1675.2</ele>
    <time>2026-01-31T05:40:38Z</time>
   </trkpt>
   <trkpt lat="-1.2453560" lon="36.8358390">
    <ele>1675.3</ele>
    <time>2026-01-31T05:40:39Z</time>
   </trkpt>
   <trkpt lat="-1.2453460" lon="36.8358370">
    <ele>1675.3</ele>
    <time>2026-01-31T05:40:40Z</time>
   </trkpt>
   <trkpt lat="-1.2453140" lon="36.8358300">
    <ele>1675.3</ele>
    <time>2026-01-31T05:40:41Z</time>
   </trkpt>
   <trkpt lat="-1.2453050" lon="36.8358290">
    <ele>1675.4</ele>
    <time>2026-01-31T05:40:42Z</time>
   </trkpt>
   <trkpt lat="-1.2452760" lon="36.8358240">
    <ele>1675.4</ele>
    <time>2026-01-31T05:40:43Z</time>
   </trkpt>
   <trkpt lat="-1.2452650" lon="36.8358220">
    <ele>1675.4</ele>
    <time>2026-01-31T05:40:44Z</time>
   </trkpt>
   <trkpt lat="-1.2452330" lon="36.8358200">
    <ele>1675.5</ele>
    <time>2026-01-31T05:40:45Z</time>
   </trkpt>
   <trkpt lat="-1.2452230" lon="36.8358200">
    <ele>1675.5</ele>
    <time>2026-01-31T05:40:46Z</time>
   </trkpt>
   <trkpt lat="-1.2451910" lon="36.8358260">
    <ele>1675.6</ele>
    <time>2026-01-31T05:40:47Z</time>
   </trkpt>
   <trkpt lat="-1.2451770" lon="36.8358280">
    <ele>1675.6</ele>
    <time>2026-01-31T05:40:48Z</time>
   </trkpt>
   <trkpt lat="-1.2451630" lon="36.8358260">
    <ele>1675.7</ele>
    <time>2026-01-31T05:40:49Z</time>
   </trkpt>
   <trkpt lat="-1.2451410" lon="36.8358230">
    <ele>1675.7</ele>
    <time>2026-01-31T05:40:50Z</time>
   </trkpt>
   <trkpt lat="-1.2451140" lon="36.8358170">
    <ele>1675.8</ele>
    <time>2026-01-31T05:40:51Z</time>
   </trkpt>
   <trkpt lat="-1.2451040" lon="36.8358140">
    <ele>1675.8</ele>
    <time>2026-01-31T05:40:52Z</time>
   </trkpt>
   <trkpt lat="-1.2450800" lon="36.8357990">
    <ele>1675.9</ele>
    <time>2026-01-31T05:40:53Z</time>
   </trkpt>
   <trkpt lat="-1.2450710" lon="36.8357950">
    <ele>1675.9</ele>
    <time>2026-01-31T05:40:54Z</time>
   </trkpt>
   <trkpt lat="-1.2450390" lon="36.8358000">
    <ele>1676.0</ele>
    <time>2026-01-31T05:40:55Z</time>
   </trkpt>
   <trkpt lat="-1.2450280" lon="36.8358040">
    <ele>1676.0</ele>
    <time>2026-01-31T05:40:56Z</time>
   </trkpt>
   <trkpt lat="-1.2450040" lon="36.8357750">
    <ele>1676.1</ele>
    <time>2026-01-31T05:40:57Z</time>
   </trkpt>
   <trkpt lat="-1.2449950" lon="36.8357650">
    <ele>1676.2</ele>
    <time>2026-01-31T05:40:58Z</time>
   </trkpt>
   <trkpt lat="-1.2449710" lon="36.8357350">
    <ele>1676.2</ele>
    <time>2026-01-31T05:40:59Z</time>
   </trkpt>
   <trkpt lat="-1.2449620" lon="36.8357260">
    <ele>1676.3</ele>
    <time>2026-01-31T05:41:00Z</time>
   </trkpt>
   <trkpt lat="-1.2449510" lon="36.8357000">
    <ele>1676.3</ele>
    <time>2026-01-31T05:41:01Z</time>
   </trkpt>
   <trkpt lat="-1.2449220" lon="36.8356790">
    <ele>1676.4</ele>
    <time>2026-01-31T05:41:02Z</time>
   </trkpt>
   <trkpt lat="-1.2449100" lon="36.8356750">
    <ele>1676.4</ele>
    <time>2026-01-31T05:41:03Z</time>
   </trkpt>
   <trkpt lat="-1.2448800" lon="36.8356650">
    <ele>1676.4</ele>
    <time>2026-01-31T05:41:04Z</time>
   </trkpt>
   <trkpt lat="-1.2448690" lon="36.8356590">
    <ele>1676.4</ele>
    <time>2026-01-31T05:41:05Z</time>
   </trkpt>
   <trkpt lat="-1.2448380" lon="36.8356420">
    <ele>1676.5</ele>
    <time>2026-01-31T05:41:06Z</time>
   </trkpt>
   <trkpt lat="-1.2448290" lon="36.8356350">
    <ele>1676.5</ele>
    <time>2026-01-31T05:41:07Z</time>
   </trkpt>
   <trkpt lat="-1.2448000" lon="36.8356200">
    <ele>1676.5</ele>
    <time>2026-01-31T05:41:08Z</time>
   </trkpt>
   <trkpt lat="-1.2447900" lon="36.8356130">
    <ele>1676.5</ele>
    <time>2026-01-31T05:41:09Z</time>
   </trkpt>
   <trkpt lat="-1.2447650" lon="36.8356000">
    <ele>1676.5</ele>
    <time>2026-01-31T05:41:10Z</time>
   </trkpt>
   <trkpt lat="-1.2447410" lon="36.8355880">
    <ele>1676.5</ele>
    <time>2026-01-31T05:41:11Z</time>
   </trkpt>
   <trkpt lat="-1.2447310" lon="36.8355840">
    <ele>1676.5</ele>
    <time>2026-01-31T05:41:12Z</time>
   </trkpt>
   <trkpt lat="-1.2447010" lon="36.8355700">
    <ele>1676.5</ele>
    <time>2026-01-31T05:41:13Z</time>
   </trkpt>
   <trkpt lat="-1.2446920" lon="36.8355660">
    <ele>1676.5</ele>
    <time>2026-01-31T05:41:14Z</time>
   </trkpt>
   <trkpt lat="-1.2446620" lon="36.8355550">
    <ele>1676.4</ele>
    <time>2026-01-31T05:41:15Z</time>
   </trkpt>
   <trkpt lat="-1.2446510" lon="36.8355520">
    <ele>1676.4</ele>
    <time>2026-01-31T05:41:16Z</time>
   </trkpt>
   <trkpt lat="-1.2446210" lon="36.8355430">
    <ele>1676.4</ele>
    <time>2026-01-31T05:41:17Z</time>
   </trkpt>
   <trkpt lat="-1.2445950" lon="36.8355380">
    <ele>1676.4</ele>
    <time>2026-01-31T05:41:18Z</time>
   </trkpt>
   <trkpt lat="-1.2445840" lon="36.8355350">
    <ele>1676.4</ele>
    <time>2026-01-31T05:41:19Z</time>
   </trkpt>
   <trkpt lat="-1.2445510" lon="36.8355300">
    <ele>1676.4</ele>
    <time>2026-01-31T05:41:20Z</time>
   </trkpt>
   <trkpt lat="-1.2445400" lon="36.8355280">
    <ele>1676.4</ele>
    <time>2026-01-31T05:41:21Z</time>
   </trkpt>
   <trkpt lat="-1.2445080" lon="36.8355150">
    <ele>1676.3</ele>
    <time>2026-01-31T05:41:22Z</time>
   </trkpt>
   <trkpt lat="-1.2444980" lon="36.8355100">
    <ele>1676.3</ele>
    <time>2026-01-31T05:41:23Z</time>
   </trkpt>
   <trkpt lat="-1.2444720" lon="36.8354980">
    <ele>1676.3</ele>
    <time>2026-01-31T05:41:24Z</time>
   </trkpt>
   <trkpt lat="-1.2444460" lon="36.8354860">
    <ele>1676.2</ele>
    <time>2026-01-31T05:41:25Z</time>
   </trkpt>
   <trkpt lat="-1.2444350" lon="36.8354800">
    <ele>1676.2</ele>
    <time>2026-01-31T05:41:26Z</time>
   </trkpt>
   <trkpt lat="-1.2444080" lon="36.8354610">
    <ele>1676.2</ele>
    <time>2026-01-31T05:41:27Z</time>
   </trkpt>
   <trkpt lat="-1.2443980" lon="36.8354560">
    <ele>1676.1</ele>
    <time>2026-01-31T05:41:28Z</time>
   </trkpt>
   <trkpt lat="-1.2443680" lon="36.8354380">
    <ele>1676.1</ele>
    <time>2026-01-31T05:41:29Z</time>
   </trkpt>
   <trkpt lat="-1.2443580" lon="36.8354320">
    <ele>1676.0</ele>
    <time>2026-01-31T05:41:30Z</time>
   </trkpt>
   <trkpt lat="-1.2443260" lon="36.8354140">
    <ele>1676.0</ele>
    <time>2026-01-31T05:41:31Z</time>
   </trkpt>
   <trkpt lat="-1.2443140" lon="36.8354080">
    <ele>1676.0</ele>
    <time>2026-01-31T05:41:32Z</time>
   </trkpt>
   <trkpt lat="-1.2442840" lon="36.8353950">
    <ele>1675.9</ele>
    <time>2026-01-31T05:41:33Z</time>
   </trkpt>
   <trkpt lat="-1.2442730" lon="36.8353910">
    <ele>1675.9</ele>
    <time>2026-01-31T05:41:34Z</time>
   </trkpt>
   <trkpt lat="-1.2442380" lon="36.8353850">
    <ele>1675.8</ele>
    <time>2026-01-31T05:41:35Z</time>
   </trkpt>
   <trkpt lat="-1.2442260" lon="36.8353830">
    <ele>1675.8</ele>
    <time>2026-01-31T05:41:36Z</time>
   </trkpt>
   <trkpt lat="-1.2441910" lon="36.8353790">
    <ele>1675.7</ele>
    <time>2026-01-31T05:41:37Z</time>
   </trkpt>
   <trkpt lat="-1.2441780" lon="36.8353770">
    <ele>1675.7</ele>
    <time>2026-01-31T05:41:38Z</time>
   </trkpt>
   <trkpt lat="-1.2441410" lon="36.8353780">
    <ele>1675.6</ele>
    <time>2026-01-31T05:41:39Z</time>
   </trkpt>
   <trkpt lat="-1.2441290" lon="36.8353790">
    <ele>1675.6</ele>
    <time>2026-01-31T05:41:40Z</time>
   </trkpt>
   <trkpt lat="-1.2440970" lon="36.8353730">
    <ele>1675.5</ele>
    <time>2026-01-31T05:41:41Z</time>
   </trkpt>
   <trkpt lat="-1.2440870" lon="36.8353710">
    <ele>1675.5</ele>
    <time>2026-01-31T05:41:42Z</time>
   </trkpt>
   <trkpt lat="-1.2440570" lon="36.8353710">
    <ele>1675.4</ele>
    <time>2026-01-31T05:41:43Z</time>
   </trkpt>
   <trkpt lat="-1.2440460" lon="36.8353700">
    <ele>1675.4</ele>
    <time>2026-01-31T05:41:44Z</time>
   </trkpt>
   <trkpt lat="-1.2440110" lon="36.8353640">
    <ele>1675.2</ele>
    <time>2026-01-31T05:41:45Z</time>
   </trkpt>
   <trkpt lat="-1.2439990" lon="36.8353600">
    <ele>1675.2</ele>
    <time>2026-01-31T05:41:46Z</time>
   </trkpt>
   <trkpt lat="-1.2439650" lon="36.8353440">
    <ele>1675.1</ele>
    <time>2026-01-31T05:41:47Z</time>
   </trkpt>
   <trkpt lat="-1.2439530" lon="36.8353400">
    <ele>1675.0</ele>
    <time>2026-01-31T05:41:48Z</time>
   </trkpt>
   <trkpt lat="-1.2439210" lon="36.8353300">
    <ele>1674.9</ele>
    <time>2026-01-31T05:41:49Z</time>
   </trkpt>
   <trkpt lat="-1.2439110" lon="36.8353260">
    <ele>1674.9</ele>
    <time>2026-01-31T05:41:50Z</time>
   </trkpt>
   <trkpt lat="-1.2438860" lon="36.8353040">
    <ele>1674.8</ele>
    <time>2026-01-31T05:41:51Z</time>
   </trkpt>
   <trkpt lat="-1.2438790" lon="36.8352950">
    <ele>1674.7</ele>
    <time>2026-01-31T05:41:52Z</time>
   </trkpt>
   <trkpt lat="-1.2438570" lon="36.8352660">
    <ele>1674.6</ele>
    <time>2026-01-31T05:41:53Z</time>
   </trkpt>
   <trkpt lat="-1.2438500" lon="36.8352560">
    <ele>1674.6</ele>
    <time>2026-01-31T05:41:54Z</time>
   </trkpt>
   <trkpt lat="-1.2438260" lon="36.8352280">
    <ele>1674.5</ele>
    <time>2026-01-31T05:41:55Z</time>
   </trkpt>
   <trkpt lat="-1.2438170" lon="36.8352190">
    <ele>1674.5</ele>
    <time>2026-01-31T05:41:56Z</time>
   </trkpt>
   <trkpt lat="-1.2437970" lon="36.8351870">
    <ele>1674.3</ele>
    <time>2026-01-31T05:41:57Z</time>
   </trkpt>
   <trkpt lat="-1.2437910" lon="36.8351760">
    <ele>1674.3</ele>
    <time>2026-01-31T05:41:58Z</time>
   </trkpt>
   <trkpt lat="-1.2437740" lon="36.8351410">
    <ele>1674.1</ele>
    <time>2026-01-31T05:41:59Z</time>
   </trkpt>
   <trkpt lat="-1.2437680" lon="36.8351290">
    <ele>1674.1</ele>
    <time>2026-01-31T05:42:00Z</time>
   </trkpt>
   <trkpt lat="-1.2437500" lon="36.8350950">
    <ele>1673.9</ele>
    <time>2026-01-31T05:42:01Z</time>
   </trkpt>
   <trkpt lat="-1.2437430" lon="36.8350840">
    <ele>1673.9</ele>
    <time>2026-01-31T05:42:02Z</time>
   </trkpt>
   <trkpt lat="-1.2437250" lon="36.8350510">
    <ele>1673.8</ele>
    <time>2026-01-31T05:42:03Z</time>
   </trkpt>
   <trkpt lat="-1.2437180" lon="36.8350410">
    <ele>1673.7</ele>
    <time>2026-01-31T05:42:04Z</time>
   </trkpt>
   <trkpt lat="-1.2436970" lon="36.8350220">
    <ele>1673.6</ele>
    <time>2026-01-31T05:42:05Z</time>
   </trkpt>
   <trkpt lat="-1.2436720" lon="36.8349930">
    <ele>1673.4</ele>
    <time>2026-01-31T05:42:06Z</time>
   </trkpt>
   <trkpt lat="-1.2436660" lon="36.8349820">
    <ele>1673.4</ele>
    <time>2026-01-31T05:42:07Z</time>
   </trkpt>
   <trkpt lat="-1.2436550" lon="36.8349480">
    <ele>1673.3</ele>
    <time>2026-01-31T05:42:08Z</time>
   </trkpt>
   <trkpt lat="-1.2436530" lon="36.8349360">
    <ele>1673.2</ele>
    <time>2026-01-31T05:42:09Z</time>
   </trkpt>
   <trkpt lat="-1.2436510" lon="36.8349040">
    <ele>1673.1</ele>
    <time>2026-01-31T05:42:10Z</time>
   </trkpt>
   <trkpt lat="-1.2436510" lon="36.8348950">
    <ele>1673.0</ele>
    <time>2026-01-31T05:42:11Z</time>
   </trkpt>
   <trkpt lat="-1.2436450" lon="36.8348630">
    <ele>1672.9</ele>
    <time>2026-01-31T05:42:12Z</time>
   </trkpt>
   <trkpt lat="-1.2436410" lon="36.8348520">
    <ele>1672.9</ele>
    <time>2026-01-31T05:42:13Z</time>
   </trkpt>
   <trkpt lat="-1.2436310" lon="36.8348170">
    <ele>1672.7</ele>
    <time>2026-01-31T05:42:14Z</time>
   </trkpt>
   <trkpt lat="-1.2436270" lon="36.8348060">
    <ele>1672.6</ele>
    <time>2026-01-31T05:42:15Z</time>
   </trkpt>
   <trkpt lat="-1.2436070" lon="36.8347730">
    <ele>1672.5</ele>
    <time>2026-01-31T05:42:16Z</time>
   </trkpt>
   <trkpt lat="-1.2435980" lon="36.8347630">
    <ele>1672.4</ele>
    <time>2026-01-31T05:42:17Z</time>
   </trkpt>
   <trkpt lat="-1.2435720" lon="36.8347340">
    <ele>1672.2</ele>
    <time>2026-01-31T05:42:18Z</time>
   </trkpt>
   <trkpt lat="-1.2435640" lon="36.8347240">
    <ele>1672.2</ele>
    <time>2026-01-31T05:42:19Z</time>
   </trkpt>
   <trkpt lat="-1.2435390" lon="36.8346950">
    <ele>1672.0</ele>
    <time>2026-01-31T05:42:20Z</time>
   </trkpt>
   <trkpt lat="-1.2435280" lon="36.8346860">
    <ele>1671.9</ele>
    <time>2026-01-31T05:42:21Z</time>
   </trkpt>
   <trkpt lat="-1.2434990" lon="36.8346760">
    <ele>1671.8</ele>
    <time>2026-01-31T05:42:22Z</time>
   </trkpt>
   <trkpt lat="-1.2434660" lon="36.8346590">
    <ele>1671.6</ele>
    <time>2026-01-31T05:42:23Z</time>
   </trkpt>
   <trkpt lat="-1.2434550" lon="36.8346540">
    <ele>1671.5</ele>
    <time>2026-01-31T05:42:24Z</time>
   </trkpt>
   <trkpt lat="-1.2434250" lon="36.8346340">
    <ele>1671.3</ele>
    <time>2026-01-31T05:42:25Z</time>
   </trkpt>
   <trkpt lat="-1.2434160" lon="36.8346260">
    <ele>1671.2</ele>
    <time>2026-01-31T05:42:26Z</time>
   </trkpt>
   <trkpt lat="-1.2433970" lon="36.8345920">
    <ele>1671.0</ele>
    <time>2026-01-31T05:42:27Z</time>
   </trkpt>
   <trkpt lat="-1.2433910" lon="36.8345810">
    <ele>1670.9</ele>
    <time>2026-01-31T05:42:28Z</time>
   </trkpt>
   <trkpt lat="-1.2433750" lon="36.8345480">
    <ele>1670.8</ele>
    <time>2026-01-31T05:42:29Z</time>
   </trkpt>
   <trkpt lat="-1.2433710" lon="36.8345350">
    <ele>1670.7</ele>
    <time>2026-01-31T05:42:30Z</time>
   </trkpt>
   <trkpt lat="-1.2433560" lon="36.8345030">
    <ele>1670.5</ele>
    <time>2026-01-31T05:42:31Z</time>
   </trkpt>
   <trkpt lat="-1.2433510" lon="36.8344930">
    <ele>1670.5</ele>
    <time>2026-01-31T05:42:32Z</time>
   </trkpt>
   <trkpt lat="-1.2433340" lon="36.8344620">
    <ele>1670.4</ele>
    <time>2026-01-31T05:42:33Z</time>
   </trkpt>
   <trkpt lat="-1.2433280" lon="36.8344520">
    <ele>1670.3</ele>
    <time>2026-01-31T05:42:34Z</time>
   </trkpt>
   <trkpt lat="-1.2433080" lon="36.8344230">
    <ele>1670.2</ele>
    <time>2026-01-31T05:42:35Z</time>
   </trkpt>
   <trkpt lat="-1.2433000" lon="36.8344150">
    <ele>1670.2</ele>
    <time>2026-01-31T05:42:36Z</time>
   </trkpt>
   <trkpt lat="-1.2432730" lon="36.8343910">
    <ele>1670.2</ele>
    <time>2026-01-31T05:42:37Z</time>
   </trkpt>
   <trkpt lat="-1.2432630" lon="36.8343840">
    <ele>1670.1</ele>
    <time>2026-01-31T05:42:38Z</time>
   </trkpt>
   <trkpt lat="-1.2432310" lon="36.8343640">
    <ele>1670.1</ele>
    <time>2026-01-31T05:42:39Z</time>
   </trkpt>
   <trkpt lat="-1.2432210" lon="36.8343570">
    <ele>1670.1</ele>
    <time>2026-01-31T05:42:40Z</time>
   </trkpt>
   <trkpt lat="-1.2431990" lon="36.8343300">
    <ele>1670.0</ele>
    <time>2026-01-31T05:42:41Z</time>
   </trkpt>
   <trkpt lat="-1.2431910" lon="36.8343210">
    <ele>1670.0</ele>
    <time>2026-01-31T05:42:42Z</time>
   </trkpt>
   <trkpt lat="-1.2431660" lon="36.8342980">
    <ele>1670.0</ele>
    <time>2026-01-31T05:42:43Z</time>
   </trkpt>
   <trkpt lat="-1.2431570" lon="36.8342900">
    <ele>1670.0</ele>
    <time>2026-01-31T05:42:44Z</time>
   </trkpt>
   <trkpt lat="-1.2431360" lon="36.8342640">
    <ele>1670.0</ele>
    <time>2026-01-31T05:42:45Z</time>
   </trkpt>
   <trkpt lat="-1.2431290" lon="36.8342560">
    <ele>1670.0</ele>
    <time>2026-01-31T05:42:46Z</time>
   </trkpt>
   <trkpt lat="-1.2431050" lon="36.8342340">
    <ele>1670.0</ele>
    <time>2026-01-31T05:42:47Z</time>
   </trkpt>
   <trkpt lat="-1.2430970" lon="36.8342280">
    <ele>1670.0</ele>
    <time>2026-01-31T05:42:48Z</time>
   </trkpt>
   <trkpt lat="-1.2430770" lon="36.8342050">
    <ele>1670.0</ele>
    <time>2026-01-31T05:42:49Z</time>
   </trkpt>
   <trkpt lat="-1.2430700" lon="36.8341970">
    <ele>1670.0</ele>
    <time>2026-01-31T05:42:50Z</time>
   </trkpt>
   <trkpt lat="-1.2430490" lon="36.8341700">
    <ele>1670.0</ele>
    <time>2026-01-31T05:42:51Z</time>
   </trkpt>
   <trkpt lat="-1.2430410" lon="36.8341620">
    <ele>1670.0</ele>
    <time>2026-01-31T05:42:52Z</time>
   </trkpt>
   <trkpt lat="-1.2430170" lon="36.8341360">
    <ele>1670.0</ele>
    <time>2026-01-31T05:42:53Z</time>
   </trkpt>
   <trkpt lat="-1.2430090" lon="36.8341280">
    <ele>1670.0</ele>
    <time>2026-01-31T05:42:54Z</time>
   </trkpt>
   <trkpt lat="-1.2429830" lon="36.8341080">
    <ele>1670.0</ele>
    <time>2026-01-31T05:42:55Z</time>
   </trkpt>
   <trkpt lat="-1.2429740" lon="36.8341030">
    <ele>1670.0</ele>
    <time>2026-01-31T05:42:56Z</time>
   </trkpt>
   <trkpt lat="-1.2429500" lon="36.8340820">
    <ele>1670.0</ele>
    <time>2026-01-31T05:42:57Z</time>
   </trkpt>
   <trkpt lat="-1.2429410" lon="36.8340750">
    <ele>1670.0</ele>
    <time>2026-01-31T05:42:58Z</time>
   </trkpt>
   <trkpt lat="-1.2429140" lon="36.8340530">
    <ele>1670.0</ele>
    <time>2026-01-31T05:42:59Z</time>
   </trkpt>
   <trkpt lat="-1.2429040" lon="36.8340450">
    <ele>1670.0</ele>
    <time>2026-01-31T05:43:00Z</time>
   </trkpt>
   <trkpt lat="-1.2428750" lon="36.8340210">
    <ele>1670.0</ele>
    <time>2026-01-31T05:43:01Z</time>
   </trkpt>
   <trkpt lat="-1.2428650" lon="36.8340130">
    <ele>1670.0</ele>
    <time>2026-01-31T05:43:02Z</time>
   </trkpt>
   <trkpt lat="-1.2428370" lon="36.8339870">
    <ele>1670.0</ele>
    <time>2026-01-31T05:43:03Z</time>
   </trkpt>
   <trkpt lat="-1.2428280" lon="36.8339800">
    <ele>1670.0</ele>
    <time>2026-01-31T05:43:04Z</time>
   </trkpt>
   <trkpt lat="-1.2427980" lon="36.8339560">
    <ele>1670.0</ele>
    <time>2026-01-31T05:43:05Z</time>
   </trkpt>
   <trkpt lat="-1.2427890" lon="36.8339480">
    <ele>1670.0</ele>
    <time>2026-01-31T05:43:06Z</time>
   </trkpt>
   <trkpt lat="-1.2427660" lon="36.8339200">
    <ele>1670.1</ele>
    <time>2026-01-31T05:43:07Z</time>
   </trkpt>
   <trkpt lat="-1.2427580" lon="36.8339110">
    <ele>1670.1</ele>
    <time>2026-01-31T05:43:08Z</time>
   </trkpt>
   <trkpt lat="-1.2427340" lon="36.8338840">
    <ele>1670.1</ele>
    <time>2026-01-31T05:43:09Z</time>
   </trkpt>
   <trkpt lat="-1.2427250" lon="36.8338760">
    <ele>1670.1</ele>
    <time>2026-01-31T05:43:10Z</time>
   </trkpt>
   <trkpt lat="-1.2427060" lon="36.8338480">
    <ele>1670.1</ele>
    <time>2026-01-31T05:43:11Z</time>
   </trkpt>
   <trkpt lat="-1.2427000" lon="36.8338390">
    <ele>1670.1</ele>
    <time>2026-01-31T05:43:12Z</time>
   </trkpt>
   <trkpt lat="-1.2426860" lon="36.8338080">
    <ele>1670.2</ele>
    <time>2026-01-31T05:43:13Z</time>
   </trkpt>
   <trkpt lat="-1.2426810" lon="36.8337980">
    <ele>1670.2</ele>
    <time>2026-01-31T05:43:14Z</time>
   </trkpt>
   <trkpt lat="-1.2426670" lon="36.8337660">
    <ele>1670.2</ele>
    <time>2026-01-31T05:43:15Z</time>
   </trkpt>
   <trkpt lat="-1.2426640" lon="36.8337560">
    <ele>1670.3</ele>
    <time>2026-01-31T05:43:16Z</time>
   </trkpt>
   <trkpt lat="-1.2426530" lon="36.8337270">
    <ele>1670.3</ele>
    <time>2026-01-31T05:43:17Z</time>
   </trkpt>
   <trkpt lat="-1.2426490" lon="36.8337170">
    <ele>1670.3</ele>
    <time>2026-01-31T05:43:18Z</time>
   </trkpt>
   <trkpt lat="-1.2426380" lon="36.8336890">
    <ele>1670.4</ele>
    <time>2026-01-31T05:43:19Z</time>
   </trkpt>
   <trkpt lat="-1.2426340" lon="36.8336810">
    <ele>1670.4</ele>
    <time>2026-01-31T05:43:20Z</time>
   </trkpt>
   <trkpt lat="-1.2426200" lon="36.8336540">
    <ele>1670.4</ele>
    <time>2026-01-31T05:43:21Z</time>
   </trkpt>
   <trkpt lat="-1.2426160" lon="36.8336450">
    <ele>1670.4</ele>
    <time>2026-01-31T05:43:22Z</time>
   </trkpt>
   <trkpt lat="-1.2426020" lon="36.8336220">
    <ele>1670.5</ele>
    <time>2026-01-31T05:43:23Z</time>
   </trkpt>
   <trkpt lat="-1.2425970" lon="36.8336140">
    <ele>1670.5</ele>
    <time>2026-01-31T05:43:24Z</time>
   </trkpt>
   <trkpt lat="-1.2425910" lon="36.8335860">
    <ele>1670.6</ele>
    <time>2026-01-31T05:43:25Z</time>
   </trkpt>
   <trkpt lat="-1.2425900" lon="36.8335770">
    <ele>1670.6</ele>
    <time>2026-01-31T05:43:26Z</time>
   </trkpt>
   <trkpt lat="-1.2425800" lon="36.8335500">
    <ele>1670.6</ele>
    <time>2026-01-31T05:43:27Z</time>
   </trkpt>
   <trkpt lat="-1.2425760" lon="36.8335410">
    <ele>1670.6</ele>
    <time>2026-01-31T05:43:28Z</time>
   </trkpt>
   <trkpt lat="-1.2425660" lon="36.8335100">
    <ele>1670.7</ele>
    <time>2026-01-31T05:43:29Z</time>
   </trkpt>
   <trkpt lat="-1.2425620" lon="36.8335000">
    <ele>1670.7</ele>
    <time>2026-01-31T05:43:30Z</time>
   </trkpt>
   <trkpt lat="-1.2425510" lon="36.8334700">
    <ele>1670.8</ele>
    <time>2026-01-31T05:43:31Z</time>
   </trkpt>
   <trkpt lat="-1.2425460" lon="36.8334600">
    <ele>1670.8</ele>
    <time>2026-01-31T05:43:32Z</time>
   </trkpt>
   <trkpt lat="-1.2425320" lon="36.8334290">
    <ele>1670.8</ele>
    <time>2026-01-31T05:43:33Z</time>
   </trkpt>
   <trkpt lat="-1.2425270" lon="36.8334190">
    <ele>1670.9</ele>
    <time>2026-01-31T05:43:34Z</time>
   </trkpt>
   <trkpt lat="-1.2425180" lon="36.8333870">
    <ele>1670.9</ele>
    <time>2026-01-31T05:43:35Z</time>
   </trkpt>
   <trkpt lat="-1.2425160" lon="36.8333770">
    <ele>1670.9</ele>
    <time>2026-01-31T05:43:36Z</time>
   </trkpt>
   <trkpt lat="-1.2425110" lon="36.8333440">
    <ele>1671.0</ele>
    <time>2026-01-31T05:43:37Z</time>
   </trkpt>
   <trkpt lat="-1.2425080" lon="36.8333330">
    <ele>1671.0</ele>
    <time>2026-01-31T05:43:38Z</time>
   </trkpt>
   <trkpt lat="-1.2424940" lon="36.8333050">
    <ele>1671.1</ele>
    <time>2026-01-31T05:43:39Z</time>
   </trkpt>
   <trkpt lat="-1.2424890" lon="36.8332960">
    <ele>1671.1</ele>
    <time>2026-01-31T05:43:40Z</time>
   </trkpt>
   <trkpt lat="-1.2424840" lon="36.8332660">
    <ele>1671.1</ele>
    <time>2026-01-31T05:43:41Z</time>
   </trkpt>
   <trkpt lat="-1.2424830" lon="36.8332560">
    <ele>1671.2</ele>
    <time>2026-01-31T05:43:42Z</time>
   </trkpt>
   <trkpt lat="-1.2424730" lon="36.8332270">
    <ele>1671.2</ele>
    <time>2026-01-31T05:43:43Z</time>
   </trkpt>
   <trkpt lat="-1.2424690" lon="36.8332180">
    <ele>1671.2</ele>
    <time>2026-01-31T05:43:44Z</time>
   </trkpt>
   <trkpt lat="-1.2424540" lon="36.8331880">
    <ele>1671.2</ele>
    <time>2026-01-31T05:43:45Z</time>
   </trkpt>
   <trkpt lat="-1.2424480" lon="36.8331780">
    <ele>1671.3</ele>
    <time>2026-01-31T05:43:46Z</time>
   </trkpt>
   <trkpt lat="-1.2424330" lon="36.8331430">
    <ele>1671.3</ele>
    <time>2026-01-31T05:43:47Z</time>
   </trkpt>
   <trkpt lat="-1.2424290" lon="36.8331320">
    <ele>1671.3</ele>
    <time>2026-01-31T05:43:48Z</time>
   </trkpt>
   <trkpt lat="-1.2424160" lon="36.8330970">
    <ele>1671.4</ele>
    <time>2026-01-31T05:43:49Z</time>
   </trkpt>
   <trkpt lat="-1.2424110" lon="36.8330850">
    <ele>1671.4</ele>
    <time>2026-01-31T05:43:50Z</time>
   </trkpt>
   <trkpt lat="-1.2423970" lon="36.8330520">
    <ele>1671.4</ele>
    <time>2026-01-31T05:43:51Z</time>
   </trkpt>
   <trkpt lat="-1.2423920" lon="36.8330410">
    <ele>1671.4</ele>
    <time>2026-01-31T05:43:52Z</time>
   </trkpt>
   <trkpt lat="-1.2423770" lon="36.8330090">
    <ele>1671.5</ele>
    <time>2026-01-31T05:43:53Z</time>
   </trkpt>
   <trkpt lat="-1.2423690" lon="36.8330000">
    <ele>1671.5</ele>
    <time>2026-01-31T05:43:54Z</time>
   </trkpt>
   <trkpt lat="-1.2423530" lon="36.8329710">
    <ele>1671.5</ele>
    <time>2026-01-31T05:43:55Z</time>
   </trkpt>
   <trkpt lat="-1.2423500" lon="36.8329580">
    <ele>1671.5</ele>
    <time>2026-01-31T05:43:56Z</time>
   </trkpt>
   <trkpt lat="-1.2423380" lon="36.8329260">
    <ele>1671.6</ele>
    <time>2026-01-31T05:43:57Z</time>
   </trkpt>
   <trkpt lat="-1.2423330" lon="36.8329150">
    <ele>1671.6</ele>
    <time>2026-01-31T05:43:58Z</time>
   </trkpt>
   <trkpt lat="-1.2423230" lon="36.8328810">
    <ele>1671.6</ele>
    <time>2026-01-31T05:43:59Z</time>
   </trkpt>
   <trkpt lat="-1.2423180" lon="36.8328690">
    <ele>1671.6</ele>
    <time>2026-01-31T05:44:00Z</time>
   </trkpt>
   <trkpt lat="-1.2423040" lon="36.8328390">
    <ele>1671.7</ele>
    <time>2026-01-31T05:44:01Z</time>
   </trkpt>
   <trkpt lat="-1.2423000" lon="36.8328290">
    <ele>1671.7</ele>
    <time>2026-01-31T05:44:02Z</time>
   </trkpt>
   <trkpt lat="-1.2422840" lon="36.8328020">
    <ele>1671.8</ele>
    <time>2026-01-31T05:44:03Z</time>
   </trkpt>
   <trkpt lat="-1.2422790" lon="36.8327930">
    <ele>1671.8</ele>
    <time>2026-01-31T05:44:04Z</time>
   </trkpt>
   <trkpt lat="-1.2422590" lon="36.8327660">
    <ele>1671.8</ele>
    <time>2026-01-31T05:44:05Z</time>
   </trkpt>
   <trkpt lat="-1.2422510" lon="36.8327600">
    <ele>1671.8</ele>
    <time>2026-01-31T05:44:06Z</time>
   </trkpt>
   <trkpt lat="-1.2422350" lon="36.8327330">
    <ele>1671.9</ele>
    <time>2026-01-31T05:44:07Z</time>
   </trkpt>
   <trkpt lat="-1.2422290" lon="36.8327240">
    <ele>1671.9</ele>
    <time>2026-01-31T05:44:08Z</time>
   </trkpt>
   <trkpt lat="-1.2422110" lon="36.8326950">
    <ele>1672.0</ele>
    <time>2026-01-31T05:44:09Z</time>
   </trkpt>
   <trkpt lat="-1.2422050" lon="36.8326850">
    <ele>1672.0</ele>
    <time>2026-01-31T05:44:10Z</time>
   </trkpt>
   <trkpt lat="-1.2421930" lon="36.8326580">
    <ele>1672.0</ele>
    <time>2026-01-31T05:44:11Z</time>
   </trkpt>
   <trkpt lat="-1.2421880" lon="36.8326500">
    <ele>1672.0</ele>
    <time>2026-01-31T05:44:12Z</time>
   </trkpt>
   <trkpt lat="-1.2421700" lon="36.8326220">
    <ele>1672.1</ele>
    <time>2026-01-31T05:44:13Z</time>
   </trkpt>
   <trkpt lat="-1.2421630" lon="36.8326120">
    <ele>1672.1</ele>
    <time>2026-01-31T05:44:14Z</time>
   </trkpt>
   <trkpt lat="-1.2421500" lon="36.8325870">
    <ele>1672.2</ele>
    <time>2026-01-31T05:44:15Z</time>
   </trkpt>
   <trkpt lat="-1.2421440" lon="36.8325780">
    <ele>1672.2</ele>
    <time>2026-01-31T05:44:16Z</time>
   </trkpt>
   <trkpt lat="-1.2421290" lon="36.8325480">
    <ele>1672.2</ele>
    <time>2026-01-31T05:44:17Z</time>
   </trkpt>
   <trkpt lat="-1.2421240" lon="36.8325380">
    <ele>1672.3</ele>
    <time>2026-01-31T05:44:18Z</time>
   </trkpt>
   <trkpt lat="-1.2421110" lon="36.8325070">
    <ele>1672.3</ele>
    <time>2026-01-31T05:44:19Z</time>
   </trkpt>
   <trkpt lat="-1.2421060" lon="36.8324970">
    <ele>1672.4</ele>
    <time>2026-01-31T05:44:20Z</time>
   </trkpt>
   <trkpt lat="-1.2420950" lon="36.8324660">
    <ele>1672.4</ele>
    <time>2026-01-31T05:44:21Z</time>
   </trkpt>
   <trkpt lat="-1.2420900" lon="36.8324560">
    <ele>1672.5</ele>
    <time>2026-01-31T05:44:22Z</time>
   </trkpt>
   <trkpt lat="-1.2420780" lon="36.8324280">
    <ele>1672.6</ele>
    <time>2026-01-31T05:44:23Z</time>
   </trkpt>
   <trkpt lat="-1.2420730" lon="36.8324200">
    <ele>1672.6</ele>
    <time>2026-01-31T05:44:24Z</time>
   </trkpt>
   <trkpt lat="-1.2420620" lon="36.8323880">
    <ele>1672.7</ele>
    <time>2026-01-31T05:44:25Z</time>
   </trkpt>
   <trkpt lat="-1.2420580" lon="36.8323780">
    <ele>1672.7</ele>
    <time>2026-01-31T05:44:26Z</time>
   </trkpt>
   <trkpt lat="-1.2420440" lon="36.8323490">
    <ele>1672.8</ele>
    <time>2026-01-31T05:44:27Z</time>
   </trkpt>
   <trkpt lat="-1.2420390" lon="36.8323410">
    <ele>1672.9</ele>
    <time>2026-01-31T05:44:28Z</time>
   </trkpt>
   <trkpt lat="-1.2420260" lon="36.8323130">
    <ele>1673.0</ele>
    <time>2026-01-31T05:44:29Z</time>
   </trkpt>
   <trkpt lat="-1.2420210" lon="36.8323040">
    <ele>1673.0</ele>
    <time>2026-01-31T05:44:30Z</time>
   </trkpt>
   <trkpt lat="-1.2420070" lon="36.8322760">
    <ele>1673.1</ele>
    <time>2026-01-31T05:44:31Z</time>
   </trkpt>
   <trkpt lat="-1.2420010" lon="36.8322670">
    <ele>1673.1</ele>
    <time>2026-01-31T05:44:32Z</time>
   </trkpt>
   <trkpt lat="-1.2419870" lon="36.8322400">
    <ele>1673.2</ele>
    <time>2026-01-31T05:44:33Z</time>
   </trkpt>
   <trkpt lat="-1.2419820" lon="36.8322310">
    <ele>1673.2</ele>
    <time>2026-01-31T05:44:34Z</time>
   </trkpt>
   <trkpt lat="-1.2419720" lon="36.8322000">
    <ele>1673.4</ele>
    <time>2026-01-31T05:44:35Z</time>
   </trkpt>
   <trkpt lat="-1.2419680" lon="36.8321900">
    <ele>1673.4</ele>
    <time>2026-01-31T05:44:36Z</time>
   </trkpt>
   <trkpt lat="-1.2419510" lon="36.8321660">
    <ele>1673.5</ele>
    <time>2026-01-31T05:44:37Z</time>
   </trkpt>
   <trkpt lat="-1.2419430" lon="36.8321590">
    <ele>1673.6</ele>
    <time>2026-01-31T05:44:38Z</time>
   </trkpt>
   <trkpt lat="-1.2419220" lon="36.8321330">
    <ele>1673.7</ele>
    <time>2026-01-31T05:44:39Z</time>
   </trkpt>
   <trkpt lat="-1.2419150" lon="36.8321250">
    <ele>1673.7</ele>
    <time>2026-01-31T05:44:40Z</time>
   </trkpt>
   <trkpt lat="-1.2419020" lon="36.8321010">
    <ele>1673.8</ele>
    <time>2026-01-31T05:44:41Z</time>
   </trkpt>
   <trkpt lat="-1.2418980" lon="36.8320930">
    <ele>1673.9</ele>
    <time>2026-01-31T05:44:42Z</time>
   </trkpt>
   <trkpt lat="-1.2418910" lon="36.8320740">
    <ele>1674.0</ele>
    <time>2026-01-31T05:44:43Z</time>
   </trkpt>
   <trkpt lat="-1.2418860" lon="36.8320590">
    <ele>1674.0</ele>
    <time>2026-01-31T05:44:44Z</time>
   </trkpt>
   <trkpt lat="-1.2418820" lon="36.8320420">
    <ele>1674.1</ele>
    <time>2026-01-31T05:44:45Z</time>
   </trkpt>
   <trkpt lat="-1.2418820" lon="36.8320240">
    <ele>1674.2</ele>
    <time>2026-01-31T05:44:46Z</time>
   </trkpt>
   <trkpt lat="-1.2418840" lon="36.8320050">
    <ele>1674.3</ele>
    <time>2026-01-31T05:44:47Z</time>
   </trkpt>
   <trkpt lat="-1.2418860" lon="36.8319900">
    <ele>1674.4</ele>
    <time>2026-01-31T05:44:48Z</time>
   </trkpt>
   <trkpt lat="-1.2418830" lon="36.8319620">
    <ele>1674.5</ele>
    <time>2026-01-31T05:44:49Z</time>
   </trkpt>
   <trkpt lat="-1.2418820" lon="36.8319530">
    <ele>1674.6</ele>
    <time>2026-01-31T05:44:50Z</time>
   </trkpt>
   <trkpt lat="-1.2418700" lon="36.8319260">
    <ele>1674.7</ele>
    <time>2026-01-31T05:44:51Z</time>
   </trkpt>
   <trkpt lat="-1.2418660" lon="36.8319170">
    <ele>1674.7</ele>
    <time>2026-01-31T05:44:52Z</time>
   </trkpt>
   <trkpt lat="-1.2418560" lon="36.8318900">
    <ele>1674.9</ele>
    <time>2026-01-31T05:44:53Z</time>
   </trkpt>
   <trkpt lat="-1.2418530" lon="36.8318800">
    <ele>1675.0</ele>
    <time>2026-01-31T05:44:54Z</time>
   </trkpt>
   <trkpt lat="-1.2418410" lon="36.8318540">
    <ele>1675.1</ele>
    <time>2026-01-31T05:44:55Z</time>
   </trkpt>
   <trkpt lat="-1.2418380" lon="36.8318460">
    <ele>1675.1</ele>
    <time>2026-01-31T05:44:56Z</time>
   </trkpt>
   <trkpt lat="-1.2418250" lon="36.8318180">
    <ele>1675.3</ele>
    <time>2026-01-31T05:44:57Z</time>
   </trkpt>
   <trkpt lat="-1.2418200" lon="36.8318080">
    <ele>1675.4</ele>
    <time>2026-01-31T05:44:58Z</time>
   </trkpt>
   <trkpt lat="-1.2418030" lon="36.8317810">
    <ele>1675.6</ele>
    <time>2026-01-31T05:44:59Z</time>
   </trkpt>
   <trkpt lat="-1.2417980" lon="36.8317710">
    <ele>1675.6</ele>
    <time>2026-01-31T05:45:00Z</time>
   </trkpt>
   <trkpt lat="-1.2417880" lon="36.8317510">
    <ele>1675.7</ele>
    <time>2026-01-31T05:45:01Z</time>
   </trkpt>
   <trkpt lat="-1.2417790" lon="36.8317410">
    <ele>1675.8</ele>
    <time>2026-01-31T05:45:02Z</time>
   </trkpt>
   <trkpt lat="-1.2417690" lon="36.8317280">
    <ele>1675.9</ele>
    <time>2026-01-31T05:45:03Z</time>
   </trkpt>
   <trkpt lat="-1.2417640" lon="36.8317110">
    <ele>1676.0</ele>
    <time>2026-01-31T05:45:04Z</time>
   </trkpt>
   <trkpt lat="-1.2417560" lon="36.8316810">
    <ele>1676.2</ele>
    <time>2026-01-31T05:45:05Z</time>
   </trkpt>
   <trkpt lat="-1.2417540" lon="36.8316730">
    <ele>1676.2</ele>
    <time>2026-01-31T05:45:06Z</time>
   </trkpt>
   <trkpt lat="-1.2417450" lon="36.8316460">
    <ele>1676.4</ele>
    <time>2026-01-31T05:45:07Z</time>
   </trkpt>
   <trkpt lat="-1.2417420" lon="36.8316370">
    <ele>1676.4</ele>
    <time>2026-01-31T05:45:08Z</time>
   </trkpt>
   <trkpt lat="-1.2417310" lon="36.8316080">
    <ele>1676.6</ele>
    <time>2026-01-31T05:45:09Z</time>
   </trkpt>
   <trkpt lat="-1.2417270" lon="36.8315980">
    <ele>1676.6</ele>
    <time>2026-01-31T05:45:10Z</time>
   </trkpt>
   <trkpt lat="-1.2417160" lon="36.8315680">
    <ele>1676.8</ele>
    <time>2026-01-31T05:45:11Z</time>
   </trkpt>
   <trkpt lat="-1.2417120" lon="36.8315570">
    <ele>1676.8</ele>
    <time>2026-01-31T05:45:12Z</time>
   </trkpt>
   <trkpt lat="-1.2417000" lon="36.8315300">
    <ele>1677.0</ele>
    <time>2026-01-31T05:45:13Z</time>
   </trkpt>
   <trkpt lat="-1.2416960" lon="36.8315210">
    <ele>1677.0</ele>
    <time>2026-01-31T05:45:14Z</time>
   </trkpt>
   <trkpt lat="-1.2416840" lon="36.8314940">
    <ele>1677.1</ele>
    <time>2026-01-31T05:45:15Z</time>
   </trkpt>
   <trkpt lat="-1.2416790" lon="36.8314860">
    <ele>1677.1</ele>
    <time>2026-01-31T05:45:16Z</time>
   </trkpt>
   <trkpt lat="-1.2416670" lon="36.8314580">
    <ele>1677.3</ele>
    <time>2026-01-31T05:45:17Z</time>
   </trkpt>
   <trkpt lat="-1.2416620" lon="36.8314490">
    <ele>1677.3</ele>
    <time>2026-01-31T05:45:18Z</time>
   </trkpt>
   <trkpt lat="-1.2416530" lon="36.8314200">
    <ele>1677.4</ele>
    <time>2026-01-31T05:45:19Z</time>
   </trkpt>
   <trkpt lat="-1.2416500" lon="36.8314120">
    <ele>1677.4</ele>
    <time>2026-01-31T05:45:20Z</time>
   </trkpt>
   <trkpt lat="-1.2416410" lon="36.8313830">
    <ele>1677.5</ele>
    <time>2026-01-31T05:45:21Z</time>
   </trkpt>
   <trkpt lat="-1.2416380" lon="36.8313730">
    <ele>1677.5</ele>
    <time>2026-01-31T05:45:22Z</time>
   </trkpt>
   <trkpt lat="-1.2416360" lon="36.8313580">
    <ele>1677.6</ele>
    <time>2026-01-31T05:45:23Z</time>
   </trkpt>
   <trkpt lat="-1.2416320" lon="36.8313390">
    <ele>1677.7</ele>
    <time>2026-01-31T05:45:24Z</time>
   </trkpt>
   <trkpt lat="-1.2416270" lon="36.8313090">
    <ele>1677.7</ele>
    <time>2026-01-31T05:45:25Z</time>
   </trkpt>
   <trkpt lat="-1.2416250" lon="36.8312990">
    <ele>1677.8</ele>
    <time>2026-01-31T05:45:26Z</time>
   </trkpt>
   <trkpt lat="-1.2416110" lon="36.8312760">
    <ele>1677.9</ele>
    <time>2026-01-31T05:45:27Z</time>
   </trkpt>
   <trkpt lat="-1.2416050" lon="36.8312680">
    <ele>1677.9</ele>
    <time>2026-01-31T05:45:28Z</time>
   </trkpt>
   <trkpt lat="-1.2415910" lon="36.8312430">
    <ele>1678.0</ele>
    <time>2026-01-31T05:45:29Z</time>
   </trkpt>
   <trkpt lat="-1.2415870" lon="36.8312360">
    <ele>1678.0</ele>
    <time>2026-01-31T05:45:30Z</time>
   </trkpt>
   <trkpt lat="-1.2415800" lon="36.8312190">
    <ele>1678.1</ele>
    <time>2026-01-31T05:45:31Z</time>
   </trkpt>
   <trkpt lat="-1.2415730" lon="36.8312030">
    <ele>1678.1</ele>
    <time>2026-01-31T05:45:32Z</time>
   </trkpt>
   <trkpt lat="-1.2415630" lon="36.8311870">
    <ele>1678.2</ele>
    <time>2026-01-31T05:45:33Z</time>
   </trkpt>
   <trkpt lat="-1.2415510" lon="36.8311760">
    <ele>1678.2</ele>
    <time>2026-01-31T05:45:34Z</time>
   </trkpt>
   <trkpt lat="-1.2415300" lon="36.8311560">
    <ele>1678.3</ele>
    <time>2026-01-31T05:45:35Z</time>
   </trkpt>
   <trkpt lat="-1.2415230" lon="36.8311500">
    <ele>1678.3</ele>
    <time>2026-01-31T05:45:36Z</time>
   </trkpt>
   <trkpt lat="-1.2415010" lon="36.8311310">
    <ele>1678.4</ele>
    <time>2026-01-31T05:45:37Z</time>
   </trkpt>
   <trkpt lat="-1.2414930" lon="36.8311250">
    <ele>1678.4</ele>
    <time>2026-01-31T05:45:38Z</time>
   </trkpt>
   <trkpt lat="-1.2414690" lon="36.8311080">
    <ele>1678.4</ele>
    <time>2026-01-31T05:45:39Z</time>
   </trkpt>
   <trkpt lat="-1.2414600" lon="36.8311020">
    <ele>1678.5</ele>
    <time>2026-01-31T05:45:40Z</time>
   </trkpt>
   <trkpt lat="-1.2414300" lon="36.8310840">
    <ele>1678.5</ele>
    <time>2026-01-31T05:45:41Z</time>
   </trkpt>
   <trkpt lat="-1.2414220" lon="36.8310780">
    <ele>1678.6</ele>
    <time>2026-01-31T05:45:42Z</time>
   </trkpt>
   <trkpt lat="-1.2413910" lon="36.8310700">
    <ele>1678.6</ele>
    <time>2026-01-31T05:45:43Z</time>
   </trkpt>
   <trkpt lat="-1.2413800" lon="36.8310680">
    <ele>1678.7</ele>
    <time>2026-01-31T05:45:44Z</time>
   </trkpt>
   <trkpt lat="-1.2413500" lon="36.8310650">
    <ele>1678.7</ele>
    <time>2026-01-31T05:45:45Z</time>
   </trkpt>
   <trkpt lat="-1.2413400" lon="36.8310640">
    <ele>1678.8</ele>
    <time>2026-01-31T05:45:46Z</time>
   </trkpt>
   <trkpt lat="-1.2413080" lon="36.8310620">
    <ele>1678.8</ele>
    <time>2026-01-31T05:45:47Z</time>
   </trkpt>
   <trkpt lat="-1.2412970" lon="36.8310630">
    <ele>1678.9</ele>
    <time>2026-01-31T05:45:48Z</time>
   </trkpt>
   <trkpt lat="-1.2412660" lon="36.8310690">
    <ele>1678.9</ele>
    <time>2026-01-31T05:45:49Z</time>
   </trkpt>
   <trkpt lat="-1.2412550" lon="36.8310710">
    <ele>1679.0</ele>
    <time>2026-01-31T05:45:50Z</time>
   </trkpt>
   <trkpt lat="-1.2412200" lon="36.8310720">
    <ele>1679.0</ele>
    <time>2026-01-31T05:45:51Z</time>
   </trkpt>
   <trkpt lat="-1.2412080" lon="36.8310730">
    <ele>1679.1</ele>
    <time>2026-01-31T05:45:52Z</time>
   </trkpt>
   <trkpt lat="-1.2411730" lon="36.8310750">
    <ele>1679.1</ele>
    <time>2026-01-31T05:45:53Z</time>
   </trkpt>
   <trkpt lat="-1.2411610" lon="36.8310750">
    <ele>1679.2</ele>
    <time>2026-01-31T05:45:54Z</time>
   </trkpt>
   <trkpt lat="-1.2411250" lon="36.8310780">
    <ele>1679.3</ele>
    <time>2026-01-31T05:45:55Z</time>
   </trkpt>
   <trkpt lat="-1.2411130" lon="36.8310800">
    <ele>1679.3</ele>
    <time>2026-01-31T05:45:56Z</time>
   </trkpt>
   <trkpt lat="-1.2410780" lon="36.8310850">
    <ele>1679.4</ele>
    <time>2026-01-31T05:45:57Z</time>
   </trkpt>
   <trkpt lat="-1.2410660" lon="36.8310850">
    <ele>1679.4</ele>
    <time>2026-01-31T05:45:58Z</time>
   </trkpt>
   <trkpt lat="-1.2410340" lon="36.8310910">
    <ele>1679.5</ele>
    <time>2026-01-31T05:45:59Z</time>
   </trkpt>
   <trkpt lat="-1.2410220" lon="36.8310930">
    <ele>1679.5</ele>
    <time>2026-01-31T05:46:00Z</time>
   </trkpt>
   <trkpt lat="-1.2409900" lon="36.8311030">
    <ele>1679.6</ele>
    <time>2026-01-31T05:46:01Z</time>
   </trkpt>
   <trkpt lat="-1.2409790" lon="36.8311060">
    <ele>1679.6</ele>
    <time>2026-01-31T05:46:02Z</time>
   </trkpt>
   <trkpt lat="-1.2409470" lon="36.8311100">
    <ele>1679.7</ele>
    <time>2026-01-31T05:46:03Z</time>
   </trkpt>
   <trkpt lat="-1.2409360" lon="36.8311110">
    <ele>1679.7</ele>
    <time>2026-01-31T05:46:04Z</time>
   </trkpt>
   <trkpt lat="-1.2409000" lon="36.8311130">
    <ele>1679.8</ele>
    <time>2026-01-31T05:46:05Z</time>
   </trkpt>
   <trkpt lat="-1.2408860" lon="36.8311140">
    <ele>1679.9</ele>
    <time>2026-01-31T05:46:06Z</time>
   </trkpt>
   <trkpt lat="-1.2408550" lon="36.8311210">
    <ele>1680.0</ele>
    <time>2026-01-31T05:46:07Z</time>
   </trkpt>
   <trkpt lat="-1.2408440" lon="36.8311240">
    <ele>1680.0</ele>
    <time>2026-01-31T05:46:08Z</time>
   </trkpt>
   <trkpt lat="-1.2408110" lon="36.8311310">
    <ele>1680.1</ele>
    <time>2026-01-31T05:46:09Z</time>
   </trkpt>
   <trkpt lat="-1.2408000" lon="36.8311320">
    <ele>1680.2</ele>
    <time>2026-01-31T05:46:10Z</time>
   </trkpt>
   <trkpt lat="-1.2407660" lon="36.8311360">
    <ele>1680.3</ele>
    <time>2026-01-31T05:46:11Z</time>
   </trkpt>
   <trkpt lat="-1.2407540" lon="36.8311380">
    <ele>1680.3</ele>
    <time>2026-01-31T05:46:12Z</time>
   </trkpt>
   <trkpt lat="-1.2407390" lon="36.8311440">
    <ele>1680.4</ele>
    <time>2026-01-31T05:46:13Z</time>
   </trkpt>
   <trkpt lat="-1.2407250" lon="36.8311530">
    <ele>1680.4</ele>
    <time>2026-01-31T05:46:14Z</time>
   </trkpt>
   <trkpt lat="-1.2407010" lon="36.8311670">
    <ele>1680.5</ele>
    <time>2026-01-31T05:46:15Z</time>
   </trkpt>
   <trkpt lat="-1.2406920" lon="36.8311720">
    <ele>1680.6</ele>
    <time>2026-01-31T05:46:16Z</time>
   </trkpt>
   <trkpt lat="-1.2406670" lon="36.8311840">
    <ele>1680.7</ele>
    <time>2026-01-31T05:46:17Z</time>
   </trkpt>
   <trkpt lat="-1.2406580" lon="36.8311880">
    <ele>1680.7</ele>
    <time>2026-01-31T05:46:18Z</time>
   </trkpt>
   <trkpt lat="-1.2406410" lon="36.8311950">
    <ele>1680.8</ele>
    <time>2026-01-31T05:46:19Z</time>
   </trkpt>
   <trkpt lat="-1.2406240" lon="36.8311990">
    <ele>1680.8</ele>
    <time>2026-01-31T05:46:20Z</time>
   </trkpt>
   <trkpt lat="-1.2405970" lon="36.8312030">
    <ele>1680.9</ele>
    <time>2026-01-31T05:46:21Z</time>
   </trkpt>
   <trkpt lat="-1.2405880" lon="36.8312050">
    <ele>1680.9</ele>
    <time>2026-01-31T05:46:22Z</time>
   </trkpt>
   <trkpt lat="-1.2405600" lon="36.8312140">
    <ele>1681.1</ele>
    <time>2026-01-31T05:46:23Z</time>
   </trkpt>
   <trkpt lat="-1.2405520" lon="36.8312150">
    <ele>1681.1</ele>
    <time>2026-01-31T05:46:24Z</time>
   </trkpt>
   <trkpt lat="-1.2405230" lon="36.8312230">
    <ele>1681.2</ele>
    <time>2026-01-31T05:46:25Z</time>
   </trkpt>
   <trkpt lat="-1.2405130" lon="36.8312260">
    <ele>1681.2</ele>
    <time>2026-01-31T05:46:26Z</time>
   </trkpt>
   <trkpt lat="-1.2405000" lon="36.8312300">
    <ele>1681.3</ele>
    <time>2026-01-31T05:46:27Z</time>
   </trkpt>
   <trkpt lat="-1.2404840" lon="36.8312320">
    <ele>1681.4</ele>
    <time>2026-01-31T05:46:28Z</time>
   </trkpt>
   <trkpt lat="-1.2404570" lon="36.8312380">
    <ele>1681.5</ele>
    <time>2026-01-31T05:46:29Z</time>
   </trkpt>
   <trkpt lat="-1.2404470" lon="36.8312390">
    <ele>1681.5</ele>
    <time>2026-01-31T05:46:30Z</time>
   </trkpt>
   <trkpt lat="-1.2404300" lon="36.8312410">
    <ele>1681.6</ele>
    <time>2026-01-31T05:46:31Z</time>
   </trkpt>
   <trkpt lat="-1.2404120" lon="36.8312430">
    <ele>1681.7</ele>
    <time>2026-01-31T05:46:32Z</time>
   </trkpt>
   <trkpt lat="-1.2403980" lon="36.8312450">
    <ele>1681.8</ele>
    <time>2026-01-31T05:46:33Z</time>
   </trkpt>
   <trkpt lat="-1.2403820" lon="36.8312490">
    <ele>1681.8</ele>
    <time>2026-01-31T05:46:34Z</time>
   </trkpt>
   <trkpt lat="-1.2403530" lon="36.8312520">
    <ele>1682.0</ele>
    <time>2026-01-31T05:46:35Z</time>
   </trkpt>
   <trkpt lat="-1.2403420" lon="36.8312510">
    <ele>1682.0</ele>
    <time>2026-01-31T05:46:36Z</time>
   </trkpt>
   <trkpt lat="-1.2403150" lon="36.8312530">
    <ele>1682.2</ele>
    <time>2026-01-31T05:46:37Z</time>
   </trkpt>
   <trkpt lat="-1.2403040" lon="36.8312540">
    <ele>1682.3</ele>
    <time>2026-01-31T05:46:38Z</time>
   </trkpt>
   <trkpt lat="-1.2402830" lon="36.8312630">
    <ele>1682.4</ele>
    <time>2026-01-31T05:46:39Z</time>
   </trkpt>
   <trkpt lat="-1.2402740" lon="36.8312640">
    <ele>1682.4</ele>
    <time>2026-01-31T05:46:40Z</time>
   </trkpt>
   <trkpt lat="-1.2402660" lon="36.8312660">
    <ele>1682.5</ele>
    <time>2026-01-31T05:46:41Z</time>
   </trkpt>
   <trkpt lat="-1.2402480" lon="36.8312700">
    <ele>1682.6</ele>
    <time>2026-01-31T05:46:42Z</time>
   </trkpt>
   <trkpt lat="-1.2402320" lon="36.8312750">
    <ele>1682.7</ele>
    <time>2026-01-31T05:46:43Z</time>
   </trkpt>
   <trkpt lat="-1.2402030" lon="36.8312840">
    <ele>1682.9</ele>
    <time>2026-01-31T05:46:44Z</time>
   </trkpt>
   <trkpt lat="-1.2401940" lon="36.8312860">
    <ele>1683.0</ele>
    <time>2026-01-31T05:46:45Z</time>
   </trkpt>
   <trkpt lat="-1.2401800" lon="36.8312910">
    <ele>1683.1</ele>
    <time>2026-01-31T05:46:46Z</time>
   </trkpt>
   <trkpt lat="-1.2401640" lon="36.8312980">
    <ele>1683.2</ele>
    <time>2026-01-31T05:46:47Z</time>
   </trkpt>
   <trkpt lat="-1.2401360" lon="36.8313060">
    <ele>1683.4</ele>
    <time>2026-01-31T05:46:48Z</time>
   </trkpt>
   <trkpt lat="-1.2401250" lon="36.8313080">
    <ele>1683.5</ele>
    <time>2026-01-31T05:46:49Z</time>
   </trkpt>
   <trkpt lat="-1.2400990" lon="36.8313130">
    <ele>1683.7</ele>
    <time>2026-01-31T05:46:50Z</time>
   </trkpt>
   <trkpt lat="-1.2400880" lon="36.8313140">
    <ele>1683.8</ele>
    <time>2026-01-31T05:46:51Z</time>
   </trkpt>
   <trkpt lat="-1.2400590" lon="36.8313140">
    <ele>1684.0</ele>
    <time>2026-01-31T05:46:52Z</time>
   </trkpt>
   <trkpt lat="-1.2400490" lon="36.8313140">
    <ele>1684.0</ele>
    <time>2026-01-31T05:46:53Z</time>
   </trkpt>
   <trkpt lat="-1.2400100" lon="36.8313150">
    <ele>1684.3</ele>
    <time>2026-01-31T05:46:54Z</time>
   </trkpt>
   <trkpt lat="-1.2399920" lon="36.8313150">
    <ele>1684.5</ele>
    <time>2026-01-31T05:46:55Z</time>
   </trkpt>
   <trkpt lat="-1.2399810" lon="36.8313140">
    <ele>1684.6</ele>
    <time>2026-01-31T05:46:56Z</time>
   </trkpt>
   <trkpt lat="-1.2399620" lon="36.8313110">
    <ele>1684.7</ele>
    <time>2026-01-31T05:46:57Z</time>
   </trkpt>
   <trkpt lat="-1.2399320" lon="36.8313020">
    <ele>1684.9</ele>
    <time>2026-01-31T05:46:58Z</time>
   </trkpt>
   <trkpt lat="-1.2399230" lon="36.8312980">
    <ele>1685.0</ele>
    <time>2026-01-31T05:46:59Z</time>
   </trkpt>
   <trkpt lat="-1.2398980" lon="36.8312860">
    <ele>1685.2</ele>
    <time>2026-01-31T05:47:00Z</time>
   </trkpt>
   <trkpt lat="-1.2398890" lon="36.8312810">
    <ele>1685.3</ele>
    <time>2026-01-31T05:47:01Z</time>
   </trkpt>
   <trkpt lat="-1.2398810" lon="36.8312660">
    <ele>1685.3</ele>
    <time>2026-01-31T05:47:02Z</time>
   </trkpt>
   <trkpt lat="-1.2398690" lon="36.8312540">
    <ele>1685.4</ele>
    <time>2026-01-31T05:47:03Z</time>
   </trkpt>
   <trkpt lat="-1.2398520" lon="36.8312310">
    <ele>1685.4</ele>
    <time>2026-01-31T05:47:04Z</time>
   </trkpt>
   <trkpt lat="-1.2398480" lon="36.8312220">
    <ele>1685.5</ele>
    <time>2026-01-31T05:47:05Z</time>
   </trkpt>
   <trkpt lat="-1.2398350" lon="36.8311970">
    <ele>1685.5</ele>
    <time>2026-01-31T05:47:06Z</time>
   </trkpt>
   <trkpt lat="-1.2398310" lon="36.8311890">
    <ele>1685.5</ele>
    <time>2026-01-31T05:47:07Z</time>
   </trkpt>
   <trkpt lat="-1.2398300" lon="36.8311670">
    <ele>1685.6</ele>
    <time>2026-01-31T05:47:08Z</time>
   </trkpt>
   <trkpt lat="-1.2398280" lon="36.8311590">
    <ele>1685.6</ele>
    <time>2026-01-31T05:47:09Z</time>
   </trkpt>
   <trkpt lat="-1.2398270" lon="36.8311510">
    <ele>1685.6</ele>
    <time>2026-01-31T05:47:10Z</time>
   </trkpt>
   <trkpt lat="-1.2398210" lon="36.8311400">
    <ele>1685.6</ele>
    <time>2026-01-31T05:47:11Z</time>
   </trkpt>
   <trkpt lat="-1.2398100" lon="36.8311280">
    <ele>1685.7</ele>
    <time>2026-01-31T05:47:12Z</time>
   </trkpt>
   <trkpt lat="-1.2398020" lon="36.8311140">
    <ele>1685.7</ele>
    <time>2026-01-31T05:47:13Z</time>
   </trkpt>
   <trkpt lat="-1.2397970" lon="36.8310980">
    <ele>1685.7</ele>
    <time>2026-01-31T05:47:14Z</time>
   </trkpt>
   <trkpt lat="-1.2397870" lon="36.8310850">
    <ele>1685.7</ele>
    <time>2026-01-31T05:47:15Z</time>
   </trkpt>
   <trkpt lat="-1.2397810" lon="36.8310680">
    <ele>1685.8</ele>
    <time>2026-01-31T05:47:16Z</time>
   </trkpt>
   <trkpt lat="-1.2397710" lon="36.8310420">
    <ele>1685.8</ele>
    <time>2026-01-31T05:47:17Z</time>
   </trkpt>
   <trkpt lat="-1.2397670" lon="36.8310330">
    <ele>1685.8</ele>
    <time>2026-01-31T05:47:18Z</time>
   </trkpt>
   <trkpt lat="-1.2397550" lon="36.8310080">
    <ele>1685.9</ele>
    <time>2026-01-31T05:47:19Z</time>
   </trkpt>
   <trkpt lat="-1.2397510" lon="36.8309990">
    <ele>1685.9</ele>
    <time>2026-01-31T05:47:20Z</time>
   </trkpt>
   <trkpt lat="-1.2397390" lon="36.8309730">
    <ele>1685.9</ele>
    <time>2026-01-31T05:47:21Z</time>
   </trkpt>
   <trkpt lat="-1.2397340" lon="36.8309630">
    <ele>1685.9</ele>
    <time>2026-01-31T05:47:22Z</time>
   </trkpt>
   <trkpt lat="-1.2397230" lon="36.8309360">
    <ele>1686.0</ele>
    <time>2026-01-31T05:47:23Z</time>
   </trkpt>
   <trkpt lat="-1.2397180" lon="36.8309270">
    <ele>1686.0</ele>
    <time>2026-01-31T05:47:24Z</time>
   </trkpt>
   <trkpt lat="-1.2397040" lon="36.8308950">
    <ele>1686.0</ele>
    <time>2026-01-31T05:47:25Z</time>
   </trkpt>
   <trkpt lat="-1.2396990" lon="36.8308840">
    <ele>1686.1</ele>
    <time>2026-01-31T05:47:26Z</time>
   </trkpt>
   <trkpt lat="-1.2396870" lon="36.8308530">
    <ele>1686.1</ele>
    <time>2026-01-31T05:47:27Z</time>
   </trkpt>
   <trkpt lat="-1.2396830" lon="36.8308430">
    <ele>1686.1</ele>
    <time>2026-01-31T05:47:28Z</time>
   </trkpt>
   <trkpt lat="-1.2396750" lon="36.8308110">
    <ele>1686.2</ele>
    <time>2026-01-31T05:47:29Z</time>
   </trkpt>
   <trkpt lat="-1.2396740" lon="36.8308010">
    <ele>1686.2</ele>
    <time>2026-01-31T05:47:30Z</time>
   </trkpt>
   <trkpt lat="-1.2396740" lon="36.8307690">
    <ele>1686.2</ele>
    <time>2026-01-31T05:47:31Z</time>
   </trkpt>
   <trkpt lat="-1.2396740" lon="36.8307580">
    <ele>1686.2</ele>
    <time>2026-01-31T05:47:32Z</time>
   </trkpt>
   <trkpt lat="-1.2396870" lon="36.8307260">
    <ele>1686.3</ele>
    <time>2026-01-31T05:47:33Z</time>
   </trkpt>
   <trkpt lat="-1.2396890" lon="36.8307160">
    <ele>1686.3</ele>
    <time>2026-01-31T05:47:34Z</time>
   </trkpt>
   <trkpt lat="-1.2396870" lon="36.8307010">
    <ele>1686.3</ele>
    <time>2026-01-31T05:47:35Z</time>
   </trkpt>
   <trkpt lat="-1.2396840" lon="36.8306840">
    <ele>1686.3</ele>
    <time>2026-01-31T05:47:36Z</time>
   </trkpt>
   <trkpt lat="-1.2396700" lon="36.8306660">
    <ele>1686.4</ele>
    <time>2026-01-31T05:47:37Z</time>
   </trkpt>
   <trkpt lat="-1.2396650" lon="36.8306560">
    <ele>1686.4</ele>
    <time>2026-01-31T05:47:38Z</time>
   </trkpt>
   <trkpt lat="-1.2396600" lon="36.8306450">
    <ele>1686.4</ele>
    <time>2026-01-31T05:47:39Z</time>
   </trkpt>
   <trkpt lat="-1.2396310" lon="36.8306240">
    <ele>1686.5</ele>
    <time>2026-01-31T05:47:40Z</time>
   </trkpt>
   <trkpt lat="-1.2396230" lon="36.8306170">
    <ele>1686.5</ele>
    <time>2026-01-31T05:47:41Z</time>
   </trkpt>
   <trkpt lat="-1.2396060" lon="36.8305890">
    <ele>1686.5</ele>
    <time>2026-01-31T05:47:42Z</time>
   </trkpt>
   <trkpt lat="-1.2396000" lon="36.8305790">
    <ele>1686.6</ele>
    <time>2026-01-31T05:47:43Z</time>
   </trkpt>
   <trkpt lat="-1.2395960" lon="36.8305490">
    <ele>1686.6</ele>
    <time>2026-01-31T05:47:44Z</time>
   </trkpt>
   <trkpt lat="-1.2395950" lon="36.8305390">
    <ele>1686.6</ele>
    <time>2026-01-31T05:47:45Z</time>
   </trkpt>
   <trkpt lat="-1.2395960" lon="36.8305090">
    <ele>1686.7</ele>
    <time>2026-01-31T05:47:46Z</time>
   </trkpt>
   <trkpt lat="-1.2395960" lon="36.8304990">
    <ele>1686.7</ele>
    <time>2026-01-31T05:47:47Z</time>
   </trkpt>
   <trkpt lat="-1.2395920" lon="36.8304690">
    <ele>1686.7</ele>
    <time>2026-01-31T05:47:48Z</time>
   </trkpt>
   <trkpt lat="-1.2395900" lon="36.8304590">
    <ele>1686.7</ele>
    <time>2026-01-31T05:47:49Z</time>
   </trkpt>
   <trkpt lat="-1.2395810" lon="36.8304300">
    <ele>1686.8</ele>
    <time>2026-01-31T05:47:50Z</time>
   </trkpt>
   <trkpt lat="-1.2395790" lon="36.8304210">
    <ele>1686.8</ele>
    <time>2026-01-31T05:47:51Z</time>
   </trkpt>
   <trkpt lat="-1.2395760" lon="36.8304020">
    <ele>1686.8</ele>
    <time>2026-01-31T05:47:52Z</time>
   </trkpt>
   <trkpt lat="-1.2395710" lon="36.8303890">
    <ele>1686.8</ele>
    <time>2026-01-31T05:47:53Z</time>
   </trkpt>
   <trkpt lat="-1.2395650" lon="36.8303740">
    <ele>1686.9</ele>
    <time>2026-01-31T05:47:54Z</time>
   </trkpt>
   <trkpt lat="-1.2395600" lon="36.8303570">
    <ele>1686.9</ele>
    <time>2026-01-31T05:47:55Z</time>
   </trkpt>
   <trkpt lat="-1.2395480" lon="36.8303300">
    <ele>1686.9</ele>
    <time>2026-01-31T05:47:56Z</time>
   </trkpt>
   <trkpt lat="-1.2395450" lon="36.8303230">
    <ele>1687.0</ele>
    <time>2026-01-31T05:47:57Z</time>
   </trkpt>
   <trkpt lat="-1.2395330" lon="36.8302950">
    <ele>1687.0</ele>
    <time>2026-01-31T05:47:58Z</time>
   </trkpt>
   <trkpt lat="-1.2395290" lon="36.8302850">
    <ele>1687.0</ele>
    <time>2026-01-31T05:47:59Z</time>
   </trkpt>
   <trkpt lat="-1.2395150" lon="36.8302560">
    <ele>1687.1</ele>
    <time>2026-01-31T05:48:00Z</time>
   </trkpt>
   <trkpt lat="-1.2395110" lon="36.8302470">
    <ele>1687.1</ele>
    <time>2026-01-31T05:48:01Z</time>
   </trkpt>
   <trkpt lat="-1.2395050" lon="36.8302300">
    <ele>1687.1</ele>
    <time>2026-01-31T05:48:02Z</time>
   </trkpt>
   <trkpt lat="-1.2394990" lon="36.8302140">
    <ele>1687.2</ele>
    <time>2026-01-31T05:48:03Z</time>
   </trkpt>
   <trkpt lat="-1.2394950" lon="36.8301980">
    <ele>1687.2</ele>
    <time>2026-01-31T05:48:04Z</time>
   </trkpt>
   <trkpt lat="-1.2394920" lon="36.8301790">
    <ele>1687.3</ele>
    <time>2026-01-31T05:48:05Z</time>
   </trkpt>
   <trkpt lat="-1.2394870" lon="36.8301500">
    <ele>1687.3</ele>
    <time>2026-01-31T05:48:06Z</time>
   </trkpt>
   <trkpt lat="-1.2394850" lon="36.8301400">
    <ele>1687.3</ele>
    <time>2026-01-31T05:48:07Z</time>
   </trkpt>
   <trkpt lat="-1.2394760" lon="36.8301110">
    <ele>1687.4</ele>
    <time>2026-01-31T05:48:08Z</time>
   </trkpt>
   <trkpt lat="-1.2394720" lon="36.8301030">
    <ele>1687.4</ele>
    <time>2026-01-31T05:48:09Z</time>
   </trkpt>
   <trkpt lat="-1.2394650" lon="36.8300740">
    <ele>1687.5</ele>
    <time>2026-01-31T05:48:10Z</time>
   </trkpt>
   <trkpt lat="-1.2394620" lon="36.8300640">
    <ele>1687.5</ele>
    <time>2026-01-31T05:48:11Z</time>
   </trkpt>
   <trkpt lat="-1.2394570" lon="36.8300510">
    <ele>1687.6</ele>
    <time>2026-01-31T05:48:12Z</time>
   </trkpt>
   <trkpt lat="-1.2394510" lon="36.8300350">
    <ele>1687.6</ele>
    <time>2026-01-31T05:48:13Z</time>
   </trkpt>
   <trkpt lat="-1.2394440" lon="36.8300070">
    <ele>1687.7</ele>
    <time>2026-01-31T05:48:14Z</time>
   </trkpt>
   <trkpt lat="-1.2394420" lon="36.8299990">
    <ele>1687.7</ele>
    <time>2026-01-31T05:48:15Z</time>
   </trkpt>
   <trkpt lat="-1.2394390" lon="36.8299800">
    <ele>1687.8</ele>
    <time>2026-01-31T05:48:16Z</time>
   </trkpt>
   <trkpt lat="-1.2394370" lon="36.8299670">
    <ele>1687.8</ele>
    <time>2026-01-31T05:48:17Z</time>
   </trkpt>
   <trkpt lat="-1.2394350" lon="36.8299520">
    <ele>1687.8</ele>
    <time>2026-01-31T05:48:18Z</time>
   </trkpt>
   <trkpt lat="-1.2394340" lon="36.8299370">
    <ele>1687.9</ele>
    <time>2026-01-31T05:48:19Z</time>
   </trkpt>
   <trkpt lat="-1.2394320" lon="36.8299200">
    <ele>1687.9</ele>
    <time>2026-01-31T05:48:20Z</time>
   </trkpt>
   <trkpt lat="-1.2394280" lon="36.8299020">
    <ele>1688.0</ele>
    <time>2026-01-31T05:48:21Z</time>
   </trkpt>
   <trkpt lat="-1.2394220" lon="36.8298750">
    <ele>1688.0</ele>
    <time>2026-01-31T05:48:22Z</time>
   </trkpt>
   <trkpt lat="-1.2394200" lon="36.8298670">
    <ele>1688.1</ele>
    <time>2026-01-31T05:48:23Z</time>
   </trkpt>
   <trkpt lat="-1.2394190" lon="36.8298380">
    <ele>1688.1</ele>
    <time>2026-01-31T05:48:24Z</time>
   </trkpt>
   <trkpt lat="-1.2394180" lon="36.8298290">
    <ele>1688.2</ele>
    <time>2026-01-31T05:48:25Z</time>
   </trkpt>
   <trkpt lat="-1.2394130" lon="36.8298170">
    <ele>1688.2</ele>
    <time>2026-01-31T05:48:26Z</time>
   </trkpt>
   <trkpt lat="-1.2394040" lon="36.8298020">
    <ele>1688.2</ele>
    <time>2026-01-31T05:48:27Z</time>
   </trkpt>
   <trkpt lat="-1.2393940" lon="36.8297840">
    <ele>1688.3</ele>
    <time>2026-01-31T05:48:28Z</time>
   </trkpt>
   <trkpt lat="-1.2393870" lon="36.8297730">
    <ele>1688.3</ele>
    <time>2026-01-31T05:48:29Z</time>
   </trkpt>
   <trkpt lat="-1.2393820" lon="36.8297570">
    <ele>1688.4</ele>
    <time>2026-01-31T05:48:30Z</time>
   </trkpt>
   <trkpt lat="-1.2393750" lon="36.8297380">
    <ele>1688.4</ele>
    <time>2026-01-31T05:48:31Z</time>
   </trkpt>
   <trkpt lat="-1.2393680" lon="36.8297260">
    <ele>1688.4</ele>
    <time>2026-01-31T05:48:32Z</time>
   </trkpt>
   <trkpt lat="-1.2393650" lon="36.8297120">
    <ele>1688.5</ele>
    <time>2026-01-31T05:48:33Z</time>
   </trkpt>
   <trkpt lat="-1.2393590" lon="36.8296910">
    <ele>1688.5</ele>
    <time>2026-01-31T05:48:34Z</time>
   </trkpt>
   <trkpt lat="-1.2393540" lon="36.8296780">
    <ele>1688.6</ele>
    <time>2026-01-31T05:48:35Z</time>
   </trkpt>
   <trkpt lat="-1.2393440" lon="36.8296640">
    <ele>1688.6</ele>
    <time>2026-01-31T05:48:36Z</time>
   </trkpt>
   <trkpt lat="-1.2393360" lon="36.8296470">
    <ele>1688.7</ele>
    <time>2026-01-31T05:48:37Z</time>
   </trkpt>
   <trkpt lat="-1.2393270" lon="36.8296360">
    <ele>1688.7</ele>
    <time>2026-01-31T05:48:38Z</time>
   </trkpt>
   <trkpt lat="-1.2393200" lon="36.8296190">
    <ele>1688.7</ele>
    <time>2026-01-31T05:48:39Z</time>
   </trkpt>
   <trkpt lat="-1.2393100" lon="36.8295890">
    <ele>1688.8</ele>
    <time>2026-01-31T05:48:40Z</time>
   </trkpt>
   <trkpt lat="-1.2393060" lon="36.8295800">
    <ele>1688.9</ele>
    <time>2026-01-31T05:48:41Z</time>
   </trkpt>
   <trkpt lat="-1.2392950" lon="36.8295510">
    <ele>1689.0</ele>
    <time>2026-01-31T05:48:42Z</time>
   </trkpt>
   <trkpt lat="-1.2392920" lon="36.8295410">
    <ele>1689.0</ele>
    <time>2026-01-31T05:48:43Z</time>
   </trkpt>
   <trkpt lat="-1.2392870" lon="36.8295140">
    <ele>1689.1</ele>
    <time>2026-01-31T05:48:44Z</time>
   </trkpt>
   <trkpt lat="-1.2392850" lon="36.8295050">
    <ele>1689.1</ele>
    <time>2026-01-31T05:48:45Z</time>
   </trkpt>
   <trkpt lat="-1.2392800" lon="36.8294840">
    <ele>1689.2</ele>
    <time>2026-01-31T05:48:46Z</time>
   </trkpt>
   <trkpt lat="-1.2392770" lon="36.8294700">
    <ele>1689.2</ele>
    <time>2026-01-31T05:48:47Z</time>
   </trkpt>
   <trkpt lat="-1.2392780" lon="36.8294540">
    <ele>1689.3</ele>
    <time>2026-01-31T05:48:48Z</time>
   </trkpt>
   <trkpt lat="-1.2392780" lon="36.8294350">
    <ele>1689.4</ele>
    <time>2026-01-31T05:48:49Z</time>
   </trkpt>
   <trkpt lat="-1.2392800" lon="36.8294160">
    <ele>1689.4</ele>
    <time>2026-01-31T05:48:50Z</time>
   </trkpt>
   <trkpt lat="-1.2392810" lon="36.8294050">
    <ele>1689.5</ele>
    <time>2026-01-31T05:48:51Z</time>
   </trkpt>
   <trkpt lat="-1.2392810" lon="36.8293950">
    <ele>1689.5</ele>
    <time>2026-01-31T05:48:52Z</time>
   </trkpt>
   <trkpt lat="-1.2392820" lon="36.8293780">
    <ele>1689.6</ele>
    <time>2026-01-31T05:48:53Z</time>
   </trkpt>
   <trkpt lat="-1.2392800" lon="36.8293590">
    <ele>1689.6</ele>
    <time>2026-01-31T05:48:54Z</time>
   </trkpt>
   <trkpt lat="-1.2392770" lon="36.8293290">
    <ele>1689.7</ele>
    <time>2026-01-31T05:48:55Z</time>
   </trkpt>
   <trkpt lat="-1.2392740" lon="36.8293210">
    <ele>1689.8</ele>
    <time>2026-01-31T05:48:56Z</time>
   </trkpt>
   <trkpt lat="-1.2392700" lon="36.8292920">
    <ele>1689.9</ele>
    <time>2026-01-31T05:48:57Z</time>
   </trkpt>
   <trkpt lat="-1.2392690" lon="36.8292820">
    <ele>1689.9</ele>
    <time>2026-01-31T05:48:58Z</time>
   </trkpt>
   <trkpt lat="-1.2392590" lon="36.8292540">
    <ele>1690.0</ele>
    <time>2026-01-31T05:48:59Z</time>
   </trkpt>
   <trkpt lat="-1.2392550" lon="36.8292450">
    <ele>1690.0</ele>
    <time>2026-01-31T05:49:00Z</time>
   </trkpt>
   <trkpt lat="-1.2392390" lon="36.8292190">
    <ele>1690.1</ele>
    <time>2026-01-31T05:49:01Z</time>
   </trkpt>
   <trkpt lat="-1.2392340" lon="36.8292120">
    <ele>1690.1</ele>
    <time>2026-01-31T05:49:02Z</time>
   </trkpt>
   <trkpt lat="-1.2392250" lon="36.8291950">
    <ele>1690.2</ele>
    <time>2026-01-31T05:49:03Z</time>
   </trkpt>
   <trkpt lat="-1.2392210" lon="36.8291790">
    <ele>1690.2</ele>
    <time>2026-01-31T05:49:04Z</time>
   </trkpt>
   <trkpt lat="-1.2392110" lon="36.8291530">
    <ele>1690.3</ele>
    <time>2026-01-31T05:49:05Z</time>
   </trkpt>
   <trkpt lat="-1.2392070" lon="36.8291450">
    <ele>1690.4</ele>
    <time>2026-01-31T05:49:06Z</time>
   </trkpt>
   <trkpt lat="-1.2392020" lon="36.8291280">
    <ele>1690.4</ele>
    <time>2026-01-31T05:49:07Z</time>
   </trkpt>
   <trkpt lat="-1.2391990" lon="36.8291120">
    <ele>1690.5</ele>
    <time>2026-01-31T05:49:08Z</time>
   </trkpt>
   <trkpt lat="-1.2391970" lon="36.8290960">
    <ele>1690.5</ele>
    <time>2026-01-31T05:49:09Z</time>
   </trkpt>
   <trkpt lat="-1.2392000" lon="36.8290810">
    <ele>1690.6</ele>
    <time>2026-01-31T05:49:10Z</time>
   </trkpt>
   <trkpt lat="-1.2392010" lon="36.8290630">
    <ele>1690.7</ele>
    <time>2026-01-31T05:49:11Z</time>
   </trkpt>
   <trkpt lat="-1.2392030" lon="36.8290480">
    <ele>1690.7</ele>
    <time>2026-01-31T05:49:12Z</time>
   </trkpt>
   <trkpt lat="-1.2392020" lon="36.8290350">
    <ele>1690.8</ele>
    <time>2026-01-31T05:49:13Z</time>
   </trkpt>
   <trkpt lat="-1.2391990" lon="36.8290200">
    <ele>1690.8</ele>
    <time>2026-01-31T05:49:14Z</time>
   </trkpt>
   <trkpt lat="-1.2391920" lon="36.8290010">
    <ele>1690.9</ele>
    <time>2026-01-31T05:49:15Z</time>
   </trkpt>
   <trkpt lat="-1.2391870" lon="36.8289870">
    <ele>1691.0</ele>
    <time>2026-01-31T05:49:16Z</time>
   </trkpt>
   <trkpt lat="-1.2391830" lon="36.8289710">
    <ele>1691.0</ele>
    <time>2026-01-31T05:49:17Z</time>
   </trkpt>
   <trkpt lat="-1.2391800" lon="36.8289570">
    <ele>1691.1</ele>
    <time>2026-01-31T05:49:18Z</time>
   </trkpt>
   <trkpt lat="-1.2391780" lon="36.8289430">
    <ele>1691.1</ele>
    <time>2026-01-31T05:49:19Z</time>
   </trkpt>
   <trkpt lat="-1.2391780" lon="36.8289240">
    <ele>1691.2</ele>
    <time>2026-01-31T05:49:20Z</time>
   </trkpt>
   <trkpt lat="-1.2391780" lon="36.8289100">
    <ele>1691.3</ele>
    <time>2026-01-31T05:49:21Z</time>
   </trkpt>
   <trkpt lat="-1.2391750" lon="36.8288950">
    <ele>1691.3</ele>
    <time>2026-01-31T05:49:22Z</time>
   </trkpt>
   <trkpt lat="-1.2391670" lon="36.8288670">
    <ele>1691.4</ele>
    <time>2026-01-31T05:49:23Z</time>
   </trkpt>
   <trkpt lat="-1.2391630" lon="36.8288580">
    <ele>1691.5</ele>
    <time>2026-01-31T05:49:24Z</time>
   </trkpt>
   <trkpt lat="-1.2391560" lon="36.8288290">
    <ele>1691.6</ele>
    <time>2026-01-31T05:49:25Z</time>
   </trkpt>
   <trkpt lat="-1.2391550" lon="36.8288190">
    <ele>1691.6</ele>
    <time>2026-01-31T05:49:26Z</time>
   </trkpt>
   <trkpt lat="-1.2391540" lon="36.8287900">
    <ele>1691.7</ele>
    <time>2026-01-31T05:49:27Z</time>
   </trkpt>
   <trkpt lat="-1.2391540" lon="36.8287800">
    <ele>1691.7</ele>
    <time>2026-01-31T05:49:28Z</time>
   </trkpt>
   <trkpt lat="-1.2391510" lon="36.8287490">
    <ele>1691.9</ele>
    <time>2026-01-31T05:49:29Z</time>
   </trkpt>
   <trkpt lat="-1.2391480" lon="36.8287400">
    <ele>1691.9</ele>
    <time>2026-01-31T05:49:30Z</time>
   </trkpt>
   <trkpt lat="-1.2391410" lon="36.8287240">
    <ele>1692.0</ele>
    <time>2026-01-31T05:49:31Z</time>
   </trkpt>
   <trkpt lat="-1.2391390" lon="36.8287140">
    <ele>1692.0</ele>
    <time>2026-01-31T05:49:32Z</time>
   </trkpt>
   <trkpt lat="-1.2391370" lon="36.8287010">
    <ele>1692.0</ele>
    <time>2026-01-31T05:49:33Z</time>
   </trkpt>
   <trkpt lat="-1.2391320" lon="36.8286840">
    <ele>1692.1</ele>
    <time>2026-01-31T05:49:34Z</time>
   </trkpt>
   <trkpt lat="-1.2391290" lon="36.8286640">
    <ele>1692.2</ele>
    <time>2026-01-31T05:49:35Z</time>
   </trkpt>
   <trkpt lat="-1.2391310" lon="36.8286480">
    <ele>1692.2</ele>
    <time>2026-01-31T05:49:36Z</time>
   </trkpt>
   <trkpt lat="-1.2391330" lon="36.8286290">
    <ele>1692.3</ele>
    <time>2026-01-31T05:49:37Z</time>
   </trkpt>
   <trkpt lat="-1.2391350" lon="36.8286140">
    <ele>1692.4</ele>
    <time>2026-01-31T05:49:38Z</time>
   </trkpt>
   <trkpt lat="-1.2391340" lon="36.8285990">
    <ele>1692.4</ele>
    <time>2026-01-31T05:49:39Z</time>
   </trkpt>
   <trkpt lat="-1.2391330" lon="36.8285800">
    <ele>1692.5</ele>
    <time>2026-01-31T05:49:40Z</time>
   </trkpt>
   <trkpt lat="-1.2391350" lon="36.8285610">
    <ele>1692.6</ele>
    <time>2026-01-31T05:49:41Z</time>
   </trkpt>
   <trkpt lat="-1.2391350" lon="36.8285450">
    <ele>1692.6</ele>
    <time>2026-01-31T05:49:42Z</time>
   </trkpt>
   <trkpt lat="-1.2391300" lon="36.8285200">
    <ele>1692.7</ele>
    <time>2026-01-31T05:49:43Z</time>
   </trkpt>
   <trkpt lat="-1.2391280" lon="36.8285120">
    <ele>1692.7</ele>
    <time>2026-01-31T05:49:44Z</time>
   </trkpt>
   <trkpt lat="-1.2391250" lon="36.8285040">
    <ele>1692.8</ele>
    <time>2026-01-31T05:49:45Z</time>
   </trkpt>
   <trkpt lat="-1.2391200" lon="36.8284750">
    <ele>1692.9</ele>
    <time>2026-01-31T05:49:46Z</time>
   </trkpt>
   <trkpt lat="-1.2391190" lon="36.8284670">
    <ele>1692.9</ele>
    <time>2026-01-31T05:49:47Z</time>
   </trkpt>
   <trkpt lat="-1.2391140" lon="36.8284340">
    <ele>1693.0</ele>
    <time>2026-01-31T05:49:48Z</time>
   </trkpt>
   <trkpt lat="-1.2391120" lon="36.8284190">
    <ele>1693.1</ele>
    <time>2026-01-31T05:49:49Z</time>
   </trkpt>
   <trkpt lat="-1.2391110" lon="36.8284010">
    <ele>1693.1</ele>
    <time>2026-01-31T05:49:50Z</time>
   </trkpt>
   <trkpt lat="-1.2391100" lon="36.8283890">
    <ele>1693.2</ele>
    <time>2026-01-31T05:49:51Z</time>
   </trkpt>
   <trkpt lat="-1.2391090" lon="36.8283780">
    <ele>1693.2</ele>
    <time>2026-01-31T05:49:52Z</time>
   </trkpt>
   <trkpt lat="-1.2391020" lon="36.8283580">
    <ele>1693.2</ele>
    <time>2026-01-31T05:49:53Z</time>
   </trkpt>
   <trkpt lat="-1.2390990" lon="36.8283480">
    <ele>1693.3</ele>
    <time>2026-01-31T05:49:54Z</time>
   </trkpt>
   <trkpt lat="-1.2390970" lon="36.8283370">
    <ele>1693.3</ele>
    <time>2026-01-31T05:49:55Z</time>
   </trkpt>
   <trkpt lat="-1.2390920" lon="36.8283220">
    <ele>1693.4</ele>
    <time>2026-01-31T05:49:56Z</time>
   </trkpt>
   <trkpt lat="-1.2390850" lon="36.8283070">
    <ele>1693.4</ele>
    <time>2026-01-31T05:49:57Z</time>
   </trkpt>
   <trkpt lat="-1.2390800" lon="36.8282880">
    <ele>1693.5</ele>
    <time>2026-01-31T05:49:58Z</time>
   </trkpt>
   <trkpt lat="-1.2390750" lon="36.8282740">
    <ele>1693.5</ele>
    <time>2026-01-31T05:49:59Z</time>
   </trkpt>
   <trkpt lat="-1.2390700" lon="36.8282440">
    <ele>1693.6</ele>
    <time>2026-01-31T05:50:00Z</time>
   </trkpt>
   <trkpt lat="-1.2390680" lon="36.8282340">
    <ele>1693.6</ele>
    <time>2026-01-31T05:50:01Z</time>
   </trkpt>
   <trkpt lat="-1.2390680" lon="36.8282160">
    <ele>1693.7</ele>
    <time>2026-01-31T05:50:02Z</time>
   </trkpt>
   <trkpt lat="-1.2390680" lon="36.8281990">
    <ele>1693.7</ele>
    <time>2026-01-31T05:50:03Z</time>
   </trkpt>
   <trkpt lat="-1.2390650" lon="36.8281790">
    <ele>1693.8</ele>
    <time>2026-01-31T05:50:04Z</time>
   </trkpt>
   <trkpt lat="-1.2390640" lon="36.8281650">
    <ele>1693.8</ele>
    <time>2026-01-31T05:50:05Z</time>
   </trkpt>
   <trkpt lat="-1.2390620" lon="36.8281360">
    <ele>1693.9</ele>
    <time>2026-01-31T05:50:06Z</time>
   </trkpt>
   <trkpt lat="-1.2390600" lon="36.8281260">
    <ele>1693.9</ele>
    <time>2026-01-31T05:50:07Z</time>
   </trkpt>
   <trkpt lat="-1.2390610" lon="36.8281130">
    <ele>1693.9</ele>
    <time>2026-01-31T05:50:08Z</time>
   </trkpt>
   <trkpt lat="-1.2390600" lon="36.8280960">
    <ele>1694.0</ele>
    <time>2026-01-31T05:50:09Z</time>
   </trkpt>
   <trkpt lat="-1.2390570" lon="36.8280650">
    <ele>1694.1</ele>
    <time>2026-01-31T05:50:10Z</time>
   </trkpt>
   <trkpt lat="-1.2390560" lon="36.8280550">
    <ele>1694.1</ele>
    <time>2026-01-31T05:50:11Z</time>
   </trkpt>
   <trkpt lat="-1.2390500" lon="36.8280230">
    <ele>1694.2</ele>
    <time>2026-01-31T05:50:12Z</time>
   </trkpt>
   <trkpt lat="-1.2390490" lon="36.8280150">
    <ele>1694.2</ele>
    <time>2026-01-31T05:50:13Z</time>
   </trkpt>
   <trkpt lat="-1.2390480" lon="36.8279880">
    <ele>1694.3</ele>
    <time>2026-01-31T05:50:14Z</time>
   </trkpt>
   <trkpt lat="-1.2390460" lon="36.8279780">
    <ele>1694.3</ele>
    <time>2026-01-31T05:50:15Z</time>
   </trkpt>
   <trkpt lat="-1.2390390" lon="36.8279610">
    <ele>1694.4</ele>
    <time>2026-01-31T05:50:16Z</time>
   </trkpt>
   <trkpt lat="-1.2390370" lon="36.8279440">
    <ele>1694.4</ele>
    <time>2026-01-31T05:50:17Z</time>
   </trkpt>
   <trkpt lat="-1.2390340" lon="36.8279200">
    <ele>1694.5</ele>
    <time>2026-01-31T05:50:18Z</time>
   </trkpt>
   <trkpt lat="-1.2390330" lon="36.8279130">
    <ele>1694.5</ele>
    <time>2026-01-31T05:50:19Z</time>
   </trkpt>
   <trkpt lat="-1.2390320" lon="36.8279060">
    <ele>1694.5</ele>
    <time>2026-01-31T05:50:20Z</time>
   </trkpt>
   <trkpt lat="-1.2390270" lon="36.8278890">
    <ele>1694.6</ele>
    <time>2026-01-31T05:50:21Z</time>
   </trkpt>
   <trkpt lat="-1.2390230" lon="36.8278720">
    <ele>1694.6</ele>
    <time>2026-01-31T05:50:22Z</time>
   </trkpt>
   <trkpt lat="-1.2390230" lon="36.8278450">
    <ele>1694.7</ele>
    <time>2026-01-31T05:50:23Z</time>
   </trkpt>
   <trkpt lat="-1.2390230" lon="36.8278340">
    <ele>1694.7</ele>
    <time>2026-01-31T05:50:24Z</time>
   </trkpt>
   <trkpt lat="-1.2390260" lon="36.8278130">
    <ele>1694.8</ele>
    <time>2026-01-31T05:50:25Z</time>
   </trkpt>
   <trkpt lat="-1.2390290" lon="36.8278010">
    <ele>1694.9</ele>
    <time>2026-01-31T05:50:26Z</time>
   </trkpt>
   <trkpt lat="-1.2390320" lon="36.8277890">
    <ele>1694.9</ele>
    <time>2026-01-31T05:50:27Z</time>
   </trkpt>
   <trkpt lat="-1.2390400" lon="36.8277770">
    <ele>1694.9</ele>
    <time>2026-01-31T05:50:28Z</time>
   </trkpt>
   <trkpt lat="-1.2390460" lon="36.8277590">
    <ele>1695.0</ele>
    <time>2026-01-31T05:50:29Z</time>
   </trkpt>
   <trkpt lat="-1.2390470" lon="36.8277430">
    <ele>1695.1</ele>
    <time>2026-01-31T05:50:30Z</time>
   </trkpt>
   <trkpt lat="-1.2390460" lon="36.8277240">
    <ele>1695.1</ele>
    <time>2026-01-31T05:50:31Z</time>
   </trkpt>
   <trkpt lat="-1.2390490" lon="36.8277040">
    <ele>1695.2</ele>
    <time>2026-01-31T05:50:32Z</time>
   </trkpt>
   <trkpt lat="-1.2390460" lon="36.8276880">
    <ele>1695.3</ele>
    <time>2026-01-31T05:50:33Z</time>
   </trkpt>
   <trkpt lat="-1.2390440" lon="36.8276740">
    <ele>1695.3</ele>
    <time>2026-01-31T05:50:34Z</time>
   </trkpt>
   <trkpt lat="-1.2390430" lon="36.8276580">
    <ele>1695.4</ele>
    <time>2026-01-31T05:50:35Z</time>
   </trkpt>
   <trkpt lat="-1.2390370" lon="36.8276530">
    <ele>1695.4</ele>
    <time>2026-01-31T05:50:36Z</time>
   </trkpt>
   <trkpt lat="-1.2390330" lon="36.8276430">
    <ele>1695.4</ele>
    <time>2026-01-31T05:50:37Z</time>
   </trkpt>
   <trkpt lat="-1.2390300" lon="36.8276310">
    <ele>1695.5</ele>
    <time>2026-01-31T05:50:38Z</time>
   </trkpt>
   <trkpt lat="-1.2390250" lon="36.8276180">
    <ele>1695.5</ele>
    <time>2026-01-31T05:50:39Z</time>
   </trkpt>
   <trkpt lat="-1.2390220" lon="36.8276040">
    <ele>1695.6</ele>
    <time>2026-01-31T05:50:40Z</time>
   </trkpt>
   <trkpt lat="-1.2390120" lon="36.8275950">
    <ele>1695.6</ele>
    <time>2026-01-31T05:50:41Z</time>
   </trkpt>
   <trkpt lat="-1.2390080" lon="36.8275800">
    <ele>1695.7</ele>
    <time>2026-01-31T05:50:42Z</time>
   </trkpt>
   <trkpt lat="-1.2390030" lon="36.8275580">
    <ele>1695.7</ele>
    <time>2026-01-31T05:50:43Z</time>
   </trkpt>
   <trkpt lat="-1.2390000" lon="36.8275490">
    <ele>1695.8</ele>
    <time>2026-01-31T05:50:44Z</time>
   </trkpt>
   <trkpt lat="-1.2389980" lon="36.8275410">
    <ele>1695.8</ele>
    <time>2026-01-31T05:50:45Z</time>
   </trkpt>
   <trkpt lat="-1.2389950" lon="36.8275260">
    <ele>1695.8</ele>
    <time>2026-01-31T05:50:46Z</time>
   </trkpt>
   <trkpt lat="-1.2390010" lon="36.8275000">
    <ele>1695.9</ele>
    <time>2026-01-31T05:50:48Z</time>
   </trkpt>
   <trkpt lat="-1.2390080" lon="36.8274930">
    <ele>1695.9</ele>
    <time>2026-01-31T05:50:49Z</time>
   </trkpt>
   <trkpt lat="-1.2390120" lon="36.8274790">
    <ele>1696.0</ele>
    <time>2026-01-31T05:50:50Z</time>
   </trkpt>
   <trkpt lat="-1.2390130" lon="36.8274620">
    <ele>1696.0</ele>
    <time>2026-01-31T05:50:51Z</time>
   </trkpt>
   <trkpt lat="-1.2390180" lon="36.8274470">
    <ele>1696.0</ele>
    <time>2026-01-31T05:50:52Z</time>
   </trkpt>
   <trkpt lat="-1.2390180" lon="36.8274260">
    <ele>1696.1</ele>
    <time>2026-01-31T05:50:53Z</time>
   </trkpt>
   <trkpt lat="-1.2390190" lon="36.8274170">
    <ele>1696.1</ele>
    <time>2026-01-31T05:50:54Z</time>
   </trkpt>
   <trkpt lat="-1.2390200" lon="36.8274070">
    <ele>1696.1</ele>
    <time>2026-01-31T05:50:55Z</time>
   </trkpt>
   <trkpt lat="-1.2390170" lon="36.8273930">
    <ele>1696.2</ele>
    <time>2026-01-31T05:50:56Z</time>
   </trkpt>
   <trkpt lat="-1.2390150" lon="36.8273760">
    <ele>1696.2</ele>
    <time>2026-01-31T05:50:57Z</time>
   </trkpt>
   <trkpt lat="-1.2390140" lon="36.8273630">
    <ele>1696.2</ele>
    <time>2026-01-31T05:50:58Z</time>
   </trkpt>
   <trkpt lat="-1.2390140" lon="36.8273480">
    <ele>1696.3</ele>
    <time>2026-01-31T05:50:59Z</time>
   </trkpt>
   <trkpt lat="-1.2390100" lon="36.8273180">
    <ele>1696.3</ele>
    <time>2026-01-31T05:51:00Z</time>
   </trkpt>
   <trkpt lat="-1.2390090" lon="36.8273070">
    <ele>1696.3</ele>
    <time>2026-01-31T05:51:01Z</time>
   </trkpt>
   <trkpt lat="-1.2390080" lon="36.8272720">
    <ele>1696.4</ele>
    <time>2026-01-31T05:51:02Z</time>
   </trkpt>
   <trkpt lat="-1.2390070" lon="36.8272590">
    <ele>1696.4</ele>
    <time>2026-01-31T05:51:03Z</time>
   </trkpt>
   <trkpt lat="-1.2390090" lon="36.8272270">
    <ele>1696.5</ele>
    <time>2026-01-31T05:51:04Z</time>
   </trkpt>
   <trkpt lat="-1.2390090" lon="36.8272150">
    <ele>1696.5</ele>
    <time>2026-01-31T05:51:05Z</time>
   </trkpt>
   <trkpt lat="-1.2390090" lon="36.8271810">
    <ele>1696.6</ele>
    <time>2026-01-31T05:51:06Z</time>
   </trkpt>
   <trkpt lat="-1.2390080" lon="36.8271690">
    <ele>1696.6</ele>
    <time>2026-01-31T05:51:07Z</time>
   </trkpt>
   <trkpt lat="-1.2390050" lon="36.8271350">
    <ele>1696.7</ele>
    <time>2026-01-31T05:51:08Z</time>
   </trkpt>
   <trkpt lat="-1.2390040" lon="36.8271240">
    <ele>1696.7</ele>
    <time>2026-01-31T05:51:09Z</time>
   </trkpt>
   <trkpt lat="-1.2389940" lon="36.8270940">
    <ele>1696.7</ele>
    <time>2026-01-31T05:51:10Z</time>
   </trkpt>
   <trkpt lat="-1.2389910" lon="36.8270840">
    <ele>1696.7</ele>
    <time>2026-01-31T05:51:11Z</time>
   </trkpt>
   <trkpt lat="-1.2389970" lon="36.8270490">
    <ele>1696.8</ele>
    <time>2026-01-31T05:51:12Z</time>
   </trkpt>
   <trkpt lat="-1.2389990" lon="36.8270380">
    <ele>1696.8</ele>
    <time>2026-01-31T05:51:13Z</time>
   </trkpt>
   <trkpt lat="-1.2390020" lon="36.8270070">
    <ele>1696.8</ele>
    <time>2026-01-31T05:51:14Z</time>
   </trkpt>
   <trkpt lat="-1.2390010" lon="36.8269970">
    <ele>1696.8</ele>
    <time>2026-01-31T05:51:15Z</time>
   </trkpt>
   <trkpt lat="-1.2389970" lon="36.8269640">
    <ele>1696.9</ele>
    <time>2026-01-31T05:51:16Z</time>
   </trkpt>
   <trkpt lat="-1.2389960" lon="36.8269520">
    <ele>1696.9</ele>
    <time>2026-01-31T05:51:17Z</time>
   </trkpt>
   <trkpt lat="-1.2389990" lon="36.8269240">
    <ele>1696.9</ele>
    <time>2026-01-31T05:51:18Z</time>
   </trkpt>
   <trkpt lat="-1.2390010" lon="36.8269130">
    <ele>1696.9</ele>
    <time>2026-01-31T05:51:19Z</time>
   </trkpt>
   <trkpt lat="-1.2390070" lon="36.8268850">
    <ele>1697.0</ele>
    <time>2026-01-31T05:51:20Z</time>
   </trkpt>
   <trkpt lat="-1.2390080" lon="36.8268760">
    <ele>1697.0</ele>
    <time>2026-01-31T05:51:21Z</time>
   </trkpt>
   <trkpt lat="-1.2390110" lon="36.8268490">
    <ele>1697.0</ele>
    <time>2026-01-31T05:51:22Z</time>
   </trkpt>
   <trkpt lat="-1.2390120" lon="36.8268380">
    <ele>1697.0</ele>
    <time>2026-01-31T05:51:23Z</time>
   </trkpt>
   <trkpt lat="-1.2390080" lon="36.8268210">
    <ele>1697.1</ele>
    <time>2026-01-31T05:51:24Z</time>
   </trkpt>
   <trkpt lat="-1.2390050" lon="36.8268060">
    <ele>1697.1</ele>
    <time>2026-01-31T05:51:25Z</time>
   </trkpt>
   <trkpt lat="-1.2390010" lon="36.8267770">
    <ele>1697.1</ele>
    <time>2026-01-31T05:51:26Z</time>
   </trkpt>
   <trkpt lat="-1.2390000" lon="36.8267670">
    <ele>1697.1</ele>
    <time>2026-01-31T05:51:27Z</time>
   </trkpt>
   <trkpt lat="-1.2389990" lon="36.8267360">
    <ele>1697.1</ele>
    <time>2026-01-31T05:51:28Z</time>
   </trkpt>
   <trkpt lat="-1.2389990" lon="36.8267260">
    <ele>1697.2</ele>
    <time>2026-01-31T05:51:29Z</time>
   </trkpt>
   <trkpt lat="-1.2390070" lon="36.8266970">
    <ele>1697.2</ele>
    <time>2026-01-31T05:51:30Z</time>
   </trkpt>
   <trkpt lat="-1.2390090" lon="36.8266870">
    <ele>1697.2</ele>
    <time>2026-01-31T05:51:31Z</time>
   </trkpt>
   <trkpt lat="-1.2390170" lon="36.8266590">
    <ele>1697.2</ele>
    <time>2026-01-31T05:51:32Z</time>
   </trkpt>
   <trkpt lat="-1.2390170" lon="36.8266490">
    <ele>1697.2</ele>
    <time>2026-01-31T05:51:33Z</time>
   </trkpt>
   <trkpt lat="-1.2390180" lon="36.8266160">
    <ele>1697.3</ele>
    <time>2026-01-31T05:51:34Z</time>
   </trkpt>
   <trkpt lat="-1.2390180" lon="36.8266010">
    <ele>1697.3</ele>
    <time>2026-01-31T05:51:35Z</time>
   </trkpt>
   <trkpt lat="-1.2390100" lon="36.8265940">
    <ele>1697.3</ele>
    <time>2026-01-31T05:51:36Z</time>
   </trkpt>
   <trkpt lat="-1.2390020" lon="36.8265800">
    <ele>1697.3</ele>
    <time>2026-01-31T05:51:37Z</time>
   </trkpt>
   <trkpt lat="-1.2390040" lon="36.8265630">
    <ele>1697.3</ele>
    <time>2026-01-31T05:51:38Z</time>
   </trkpt>
   <trkpt lat="-1.2390050" lon="36.8265450">
    <ele>1697.3</ele>
    <time>2026-01-31T05:51:39Z</time>
   </trkpt>
   <trkpt lat="-1.2390010" lon="36.8265170">
    <ele>1697.4</ele>
    <time>2026-01-31T05:51:40Z</time>
   </trkpt>
   <trkpt lat="-1.2389960" lon="36.8265080">
    <ele>1697.4</ele>
    <time>2026-01-31T05:51:41Z</time>
   </trkpt>
   <trkpt lat="-1.2389820" lon="36.8264750">
    <ele>1697.4</ele>
    <time>2026-01-31T05:51:42Z</time>
   </trkpt>
   <trkpt lat="-1.2389780" lon="36.8264650">
    <ele>1697.4</ele>
    <time>2026-01-31T05:51:43Z</time>
   </trkpt>
   <trkpt lat="-1.2389720" lon="36.8264350">
    <ele>1697.5</ele>
    <time>2026-01-31T05:51:44Z</time>
   </trkpt>
   <trkpt lat="-1.2389680" lon="36.8264270">
    <ele>1697.5</ele>
    <time>2026-01-31T05:51:45Z</time>
   </trkpt>
   <trkpt lat="-1.2389600" lon="36.8264000">
    <ele>1697.5</ele>
    <time>2026-01-31T05:51:46Z</time>
   </trkpt>
   <trkpt lat="-1.2389570" lon="36.8263910">
    <ele>1697.6</ele>
    <time>2026-01-31T05:51:47Z</time>
   </trkpt>
   <trkpt lat="-1.2389480" lon="36.8263650">
    <ele>1697.6</ele>
    <time>2026-01-31T05:51:48Z</time>
   </trkpt>
   <trkpt lat="-1.2389460" lon="36.8263550">
    <ele>1697.6</ele>
    <time>2026-01-31T05:51:49Z</time>
   </trkpt>
   <trkpt lat="-1.2389400" lon="36.8263240">
    <ele>1697.7</ele>
    <time>2026-01-31T05:51:50Z</time>
   </trkpt>
   <trkpt lat="-1.2389360" lon="36.8263180">
    <ele>1697.7</ele>
    <time>2026-01-31T05:51:51Z</time>
   </trkpt>
   <trkpt lat="-1.2389250" lon="36.8262920">
    <ele>1697.7</ele>
    <time>2026-01-31T05:51:52Z</time>
   </trkpt>
   <trkpt lat="-1.2389210" lon="36.8262830">
    <ele>1697.7</ele>
    <time>2026-01-31T05:51:53Z</time>
   </trkpt>
   <trkpt lat="-1.2389160" lon="36.8262540">
    <ele>1697.8</ele>
    <time>2026-01-31T05:51:54Z</time>
   </trkpt>
   <trkpt lat="-1.2389150" lon="36.8262450">
    <ele>1697.8</ele>
    <time>2026-01-31T05:51:55Z</time>
   </trkpt>
   <trkpt lat="-1.2389080" lon="36.8262140">
    <ele>1697.8</ele>
    <time>2026-01-31T05:51:56Z</time>
   </trkpt>
   <trkpt lat="-1.2389050" lon="36.8262030">
    <ele>1697.8</ele>
    <time>2026-01-31T05:51:57Z</time>
   </trkpt>
   <trkpt lat="-1.2388990" lon="36.8261760">
    <ele>1697.8</ele>
    <time>2026-01-31T05:51:58Z</time>
   </trkpt>
   <trkpt lat="-1.2388970" lon="36.8261670">
    <ele>1697.8</ele>
    <time>2026-01-31T05:51:59Z</time>
   </trkpt>
   <trkpt lat="-1.2388940" lon="36.8261370">
    <ele>1697.9</ele>
    <time>2026-01-31T05:52:00Z</time>
   </trkpt>
   <trkpt lat="-1.2388930" lon="36.8261260">
    <ele>1697.9</ele>
    <time>2026-01-31T05:52:01Z</time>
   </trkpt>
   <trkpt lat="-1.2389030" lon="36.8261120">
    <ele>1697.9</ele>
    <time>2026-01-31T05:52:02Z</time>
   </trkpt>
   <trkpt lat="-1.2389080" lon="36.8260980">
    <ele>1697.9</ele>
    <time>2026-01-31T05:52:03Z</time>
   </trkpt>
   <trkpt lat="-1.2389070" lon="36.8260800">
    <ele>1697.9</ele>
    <time>2026-01-31T05:52:04Z</time>
   </trkpt>
   <trkpt lat="-1.2389030" lon="36.8260640">
    <ele>1697.9</ele>
    <time>2026-01-31T05:52:05Z</time>
   </trkpt>
   <trkpt lat="-1.2389020" lon="36.8260370">
    <ele>1698.0</ele>
    <time>2026-01-31T05:52:06Z</time>
   </trkpt>
   <trkpt lat="-1.2389020" lon="36.8260270">
    <ele>1698.0</ele>
    <time>2026-01-31T05:52:07Z</time>
   </trkpt>
   <trkpt lat="-1.2389060" lon="36.8260100">
    <ele>1698.0</ele>
    <time>2026-01-31T05:52:08Z</time>
   </trkpt>
   <trkpt lat="-1.2389070" lon="36.8259920">
    <ele>1698.0</ele>
    <time>2026-01-31T05:52:09Z</time>
   </trkpt>
   <trkpt lat="-1.2389060" lon="36.8259650">
    <ele>1698.0</ele>
    <time>2026-01-31T05:52:10Z</time>
   </trkpt>
   <trkpt lat="-1.2389050" lon="36.8259540">
    <ele>1698.0</ele>
    <time>2026-01-31T05:52:11Z</time>
   </trkpt>
   <trkpt lat="-1.2389040" lon="36.8259390">
    <ele>1698.1</ele>
    <time>2026-01-31T05:52:12Z</time>
   </trkpt>
   <trkpt lat="-1.2389070" lon="36.8259210">
    <ele>1698.1</ele>
    <time>2026-01-31T05:52:13Z</time>
   </trkpt>
   <trkpt lat="-1.2389050" lon="36.8258920">
    <ele>1698.1</ele>
    <time>2026-01-31T05:52:14Z</time>
   </trkpt>
   <trkpt lat="-1.2389030" lon="36.8258840">
    <ele>1698.1</ele>
    <time>2026-01-31T05:52:15Z</time>
   </trkpt>
   <trkpt lat="-1.2388990" lon="36.8258560">
    <ele>1698.1</ele>
    <time>2026-01-31T05:52:16Z</time>
   </trkpt>
   <trkpt lat="-1.2388960" lon="36.8258460">
    <ele>1698.1</ele>
    <time>2026-01-31T05:52:17Z</time>
   </trkpt>
   <trkpt lat="-1.2388870" lon="36.8258130">
    <ele>1698.2</ele>
    <time>2026-01-31T05:52:18Z</time>
   </trkpt>
   <trkpt lat="-1.2388830" lon="36.8258020">
    <ele>1698.2</ele>
    <time>2026-01-31T05:52:19Z</time>
   </trkpt>
   <trkpt lat="-1.2388820" lon="36.8257680">
    <ele>1698.2</ele>
    <time>2026-01-31T05:52:20Z</time>
   </trkpt>
   <trkpt lat="-1.2388830" lon="36.8257570">
    <ele>1698.2</ele>
    <time>2026-01-31T05:52:21Z</time>
   </trkpt>
   <trkpt lat="-1.2388810" lon="36.8257290">
    <ele>1698.2</ele>
    <time>2026-01-31T05:52:22Z</time>
   </trkpt>
   <trkpt lat="-1.2388790" lon="36.8257190">
    <ele>1698.2</ele>
    <time>2026-01-31T05:52:23Z</time>
   </trkpt>
   <trkpt lat="-1.2388750" lon="36.8256990">
    <ele>1698.2</ele>
    <time>2026-01-31T05:52:24Z</time>
   </trkpt>
   <trkpt lat="-1.2388720" lon="36.8256840">
    <ele>1698.3</ele>
    <time>2026-01-31T05:52:25Z</time>
   </trkpt>
   <trkpt lat="-1.2388710" lon="36.8256540">
    <ele>1698.3</ele>
    <time>2026-01-31T05:52:26Z</time>
   </trkpt>
   <trkpt lat="-1.2388710" lon="36.8256410">
    <ele>1698.3</ele>
    <time>2026-01-31T05:52:27Z</time>
   </trkpt>
   <trkpt lat="-1.2388710" lon="36.8256230">
    <ele>1698.3</ele>
    <time>2026-01-31T05:52:28Z</time>
   </trkpt>
   <trkpt lat="-1.2388720" lon="36.8256140">
    <ele>1698.3</ele>
    <time>2026-01-31T05:52:29Z</time>
   </trkpt>
   <trkpt lat="-1.2388720" lon="36.8256040">
    <ele>1698.3</ele>
    <time>2026-01-31T05:52:30Z</time>
   </trkpt>
   <trkpt lat="-1.2388680" lon="36.8255730">
    <ele>1698.3</ele>
    <time>2026-01-31T05:52:31Z</time>
   </trkpt>
   <trkpt lat="-1.2388650" lon="36.8255640">
    <ele>1698.3</ele>
    <time>2026-01-31T05:52:32Z</time>
   </trkpt>
   <trkpt lat="-1.2388620" lon="36.8255340">
    <ele>1698.3</ele>
    <time>2026-01-31T05:52:33Z</time>
   </trkpt>
   <trkpt lat="-1.2388610" lon="36.8255230">
    <ele>1698.3</ele>
    <time>2026-01-31T05:52:34Z</time>
   </trkpt>
   <trkpt lat="-1.2388600" lon="36.8255050">
    <ele>1698.3</ele>
    <time>2026-01-31T05:52:35Z</time>
   </trkpt>
   <trkpt lat="-1.2388590" lon="36.8254880">
    <ele>1698.3</ele>
    <time>2026-01-31T05:52:36Z</time>
   </trkpt>
   <trkpt lat="-1.2388580" lon="36.8254690">
    <ele>1698.3</ele>
    <time>2026-01-31T05:52:37Z</time>
   </trkpt>
   <trkpt lat="-1.2388620" lon="36.8254530">
    <ele>1698.3</ele>
    <time>2026-01-31T05:52:38Z</time>
   </trkpt>
   <trkpt lat="-1.2388640" lon="36.8254350">
    <ele>1698.2</ele>
    <time>2026-01-31T05:52:39Z</time>
   </trkpt>
   <trkpt lat="-1.2388650" lon="36.8254190">
    <ele>1698.2</ele>
    <time>2026-01-31T05:52:40Z</time>
   </trkpt>
   <trkpt lat="-1.2388670" lon="36.8253990">
    <ele>1698.2</ele>
    <time>2026-01-31T05:52:41Z</time>
   </trkpt>
   <trkpt lat="-1.2388620" lon="36.8253830">
    <ele>1698.2</ele>
    <time>2026-01-31T05:52:42Z</time>
   </trkpt>
   <trkpt lat="-1.2388540" lon="36.8253540">
    <ele>1698.2</ele>
    <time>2026-01-31T05:52:43Z</time>
   </trkpt>
   <trkpt lat="-1.2388510" lon="36.8253450">
    <ele>1698.2</ele>
    <time>2026-01-31T05:52:44Z</time>
   </trkpt>
   <trkpt lat="-1.2388360" lon="36.8253130">
    <ele>1698.1</ele>
    <time>2026-01-31T05:52:45Z</time>
   </trkpt>
   <trkpt lat="-1.2388320" lon="36.8253030">
    <ele>1698.1</ele>
    <time>2026-01-31T05:52:46Z</time>
   </trkpt>
   <trkpt lat="-1.2388240" lon="36.8252700">
    <ele>1698.0</ele>
    <time>2026-01-31T05:52:47Z</time>
   </trkpt>
   <trkpt lat="-1.2388210" lon="36.8252590">
    <ele>1698.0</ele>
    <time>2026-01-31T05:52:48Z</time>
   </trkpt>
   <trkpt lat="-1.2388170" lon="36.8252290">
    <ele>1697.9</ele>
    <time>2026-01-31T05:52:49Z</time>
   </trkpt>
   <trkpt lat="-1.2388160" lon="36.8252190">
    <ele>1697.9</ele>
    <time>2026-01-31T05:52:50Z</time>
   </trkpt>
   <trkpt lat="-1.2388170" lon="36.8251870">
    <ele>1697.8</ele>
    <time>2026-01-31T05:52:51Z</time>
   </trkpt>
   <trkpt lat="-1.2388170" lon="36.8251760">
    <ele>1697.8</ele>
    <time>2026-01-31T05:52:52Z</time>
   </trkpt>
   <trkpt lat="-1.2388170" lon="36.8251440">
    <ele>1697.7</ele>
    <time>2026-01-31T05:52:53Z</time>
   </trkpt>
   <trkpt lat="-1.2388170" lon="36.8251340">
    <ele>1697.7</ele>
    <time>2026-01-31T05:52:54Z</time>
   </trkpt>
   <trkpt lat="-1.2388110" lon="36.8251000">
    <ele>1697.6</ele>
    <time>2026-01-31T05:52:55Z</time>
   </trkpt>
   <trkpt lat="-1.2388090" lon="36.8250890">
    <ele>1697.6</ele>
    <time>2026-01-31T05:52:56Z</time>
   </trkpt>
   <trkpt lat="-1.2388100" lon="36.8250540">
    <ele>1697.5</ele>
    <time>2026-01-31T05:52:57Z</time>
   </trkpt>
   <trkpt lat="-1.2388100" lon="36.8250430">
    <ele>1697.5</ele>
    <time>2026-01-31T05:52:58Z</time>
   </trkpt>
   <trkpt lat="-1.2388090" lon="36.8250090">
    <ele>1697.4</ele>
    <time>2026-01-31T05:52:59Z</time>
   </trkpt>
   <trkpt lat="-1.2388080" lon="36.8249980">
    <ele>1697.4</ele>
    <time>2026-01-31T05:53:00Z</time>
   </trkpt>
   <trkpt lat="-1.2388000" lon="36.8249660">
    <ele>1697.3</ele>
    <time>2026-01-31T05:53:01Z</time>
   </trkpt>
   <trkpt lat="-1.2387970" lon="36.8249560">
    <ele>1697.3</ele>
    <time>2026-01-31T05:53:02Z</time>
   </trkpt>
   <trkpt lat="-1.2388060" lon="36.8249260">
    <ele>1697.1</ele>
    <time>2026-01-31T05:53:03Z</time>
   </trkpt>
   <trkpt lat="-1.2388110" lon="36.8249180">
    <ele>1697.1</ele>
    <time>2026-01-31T05:53:04Z</time>
   </trkpt>
   <trkpt lat="-1.2388280" lon="36.8249040">
    <ele>1697.0</ele>
    <time>2026-01-31T05:53:05Z</time>
   </trkpt>
   <trkpt lat="-1.2388340" lon="36.8248980">
    <ele>1696.9</ele>
    <time>2026-01-31T05:53:06Z</time>
   </trkpt>
   <trkpt lat="-1.2388410" lon="36.8248930">
    <ele>1696.9</ele>
    <time>2026-01-31T05:53:07Z</time>
   </trkpt>
   <trkpt lat="-1.2388530" lon="36.8248790">
    <ele>1696.8</ele>
    <time>2026-01-31T05:53:08Z</time>
   </trkpt>
   <trkpt lat="-1.2388730" lon="36.8248810">
    <ele>1696.7</ele>
    <time>2026-01-31T05:53:09Z</time>
   </trkpt>
   <trkpt lat="-1.2389030" lon="36.8248730">
    <ele>1696.5</ele>
    <time>2026-01-31T05:53:10Z</time>
   </trkpt>
   <trkpt lat="-1.2389120" lon="36.8248690">
    <ele>1696.5</ele>
    <time>2026-01-31T05:53:11Z</time>
   </trkpt>
   <trkpt lat="-1.2389500" lon="36.8248650">
    <ele>1696.3</ele>
    <time>2026-01-31T05:53:12Z</time>
   </trkpt>
   <trkpt lat="-1.2389610" lon="36.8248640">
    <ele>1696.2</ele>
    <time>2026-01-31T05:53:13Z</time>
   </trkpt>
   <trkpt lat="-1.2389980" lon="36.8248600">
    <ele>1696.1</ele>
    <time>2026-01-31T05:53:14Z</time>
   </trkpt>
   <trkpt lat="-1.2390110" lon="36.8248590">
    <ele>1696.0</ele>
    <time>2026-01-31T05:53:15Z</time>
   </trkpt>
   <trkpt lat="-1.2390450" lon="36.8248680">
    <ele>1695.8</ele>
    <time>2026-01-31T05:53:16Z</time>
   </trkpt>
   <trkpt lat="-1.2390550" lon="36.8248720">
    <ele>1695.8</ele>
    <time>2026-01-31T05:53:17Z</time>
   </trkpt>
   <trkpt lat="-1.2390880" lon="36.8248740">
    <ele>1695.6</ele>
    <time>2026-01-31T05:53:18Z</time>
   </trkpt>
   <trkpt lat="-1.2390980" lon="36.8248740">
    <ele>1695.6</ele>
    <time>2026-01-31T05:53:19Z</time>
   </trkpt>
   <trkpt lat="-1.2391280" lon="36.8248750">
    <ele>1695.4</ele>
    <time>2026-01-31T05:53:20Z</time>
   </trkpt>
   <trkpt lat="-1.2391360" lon="36.8248760">
    <ele>1695.4</ele>
    <time>2026-01-31T05:53:21Z</time>
   </trkpt>
   <trkpt lat="-1.2391670" lon="36.8248790">
    <ele>1695.2</ele>
    <time>2026-01-31T05:53:22Z</time>
   </trkpt>
   <trkpt lat="-1.2391780" lon="36.8248800">
    <ele>1695.2</ele>
    <time>2026-01-31T05:53:23Z</time>
   </trkpt>
   <trkpt lat="-1.2392100" lon="36.8248770">
    <ele>1695.0</ele>
    <time>2026-01-31T05:53:24Z</time>
   </trkpt>
   <trkpt lat="-1.2392190" lon="36.8248750">
    <ele>1695.0</ele>
    <time>2026-01-31T05:53:25Z</time>
   </trkpt>
   <trkpt lat="-1.2392490" lon="36.8248650">
    <ele>1694.9</ele>
    <time>2026-01-31T05:53:26Z</time>
   </trkpt>
   <trkpt lat="-1.2392590" lon="36.8248610">
    <ele>1694.8</ele>
    <time>2026-01-31T05:53:27Z</time>
   </trkpt>
   <trkpt lat="-1.2392930" lon="36.8248560">
    <ele>1694.6</ele>
    <time>2026-01-31T05:53:28Z</time>
   </trkpt>
   <trkpt lat="-1.2393030" lon="36.8248520">
    <ele>1694.6</ele>
    <time>2026-01-31T05:53:29Z</time>
   </trkpt>
   <trkpt lat="-1.2393290" lon="36.8248370">
    <ele>1694.5</ele>
    <time>2026-01-31T05:53:30Z</time>
   </trkpt>
   <trkpt lat="-1.2393390" lon="36.8248320">
    <ele>1694.4</ele>
    <time>2026-01-31T05:53:31Z</time>
   </trkpt>
   <trkpt lat="-1.2393720" lon="36.8248210">
    <ele>1694.3</ele>
    <time>2026-01-31T05:53:32Z</time>
   </trkpt>
   <trkpt lat="-1.2393830" lon="36.8248160">
    <ele>1694.2</ele>
    <time>2026-01-31T05:53:33Z</time>
   </trkpt>
   <trkpt lat="-1.2394100" lon="36.8248020">
    <ele>1694.1</ele>
    <time>2026-01-31T05:53:34Z</time>
   </trkpt>
   <trkpt lat="-1.2394200" lon="36.8247980">
    <ele>1694.1</ele>
    <time>2026-01-31T05:53:35Z</time>
   </trkpt>
   <trkpt lat="-1.2394490" lon="36.8247820">
    <ele>1694.0</ele>
    <time>2026-01-31T05:53:36Z</time>
   </trkpt>
   <trkpt lat="-1.2394580" lon="36.8247770">
    <ele>1693.9</ele>
    <time>2026-01-31T05:53:37Z</time>
   </trkpt>
   <trkpt lat="-1.2394750" lon="36.8247720">
    <ele>1693.8</ele>
    <time>2026-01-31T05:53:38Z</time>
   </trkpt>
   <trkpt lat="-1.2394930" lon="36.8247680">
    <ele>1693.8</ele>
    <time>2026-01-31T05:53:39Z</time>
   </trkpt>
   <trkpt lat="-1.2395230" lon="36.8247650">
    <ele>1693.7</ele>
    <time>2026-01-31T05:53:40Z</time>
   </trkpt>
   <trkpt lat="-1.2395330" lon="36.8247640">
    <ele>1693.6</ele>
    <time>2026-01-31T05:53:41Z</time>
   </trkpt>
   <trkpt lat="-1.2395610" lon="36.8247560">
    <ele>1693.5</ele>
    <time>2026-01-31T05:53:42Z</time>
   </trkpt>
   <trkpt lat="-1.2395690" lon="36.8247520">
    <ele>1693.5</ele>
    <time>2026-01-31T05:53:43Z</time>
   </trkpt>
   <trkpt lat="-1.2395970" lon="36.8247470">
    <ele>1693.4</ele>
    <time>2026-01-31T05:53:44Z</time>
   </trkpt>
   <trkpt lat="-1.2396070" lon="36.8247460">
    <ele>1693.3</ele>
    <time>2026-01-31T05:53:45Z</time>
   </trkpt>
   <trkpt lat="-1.2396340" lon="36.8247400">
    <ele>1693.2</ele>
    <time>2026-01-31T05:53:46Z</time>
   </trkpt>
   <trkpt lat="-1.2396430" lon="36.8247360">
    <ele>1693.2</ele>
    <time>2026-01-31T05:53:47Z</time>
   </trkpt>
   <trkpt lat="-1.2396700" lon="36.8247240">
    <ele>1693.0</ele>
    <time>2026-01-31T05:53:48Z</time>
   </trkpt>
   <trkpt lat="-1.2396960" lon="36.8247110">
    <ele>1692.9</ele>
    <time>2026-01-31T05:53:49Z</time>
   </trkpt>
   <trkpt lat="-1.2397060" lon="36.8247060">
    <ele>1692.8</ele>
    <time>2026-01-31T05:53:50Z</time>
   </trkpt>
   <trkpt lat="-1.2397410" lon="36.8246920">
    <ele>1692.6</ele>
    <time>2026-01-31T05:53:51Z</time>
   </trkpt>
   <trkpt lat="-1.2397520" lon="36.8246870">
    <ele>1692.6</ele>
    <time>2026-01-31T05:53:52Z</time>
   </trkpt>
   <trkpt lat="-1.2397830" lon="36.8246730">
    <ele>1692.4</ele>
    <time>2026-01-31T05:53:53Z</time>
   </trkpt>
   <trkpt lat="-1.2398130" lon="36.8246590">
    <ele>1692.3</ele>
    <time>2026-01-31T05:53:54Z</time>
   </trkpt>
   <trkpt lat="-1.2398430" lon="36.8246460">
    <ele>1692.1</ele>
    <time>2026-01-31T05:53:55Z</time>
   </trkpt>
   <trkpt lat="-1.2398690" lon="36.8246350">
    <ele>1692.0</ele>
    <time>2026-01-31T05:53:56Z</time>
   </trkpt>
   <trkpt lat="-1.2399070" lon="36.8246240">
    <ele>1691.8</ele>
    <time>2026-01-31T05:53:57Z</time>
   </trkpt>
   <trkpt lat="-1.2399380" lon="36.8246120">
    <ele>1691.6</ele>
    <time>2026-01-31T05:53:58Z</time>
   </trkpt>
   <trkpt lat="-1.2399660" lon="36.8246020">
    <ele>1691.5</ele>
    <time>2026-01-31T05:53:59Z</time>
   </trkpt>
   <trkpt lat="-1.2399980" lon="36.8245900">
    <ele>1691.4</ele>
    <time>2026-01-31T05:54:00Z</time>
   </trkpt>
   <trkpt lat="-1.2400260" lon="36.8245810">
    <ele>1691.3</ele>
    <time>2026-01-31T05:54:01Z</time>
   </trkpt>
   <trkpt lat="-1.2400370" lon="36.8245770">
    <ele>1691.3</ele>
    <time>2026-01-31T05:54:02Z</time>
   </trkpt>
   <trkpt lat="-1.2400690" lon="36.8245640">
    <ele>1691.1</ele>
    <time>2026-01-31T05:54:03Z</time>
   </trkpt>
   <trkpt lat="-1.2400800" lon="36.8245580">
    <ele>1691.1</ele>
    <time>2026-01-31T05:54:04Z</time>
   </trkpt>
   <trkpt lat="-1.2401140" lon="36.8245460">
    <ele>1691.0</ele>
    <time>2026-01-31T05:54:05Z</time>
   </trkpt>
   <trkpt lat="-1.2401250" lon="36.8245420">
    <ele>1691.0</ele>
    <time>2026-01-31T05:54:06Z</time>
   </trkpt>
   <trkpt lat="-1.2401580" lon="36.8245340">
    <ele>1690.8</ele>
    <time>2026-01-31T05:54:07Z</time>
   </trkpt>
   <trkpt lat="-1.2401690" lon="36.8245310">
    <ele>1690.8</ele>
    <time>2026-01-31T05:54:08Z</time>
   </trkpt>
   <trkpt lat="-1.2402030" lon="36.8245270">
    <ele>1690.7</ele>
    <time>2026-01-31T05:54:09Z</time>
   </trkpt>
   <trkpt lat="-1.2402130" lon="36.8245260">
    <ele>1690.6</ele>
    <time>2026-01-31T05:54:10Z</time>
   </trkpt>
   <trkpt lat="-1.2402480" lon="36.8245190">
    <ele>1690.5</ele>
    <time>2026-01-31T05:54:11Z</time>
   </trkpt>
   <trkpt lat="-1.2402610" lon="36.8245140">
    <ele>1690.4</ele>
    <time>2026-01-31T05:54:12Z</time>
   </trkpt>
   <trkpt lat="-1.2402890" lon="36.8245030">
    <ele>1690.2</ele>
    <time>2026-01-31T05:54:13Z</time>
   </trkpt>
   <trkpt lat="-1.2402990" lon="36.8245000">
    <ele>1690.2</ele>
    <time>2026-01-31T05:54:14Z</time>
   </trkpt>
   <trkpt lat="-1.2403290" lon="36.8244900">
    <ele>1690.0</ele>
    <time>2026-01-31T05:54:15Z</time>
   </trkpt>
   <trkpt lat="-1.2403390" lon="36.8244860">
    <ele>1689.9</ele>
    <time>2026-01-31T05:54:16Z</time>
   </trkpt>
   <trkpt lat="-1.2403710" lon="36.8244760">
    <ele>1689.7</ele>
    <time>2026-01-31T05:54:17Z</time>
   </trkpt>
   <trkpt lat="-1.2403820" lon="36.8244720">
    <ele>1689.7</ele>
    <time>2026-01-31T05:54:18Z</time>
   </trkpt>
   <trkpt lat="-1.2404140" lon="36.8244640">
    <ele>1689.5</ele>
    <time>2026-01-31T05:54:19Z</time>
   </trkpt>
   <trkpt lat="-1.2404250" lon="36.8244610">
    <ele>1689.4</ele>
    <time>2026-01-31T05:54:20Z</time>
   </trkpt>
   <trkpt lat="-1.2404580" lon="36.8244540">
    <ele>1689.2</ele>
    <time>2026-01-31T05:54:21Z</time>
   </trkpt>
   <trkpt lat="-1.2404680" lon="36.8244520">
    <ele>1689.1</ele>
    <time>2026-01-31T05:54:22Z</time>
   </trkpt>
   <trkpt lat="-1.2405010" lon="36.8244450">
    <ele>1688.9</ele>
    <time>2026-01-31T05:54:23Z</time>
   </trkpt>
   <trkpt lat="-1.2405120" lon="36.8244420">
    <ele>1688.8</ele>
    <time>2026-01-31T05:54:24Z</time>
   </trkpt>
   <trkpt lat="-1.2405450" lon="36.8244330">
    <ele>1688.5</ele>
    <time>2026-01-31T05:54:25Z</time>
   </trkpt>
   <trkpt lat="-1.2405560" lon="36.8244300">
    <ele>1688.5</ele>
    <time>2026-01-31T05:54:26Z</time>
   </trkpt>
   <trkpt lat="-1.2405890" lon="36.8244210">
    <ele>1688.2</ele>
    <time>2026-01-31T05:54:27Z</time>
   </trkpt>
   <trkpt lat="-1.2406000" lon="36.8244180">
    <ele>1688.1</ele>
    <time>2026-01-31T05:54:28Z</time>
   </trkpt>
   <trkpt lat="-1.2406320" lon="36.8244110">
    <ele>1687.9</ele>
    <time>2026-01-31T05:54:29Z</time>
   </trkpt>
   <trkpt lat="-1.2406430" lon="36.8244080">
    <ele>1687.8</ele>
    <time>2026-01-31T05:54:30Z</time>
   </trkpt>
   <trkpt lat="-1.2406770" lon="36.8244030">
    <ele>1687.6</ele>
    <time>2026-01-31T05:54:31Z</time>
   </trkpt>
   <trkpt lat="-1.2406870" lon="36.8244010">
    <ele>1687.5</ele>
    <time>2026-01-31T05:54:32Z</time>
   </trkpt>
   <trkpt lat="-1.2407190" lon="36.8243940">
    <ele>1687.3</ele>
    <time>2026-01-31T05:54:33Z</time>
   </trkpt>
   <trkpt lat="-1.2407290" lon="36.8243920">
    <ele>1687.2</ele>
    <time>2026-01-31T05:54:34Z</time>
   </trkpt>
   <trkpt lat="-1.2407600" lon="36.8243890">
    <ele>1686.9</ele>
    <time>2026-01-31T05:54:35Z</time>
   </trkpt>
   <trkpt lat="-1.2407700" lon="36.8243880">
    <ele>1686.8</ele>
    <time>2026-01-31T05:54:36Z</time>
   </trkpt>
   <trkpt lat="-1.2408000" lon="36.8243820">
    <ele>1686.6</ele>
    <time>2026-01-31T05:54:37Z</time>
   </trkpt>
   <trkpt lat="-1.2408110" lon="36.8243790">
    <ele>1686.5</ele>
    <time>2026-01-31T05:54:38Z</time>
   </trkpt>
   <trkpt lat="-1.2408400" lon="36.8243740">
    <ele>1686.2</ele>
    <time>2026-01-31T05:54:39Z</time>
   </trkpt>
   <trkpt lat="-1.2408510" lon="36.8243720">
    <ele>1686.1</ele>
    <time>2026-01-31T05:54:40Z</time>
   </trkpt>
   <trkpt lat="-1.2408810" lon="36.8243670">
    <ele>1685.8</ele>
    <time>2026-01-31T05:54:41Z</time>
   </trkpt>
   <trkpt lat="-1.2408910" lon="36.8243660">
    <ele>1685.6</ele>
    <time>2026-01-31T05:54:42Z</time>
   </trkpt>
   <trkpt lat="-1.2409240" lon="36.8243640">
    <ele>1685.3</ele>
    <time>2026-01-31T05:54:43Z</time>
   </trkpt>
   <trkpt lat="-1.2409350" lon="36.8243640">
    <ele>1685.1</ele>
    <time>2026-01-31T05:54:44Z</time>
   </trkpt>
   <trkpt lat="-1.2409660" lon="36.8243530">
    <ele>1684.8</ele>
    <time>2026-01-31T05:54:45Z</time>
   </trkpt>
   <trkpt lat="-1.2409760" lon="36.8243480">
    <ele>1684.7</ele>
    <time>2026-01-31T05:54:46Z</time>
   </trkpt>
   <trkpt lat="-1.2410070" lon="36.8243310">
    <ele>1684.3</ele>
    <time>2026-01-31T05:54:47Z</time>
   </trkpt>
   <trkpt lat="-1.2410170" lon="36.8243230">
    <ele>1684.1</ele>
    <time>2026-01-31T05:54:48Z</time>
   </trkpt>
   <trkpt lat="-1.2410440" lon="36.8243070">
    <ele>1683.8</ele>
    <time>2026-01-31T05:54:49Z</time>
   </trkpt>
   <trkpt lat="-1.2410540" lon="36.8243030">
    <ele>1683.7</ele>
    <time>2026-01-31T05:54:50Z</time>
   </trkpt>
   <trkpt lat="-1.2410880" lon="36.8242970">
    <ele>1683.3</ele>
    <time>2026-01-31T05:54:51Z</time>
   </trkpt>
   <trkpt lat="-1.2410990" lon="36.8242950">
    <ele>1683.2</ele>
    <time>2026-01-31T05:54:52Z</time>
   </trkpt>
   <trkpt lat="-1.2411300" lon="36.8242940">
    <ele>1683.0</ele>
    <time>2026-01-31T05:54:53Z</time>
   </trkpt>
   <trkpt lat="-1.2411410" lon="36.8242920">
    <ele>1682.9</ele>
    <time>2026-01-31T05:54:54Z</time>
   </trkpt>
   <trkpt lat="-1.2411740" lon="36.8242890">
    <ele>1682.6</ele>
    <time>2026-01-31T05:54:55Z</time>
   </trkpt>
   <trkpt lat="-1.2411850" lon="36.8242880">
    <ele>1682.6</ele>
    <time>2026-01-31T05:54:56Z</time>
   </trkpt>
   <trkpt lat="-1.2412170" lon="36.8242780">
    <ele>1682.4</ele>
    <time>2026-01-31T05:54:57Z</time>
   </trkpt>
   <trkpt lat="-1.2412260" lon="36.8242740">
    <ele>1682.3</ele>
    <time>2026-01-31T05:54:58Z</time>
   </trkpt>
   <trkpt lat="-1.2412600" lon="36.8242600">
    <ele>1682.1</ele>
    <time>2026-01-31T05:54:59Z</time>
   </trkpt>
   <trkpt lat="-1.2412710" lon="36.8242530">
    <ele>1682.1</ele>
    <time>2026-01-31T05:55:00Z</time>
   </trkpt>
   <trkpt lat="-1.2413010" lon="36.8242290">
    <ele>1681.9</ele>
    <time>2026-01-31T05:55:01Z</time>
   </trkpt>
   <trkpt lat="-1.2413090" lon="36.8242200">
    <ele>1681.9</ele>
    <time>2026-01-31T05:55:02Z</time>
   </trkpt>
   <trkpt lat="-1.2413260" lon="36.8241890">
    <ele>1681.8</ele>
    <time>2026-01-31T05:55:03Z</time>
   </trkpt>
   <trkpt lat="-1.2413300" lon="36.8241770">
    <ele>1681.7</ele>
    <time>2026-01-31T05:55:04Z</time>
   </trkpt>
   <trkpt lat="-1.2413490" lon="36.8241470">
    <ele>1681.7</ele>
    <time>2026-01-31T05:55:05Z</time>
   </trkpt>
   <trkpt lat="-1.2413550" lon="36.8241380">
    <ele>1681.7</ele>
    <time>2026-01-31T05:55:06Z</time>
   </trkpt>
   <trkpt lat="-1.2413820" lon="36.8241180">
    <ele>1681.7</ele>
    <time>2026-01-31T05:55:07Z</time>
   </trkpt>
   <trkpt lat="-1.2413920" lon="36.8241140">
    <ele>1681.7</ele>
    <time>2026-01-31T05:55:08Z</time>
   </trkpt>
   <trkpt lat="-1.2414250" lon="36.8241110">
    <ele>1681.7</ele>
    <time>2026-01-31T05:55:09Z</time>
   </trkpt>
   <trkpt lat="-1.2414360" lon="36.8241110">
    <ele>1681.7</ele>
    <time>2026-01-31T05:55:10Z</time>
   </trkpt>
   <trkpt lat="-1.2414710" lon="36.8241230">
    <ele>1681.8</ele>
    <time>2026-01-31T05:55:11Z</time>
   </trkpt>
   <trkpt lat="-1.2414820" lon="36.8241270">
    <ele>1681.8</ele>
    <time>2026-01-31T05:55:12Z</time>
   </trkpt>
   <trkpt lat="-1.2415150" lon="36.8241410">
    <ele>1681.9</ele>
    <time>2026-01-31T05:55:13Z</time>
   </trkpt>
   <trkpt lat="-1.2415260" lon="36.8241460">
    <ele>1681.9</ele>
    <time>2026-01-31T05:55:14Z</time>
   </trkpt>
   <trkpt lat="-1.2415610" lon="36.8241550">
    <ele>1682.0</ele>
    <time>2026-01-31T05:55:15Z</time>
   </trkpt>
   <trkpt lat="-1.2415720" lon="36.8241580">
    <ele>1682.1</ele>
    <time>2026-01-31T05:55:16Z</time>
   </trkpt>
   <trkpt lat="-1.2416080" lon="36.8241630">
    <ele>1682.2</ele>
    <time>2026-01-31T05:55:17Z</time>
   </trkpt>
   <trkpt lat="-1.2416190" lon="36.8241640">
    <ele>1682.3</ele>
    <time>2026-01-31T05:55:18Z</time>
   </trkpt>
   <trkpt lat="-1.2416540" lon="36.8241700">
    <ele>1682.4</ele>
    <time>2026-01-31T05:55:19Z</time>
   </trkpt>
   <trkpt lat="-1.2416650" lon="36.8241710">
    <ele>1682.5</ele>
    <time>2026-01-31T05:55:20Z</time>
   </trkpt>
   <trkpt lat="-1.2417010" lon="36.8241710">
    <ele>1682.7</ele>
    <time>2026-01-31T05:55:21Z</time>
   </trkpt>
   <trkpt lat="-1.2417130" lon="36.8241700">
    <ele>1682.8</ele>
    <time>2026-01-31T05:55:22Z</time>
   </trkpt>
   <trkpt lat="-1.2417490" lon="36.8241630">
    <ele>1683.0</ele>
    <time>2026-01-31T05:55:23Z</time>
   </trkpt>
   <trkpt lat="-1.2417600" lon="36.8241600">
    <ele>1683.1</ele>
    <time>2026-01-31T05:55:24Z</time>
   </trkpt>
   <trkpt lat="-1.2417930" lon="36.8241510">
    <ele>1683.3</ele>
    <time>2026-01-31T05:55:25Z</time>
   </trkpt>
   <trkpt lat="-1.2418040" lon="36.8241470">
    <ele>1683.4</ele>
    <time>2026-01-31T05:55:26Z</time>
   </trkpt>
   <trkpt lat="-1.2418340" lon="36.8241380">
    <ele>1683.7</ele>
    <time>2026-01-31T05:55:27Z</time>
   </trkpt>
   <trkpt lat="-1.2418430" lon="36.8241350">
    <ele>1683.8</ele>
    <time>2026-01-31T05:55:28Z</time>
   </trkpt>
   <trkpt lat="-1.2418730" lon="36.8241260">
    <ele>1684.1</ele>
    <time>2026-01-31T05:55:29Z</time>
   </trkpt>
   <trkpt lat="-1.2418810" lon="36.8241230">
    <ele>1684.2</ele>
    <time>2026-01-31T05:55:30Z</time>
   </trkpt>
   <trkpt lat="-1.2419080" lon="36.8241140">
    <ele>1684.5</ele>
    <time>2026-01-31T05:55:31Z</time>
   </trkpt>
   <trkpt lat="-1.2419180" lon="36.8241100">
    <ele>1684.7</ele>
    <time>2026-01-31T05:55:32Z</time>
   </trkpt>
   <trkpt lat="-1.2419350" lon="36.8241060">
    <ele>1684.9</ele>
    <time>2026-01-31T05:55:33Z</time>
   </trkpt>
   <trkpt lat="-1.2419530" lon="36.8241020">
    <ele>1685.1</ele>
    <time>2026-01-31T05:55:34Z</time>
   </trkpt>
   <trkpt lat="-1.2419700" lon="36.8240960">
    <ele>1685.3</ele>
    <time>2026-01-31T05:55:35Z</time>
   </trkpt>
   <trkpt lat="-1.2419870" lon="36.8240930">
    <ele>1685.6</ele>
    <time>2026-01-31T05:55:36Z</time>
   </trkpt>
   <trkpt lat="-1.2420030" lon="36.8240900">
    <ele>1685.8</ele>
    <time>2026-01-31T05:55:37Z</time>
   </trkpt>
   <trkpt lat="-1.2420190" lon="36.8240870">
    <ele>1686.0</ele>
    <time>2026-01-31T05:55:38Z</time>
   </trkpt>
   <trkpt lat="-1.2420350" lon="36.8240830">
    <ele>1686.2</ele>
    <time>2026-01-31T05:55:39Z</time>
   </trkpt>
   <trkpt lat="-1.2420490" lon="36.8240840">
    <ele>1686.4</ele>
    <time>2026-01-31T05:55:40Z</time>
   </trkpt>
   <trkpt lat="-1.2420670" lon="36.8240820">
    <ele>1686.6</ele>
    <time>2026-01-31T05:55:41Z</time>
   </trkpt>
   <trkpt lat="-1.2420800" lon="36.8240810">
    <ele>1686.7</ele>
    <time>2026-01-31T05:55:42Z</time>
   </trkpt>
   <trkpt lat="-1.2420940" lon="36.8240800">
    <ele>1686.9</ele>
    <time>2026-01-31T05:55:43Z</time>
   </trkpt>
   <trkpt lat="-1.2421120" lon="36.8240770">
    <ele>1687.1</ele>
    <time>2026-01-31T05:55:44Z</time>
   </trkpt>
   <trkpt lat="-1.2421250" lon="36.8240740">
    <ele>1687.3</ele>
    <time>2026-01-31T05:55:45Z</time>
   </trkpt>
   <trkpt lat="-1.2421430" lon="36.8240710">
    <ele>1687.5</ele>
    <time>2026-01-31T05:55:46Z</time>
   </trkpt>
   <trkpt lat="-1.2421580" lon="36.8240670">
    <ele>1687.7</ele>
    <time>2026-01-31T05:55:47Z</time>
   </trkpt>
   <trkpt lat="-1.2421770" lon="36.8240610">
    <ele>1687.9</ele>
    <time>2026-01-31T05:55:48Z</time>
   </trkpt>
   <trkpt lat="-1.2421950" lon="36.8240550">
    <ele>1688.1</ele>
    <time>2026-01-31T05:55:49Z</time>
   </trkpt>
   <trkpt lat="-1.2422060" lon="36.8240500">
    <ele>1688.2</ele>
    <time>2026-01-31T05:55:50Z</time>
   </trkpt>
   <trkpt lat="-1.2422220" lon="36.8240450">
    <ele>1688.4</ele>
    <time>2026-01-31T05:55:51Z</time>
   </trkpt>
   <trkpt lat="-1.2422350" lon="36.8240420">
    <ele>1688.5</ele>
    <time>2026-01-31T05:55:52Z</time>
   </trkpt>
   <trkpt lat="-1.2422500" lon="36.8240400">
    <ele>1688.7</ele>
    <time>2026-01-31T05:55:53Z</time>
   </trkpt>
   <trkpt lat="-1.2422650" lon="36.8240370">
    <ele>1688.8</ele>
    <time>2026-01-31T05:55:54Z</time>
   </trkpt>
   <trkpt lat="-1.2422810" lon="36.8240340">
    <ele>1689.0</ele>
    <time>2026-01-31T05:55:55Z</time>
   </trkpt>
   <trkpt lat="-1.2422940" lon="36.8240330">
    <ele>1689.1</ele>
    <time>2026-01-31T05:55:56Z</time>
   </trkpt>
   <trkpt lat="-1.2423100" lon="36.8240320">
    <ele>1689.3</ele>
    <time>2026-01-31T05:55:57Z</time>
   </trkpt>
   <trkpt lat="-1.2423250" lon="36.8240300">
    <ele>1689.4</ele>
    <time>2026-01-31T05:55:58Z</time>
   </trkpt>
   <trkpt lat="-1.2423410" lon="36.8240270">
    <ele>1689.6</ele>
    <time>2026-01-31T05:55:59Z</time>
   </trkpt>
   <trkpt lat="-1.2423530" lon="36.8240230">
    <ele>1689.7</ele>
    <time>2026-01-31T05:56:00Z</time>
   </trkpt>
   <trkpt lat="-1.2423670" lon="36.8240190">
    <ele>1689.9</ele>
    <time>2026-01-31T05:56:01Z</time>
   </trkpt>
   <trkpt lat="-1.2423800" lon="36.8240160">
    <ele>1690.0</ele>
    <time>2026-01-31T05:56:02Z</time>
   </trkpt>
   <trkpt lat="-1.2423940" lon="36.8240110">
    <ele>1690.1</ele>
    <time>2026-01-31T05:56:03Z</time>
   </trkpt>
   <trkpt lat="-1.2424100" lon="36.8240050">
    <ele>1690.3</ele>
    <time>2026-01-31T05:56:04Z</time>
   </trkpt>
   <trkpt lat="-1.2424340" lon="36.8239930">
    <ele>1690.5</ele>
    <time>2026-01-31T05:56:05Z</time>
   </trkpt>
   <trkpt lat="-1.2424450" lon="36.8239890">
    <ele>1690.6</ele>
    <time>2026-01-31T05:56:06Z</time>
   </trkpt>
   <trkpt lat="-1.2424640" lon="36.8239790">
    <ele>1690.8</ele>
    <time>2026-01-31T05:56:07Z</time>
   </trkpt>
   <trkpt lat="-1.2424730" lon="36.8239750">
    <ele>1690.9</ele>
    <time>2026-01-31T05:56:08Z</time>
   </trkpt>
   <trkpt lat="-1.2424830" lon="36.8239720">
    <ele>1691.0</ele>
    <time>2026-01-31T05:56:09Z</time>
   </trkpt>
   <trkpt lat="-1.2425000" lon="36.8239680">
    <ele>1691.2</ele>
    <time>2026-01-31T05:56:10Z</time>
   </trkpt>
   <trkpt lat="-1.2425140" lon="36.8239650">
    <ele>1691.3</ele>
    <time>2026-01-31T05:56:11Z</time>
   </trkpt>
   <trkpt lat="-1.2425300" lon="36.8239640">
    <ele>1691.4</ele>
    <time>2026-01-31T05:56:12Z</time>
   </trkpt>
   <trkpt lat="-1.2425430" lon="36.8239650">
    <ele>1691.5</ele>
    <time>2026-01-31T05:56:13Z</time>
   </trkpt>
   <trkpt lat="-1.2425570" lon="36.8239640">
    <ele>1691.6</ele>
    <time>2026-01-31T05:56:14Z</time>
   </trkpt>
   <trkpt lat="-1.2425710" lon="36.8239630">
    <ele>1691.7</ele>
    <time>2026-01-31T05:56:15Z</time>
   </trkpt>
   <trkpt lat="-1.2425870" lon="36.8239610">
    <ele>1691.8</ele>
    <time>2026-01-31T05:56:16Z</time>
   </trkpt>
   <trkpt lat="-1.2426020" lon="36.8239610">
    <ele>1691.9</ele>
    <time>2026-01-31T05:56:17Z</time>
   </trkpt>
   <trkpt lat="-1.2426180" lon="36.8239590">
    <ele>1692.1</ele>
    <time>2026-01-31T05:56:18Z</time>
   </trkpt>
   <trkpt lat="-1.2426310" lon="36.8239570">
    <ele>1692.1</ele>
    <time>2026-01-31T05:56:19Z</time>
   </trkpt>
   <trkpt lat="-1.2426540" lon="36.8239540">
    <ele>1692.3</ele>
    <time>2026-01-31T05:56:20Z</time>
   </trkpt>
   <trkpt lat="-1.2426620" lon="36.8239550">
    <ele>1692.4</ele>
    <time>2026-01-31T05:56:21Z</time>
   </trkpt>
   <trkpt lat="-1.2426710" lon="36.8239550">
    <ele>1692.4</ele>
    <time>2026-01-31T05:56:22Z</time>
   </trkpt>
   <trkpt lat="-1.2426910" lon="36.8239550">
    <ele>1692.6</ele>
    <time>2026-01-31T05:56:23Z</time>
   </trkpt>
   <trkpt lat="-1.2427000" lon="36.8239540">
    <ele>1692.6</ele>
    <time>2026-01-31T05:56:24Z</time>
   </trkpt>
   <trkpt lat="-1.2427090" lon="36.8239540">
    <ele>1692.7</ele>
    <time>2026-01-31T05:56:25Z</time>
   </trkpt>
   <trkpt lat="-1.2427230" lon="36.8239520">
    <ele>1692.7</ele>
    <time>2026-01-31T05:56:26Z</time>
   </trkpt>
   <trkpt lat="-1.2427360" lon="36.8239480">
    <ele>1692.8</ele>
    <time>2026-01-31T05:56:27Z</time>
   </trkpt>
   <trkpt lat="-1.2427500" lon="36.8239450">
    <ele>1692.9</ele>
    <time>2026-01-31T05:56:28Z</time>
   </trkpt>
   <trkpt lat="-1.2427630" lon="36.8239430">
    <ele>1693.0</ele>
    <time>2026-01-31T05:56:29Z</time>
   </trkpt>
   <trkpt lat="-1.2427780" lon="36.8239410">
    <ele>1693.1</ele>
    <time>2026-01-31T05:56:30Z</time>
   </trkpt>
   <trkpt lat="-1.2427920" lon="36.8239360">
    <ele>1693.2</ele>
    <time>2026-01-31T05:56:31Z</time>
   </trkpt>
   <trkpt lat="-1.2428070" lon="36.8239320">
    <ele>1693.2</ele>
    <time>2026-01-31T05:56:32Z</time>
   </trkpt>
   <trkpt lat="-1.2428220" lon="36.8239300">
    <ele>1693.3</ele>
    <time>2026-01-31T05:56:33Z</time>
   </trkpt>
   <trkpt lat="-1.2428380" lon="36.8239280">
    <ele>1693.4</ele>
    <time>2026-01-31T05:56:34Z</time>
   </trkpt>
   <trkpt lat="-1.2428520" lon="36.8239250">
    <ele>1693.5</ele>
    <time>2026-01-31T05:56:35Z</time>
   </trkpt>
   <trkpt lat="-1.2428670" lon="36.8239210">
    <ele>1693.6</ele>
    <time>2026-01-31T05:56:36Z</time>
   </trkpt>
   <trkpt lat="-1.2428810" lon="36.8239180">
    <ele>1693.6</ele>
    <time>2026-01-31T05:56:37Z</time>
   </trkpt>
   <trkpt lat="-1.2428960" lon="36.8239140">
    <ele>1693.7</ele>
    <time>2026-01-31T05:56:38Z</time>
   </trkpt>
   <trkpt lat="-1.2429130" lon="36.8239100">
    <ele>1693.8</ele>
    <time>2026-01-31T05:56:39Z</time>
   </trkpt>
   <trkpt lat="-1.2429280" lon="36.8239080">
    <ele>1693.9</ele>
    <time>2026-01-31T05:56:40Z</time>
   </trkpt>
   <trkpt lat="-1.2429460" lon="36.8239080">
    <ele>1693.9</ele>
    <time>2026-01-31T05:56:41Z</time>
   </trkpt>
   <trkpt lat="-1.2429610" lon="36.8239080">
    <ele>1694.0</ele>
    <time>2026-01-31T05:56:42Z</time>
   </trkpt>
   <trkpt lat="-1.2429770" lon="36.8239080">
    <ele>1694.1</ele>
    <time>2026-01-31T05:56:43Z</time>
   </trkpt>
   <trkpt lat="-1.2429800" lon="36.8239010">
    <ele>1694.1</ele>
    <time>2026-01-31T05:56:44Z</time>
   </trkpt>
   <trkpt lat="-1.2429820" lon="36.8238900">
    <ele>1694.2</ele>
    <time>2026-01-31T05:56:45Z</time>
   </trkpt>
   <trkpt lat="-1.2429920" lon="36.8238790">
    <ele>1694.2</ele>
    <time>2026-01-31T05:56:46Z</time>
   </trkpt>
   <trkpt lat="-1.2430010" lon="36.8238780">
    <ele>1694.2</ele>
    <time>2026-01-31T05:56:47Z</time>
   </trkpt>
   <trkpt lat="-1.2430160" lon="36.8238750">
    <ele>1694.3</ele>
    <time>2026-01-31T05:56:48Z</time>
   </trkpt>
   <trkpt lat="-1.2430250" lon="36.8238730">
    <ele>1694.3</ele>
    <time>2026-01-31T05:56:49Z</time>
   </trkpt>
   <trkpt lat="-1.2430380" lon="36.8238700">
    <ele>1694.4</ele>
    <time>2026-01-31T05:56:50Z</time>
   </trkpt>
   <trkpt lat="-1.2430520" lon="36.8238670">
    <ele>1694.4</ele>
    <time>2026-01-31T05:56:51Z</time>
   </trkpt>
   <trkpt lat="-1.2430670" lon="36.8238650">
    <ele>1694.5</ele>
    <time>2026-01-31T05:56:52Z</time>
   </trkpt>
   <trkpt lat="-1.2430830" lon="36.8238610">
    <ele>1694.5</ele>
    <time>2026-01-31T05:56:53Z</time>
   </trkpt>
   <trkpt lat="-1.2430950" lon="36.8238560">
    <ele>1694.5</ele>
    <time>2026-01-31T05:56:54Z</time>
   </trkpt>
   <trkpt lat="-1.2431110" lon="36.8238530">
    <ele>1694.6</ele>
    <time>2026-01-31T05:56:55Z</time>
   </trkpt>
   <trkpt lat="-1.2431240" lon="36.8238510">
    <ele>1694.6</ele>
    <time>2026-01-31T05:56:56Z</time>
   </trkpt>
   <trkpt lat="-1.2431390" lon="36.8238480">
    <ele>1694.6</ele>
    <time>2026-01-31T05:56:57Z</time>
   </trkpt>
   <trkpt lat="-1.2431510" lon="36.8238440">
    <ele>1694.6</ele>
    <time>2026-01-31T05:56:58Z</time>
   </trkpt>
   <trkpt lat="-1.2431670" lon="36.8238430">
    <ele>1694.7</ele>
    <time>2026-01-31T05:56:59Z</time>
   </trkpt>
   <trkpt lat="-1.2431820" lon="36.8238440">
    <ele>1694.7</ele>
    <time>2026-01-31T05:57:00Z</time>
   </trkpt>
   <trkpt lat="-1.2431980" lon="36.8238450">
    <ele>1694.7</ele>
    <time>2026-01-31T05:57:01Z</time>
   </trkpt>
   <trkpt lat="-1.2432120" lon="36.8238440">
    <ele>1694.7</ele>
    <time>2026-01-31T05:57:02Z</time>
   </trkpt>
   <trkpt lat="-1.2432280" lon="36.8238410">
    <ele>1694.7</ele>
    <time>2026-01-31T05:57:03Z</time>
   </trkpt>
   <trkpt lat="-1.2432450" lon="36.8238390">
    <ele>1694.7</ele>
    <time>2026-01-31T05:57:04Z</time>
   </trkpt>
   <trkpt lat="-1.2432580" lon="36.8238330">
    <ele>1694.7</ele>
    <time>2026-01-31T05:57:05Z</time>
   </trkpt>
   <trkpt lat="-1.2432720" lon="36.8238280">
    <ele>1694.7</ele>
    <time>2026-01-31T05:57:06Z</time>
   </trkpt>
   <trkpt lat="-1.2432860" lon="36.8238210">
    <ele>1694.7</ele>
    <time>2026-01-31T05:57:07Z</time>
   </trkpt>
   <trkpt lat="-1.2433010" lon="36.8238160">
    <ele>1694.7</ele>
    <time>2026-01-31T05:57:08Z</time>
   </trkpt>
   <trkpt lat="-1.2433170" lon="36.8238100">
    <ele>1694.6</ele>
    <time>2026-01-31T05:57:09Z</time>
   </trkpt>
   <trkpt lat="-1.2433290" lon="36.8238020">
    <ele>1694.6</ele>
    <time>2026-01-31T05:57:10Z</time>
   </trkpt>
   <trkpt lat="-1.2433430" lon="36.8237940">
    <ele>1694.6</ele>
    <time>2026-01-31T05:57:11Z</time>
   </trkpt>
   <trkpt lat="-1.2433580" lon="36.8237900">
    <ele>1694.6</ele>
    <time>2026-01-31T05:57:12Z</time>
   </trkpt>
   <trkpt lat="-1.2433730" lon="36.8237860">
    <ele>1694.5</ele>
    <time>2026-01-31T05:57:13Z</time>
   </trkpt>
   <trkpt lat="-1.2433890" lon="36.8237810">
    <ele>1694.5</ele>
    <time>2026-01-31T05:57:14Z</time>
   </trkpt>
   <trkpt lat="-1.2434020" lon="36.8237750">
    <ele>1694.5</ele>
    <time>2026-01-31T05:57:15Z</time>
   </trkpt>
   <trkpt lat="-1.2434180" lon="36.8237700">
    <ele>1694.4</ele>
    <time>2026-01-31T05:57:16Z</time>
   </trkpt>
   <trkpt lat="-1.2434330" lon="36.8237670">
    <ele>1694.4</ele>
    <time>2026-01-31T05:57:17Z</time>
   </trkpt>
   <trkpt lat="-1.2434510" lon="36.8237650">
    <ele>1694.3</ele>
    <time>2026-01-31T05:57:18Z</time>
   </trkpt>
   <trkpt lat="-1.2434670" lon="36.8237640">
    <ele>1694.3</ele>
    <time>2026-01-31T05:57:19Z</time>
   </trkpt>
   <trkpt lat="-1.2434830" lon="36.8237610">
    <ele>1694.2</ele>
    <time>2026-01-31T05:57:20Z</time>
   </trkpt>
   <trkpt lat="-1.2435000" lon="36.8237560">
    <ele>1694.1</ele>
    <time>2026-01-31T05:57:21Z</time>
   </trkpt>
   <trkpt lat="-1.2435150" lon="36.8237540">
    <ele>1694.1</ele>
    <time>2026-01-31T05:57:22Z</time>
   </trkpt>
   <trkpt lat="-1.2435330" lon="36.8237510">
    <ele>1694.0</ele>
    <time>2026-01-31T05:57:23Z</time>
   </trkpt>
   <trkpt lat="-1.2435480" lon="36.8237490">
    <ele>1693.9</ele>
    <time>2026-01-31T05:57:24Z</time>
   </trkpt>
   <trkpt lat="-1.2435640" lon="36.8237440">
    <ele>1693.8</ele>
    <time>2026-01-31T05:57:25Z</time>
   </trkpt>
   <trkpt lat="-1.2435800" lon="36.8237420">
    <ele>1693.8</ele>
    <time>2026-01-31T05:57:26Z</time>
   </trkpt>
   <trkpt lat="-1.2435980" lon="36.8237390">
    <ele>1693.7</ele>
    <time>2026-01-31T05:57:27Z</time>
   </trkpt>
   <trkpt lat="-1.2436260" lon="36.8237330">
    <ele>1693.5</ele>
    <time>2026-01-31T05:57:28Z</time>
   </trkpt>
   <trkpt lat="-1.2436340" lon="36.8237290">
    <ele>1693.5</ele>
    <time>2026-01-31T05:57:29Z</time>
   </trkpt>
   <trkpt lat="-1.2436520" lon="36.8237230">
    <ele>1693.4</ele>
    <time>2026-01-31T05:57:30Z</time>
   </trkpt>
   <trkpt lat="-1.2436650" lon="36.8237180">
    <ele>1693.3</ele>
    <time>2026-01-31T05:57:31Z</time>
   </trkpt>
   <trkpt lat="-1.2436830" lon="36.8237130">
    <ele>1693.2</ele>
    <time>2026-01-31T05:57:32Z</time>
   </trkpt>
   <trkpt lat="-1.2436990" lon="36.8237070">
    <ele>1693.1</ele>
    <time>2026-01-31T05:57:33Z</time>
   </trkpt>
   <trkpt lat="-1.2437250" lon="36.8236980">
    <ele>1693.0</ele>
    <time>2026-01-31T05:57:34Z</time>
   </trkpt>
   <trkpt lat="-1.2437340" lon="36.8236950">
    <ele>1692.9</ele>
    <time>2026-01-31T05:57:35Z</time>
   </trkpt>
   <trkpt lat="-1.2437490" lon="36.8236890">
    <ele>1692.8</ele>
    <time>2026-01-31T05:57:36Z</time>
   </trkpt>
   <trkpt lat="-1.2437650" lon="36.8236830">
    <ele>1692.7</ele>
    <time>2026-01-31T05:57:37Z</time>
   </trkpt>
   <trkpt lat="-1.2437800" lon="36.8236770">
    <ele>1692.6</ele>
    <time>2026-01-31T05:57:38Z</time>
   </trkpt>
   <trkpt lat="-1.2437980" lon="36.8236740">
    <ele>1692.5</ele>
    <time>2026-01-31T05:57:39Z</time>
   </trkpt>
   <trkpt lat="-1.2438150" lon="36.8236710">
    <ele>1692.4</ele>
    <time>2026-01-31T05:57:40Z</time>
   </trkpt>
   <trkpt lat="-1.2438330" lon="36.8236670">
    <ele>1692.3</ele>
    <time>2026-01-31T05:57:41Z</time>
   </trkpt>
   <trkpt lat="-1.2438510" lon="36.8236640">
    <ele>1692.2</ele>
    <time>2026-01-31T05:57:42Z</time>
   </trkpt>
   <trkpt lat="-1.2438670" lon="36.8236610">
    <ele>1692.1</ele>
    <time>2026-01-31T05:57:43Z</time>
   </trkpt>
   <trkpt lat="-1.2438860" lon="36.8236570">
    <ele>1691.9</ele>
    <time>2026-01-31T05:57:44Z</time>
   </trkpt>
   <trkpt lat="-1.2439020" lon="36.8236530">
    <ele>1691.8</ele>
    <time>2026-01-31T05:57:45Z</time>
   </trkpt>
   <trkpt lat="-1.2439290" lon="36.8236480">
    <ele>1691.6</ele>
    <time>2026-01-31T05:57:46Z</time>
   </trkpt>
   <trkpt lat="-1.2439380" lon="36.8236460">
    <ele>1691.6</ele>
    <time>2026-01-31T05:57:47Z</time>
   </trkpt>
   <trkpt lat="-1.2439550" lon="36.8236420">
    <ele>1691.5</ele>
    <time>2026-01-31T05:57:48Z</time>
   </trkpt>
   <trkpt lat="-1.2439710" lon="36.8236390">
    <ele>1691.4</ele>
    <time>2026-01-31T05:57:49Z</time>
   </trkpt>
   <trkpt lat="-1.2439990" lon="36.8236320">
    <ele>1691.2</ele>
    <time>2026-01-31T05:57:50Z</time>
   </trkpt>
   <trkpt lat="-1.2440080" lon="36.8236280">
    <ele>1691.2</ele>
    <time>2026-01-31T05:57:51Z</time>
   </trkpt>
   <trkpt lat="-1.2440350" lon="36.8236190">
    <ele>1691.0</ele>
    <time>2026-01-31T05:57:52Z</time>
   </trkpt>
   <trkpt lat="-1.2440440" lon="36.8236160">
    <ele>1691.0</ele>
    <time>2026-01-31T05:57:53Z</time>
   </trkpt>
   <trkpt lat="-1.2440740" lon="36.8236100">
    <ele>1690.8</ele>
    <time>2026-01-31T05:57:54Z</time>
   </trkpt>
   <trkpt lat="-1.2440830" lon="36.8236080">
    <ele>1690.8</ele>
    <time>2026-01-31T05:57:55Z</time>
   </trkpt>
   <trkpt lat="-1.2441130" lon="36.8236020">
    <ele>1690.7</ele>
    <time>2026-01-31T05:57:56Z</time>
   </trkpt>
   <trkpt lat="-1.2441230" lon="36.8236000">
    <ele>1690.7</ele>
    <time>2026-01-31T05:57:57Z</time>
   </trkpt>
   <trkpt lat="-1.2441520" lon="36.8235930">
    <ele>1690.6</ele>
    <time>2026-01-31T05:57:58Z</time>
   </trkpt>
   <trkpt lat="-1.2441610" lon="36.8235910">
    <ele>1690.6</ele>
    <time>2026-01-31T05:57:59Z</time>
   </trkpt>
   <trkpt lat="-1.2441900" lon="36.8235860">
    <ele>1690.5</ele>
    <time>2026-01-31T05:58:00Z</time>
   </trkpt>
   <trkpt lat="-1.2441990" lon="36.8235840">
    <ele>1690.5</ele>
    <time>2026-01-31T05:58:01Z</time>
   </trkpt>
   <trkpt lat="-1.2442290" lon="36.8235820">
    <ele>1690.4</ele>
    <time>2026-01-31T05:58:02Z</time>
   </trkpt>
   <trkpt lat="-1.2442390" lon="36.8235810">
    <ele>1690.4</ele>
    <time>2026-01-31T05:58:03Z</time>
   </trkpt>
   <trkpt lat="-1.2442690" lon="36.8235780">
    <ele>1690.4</ele>
    <time>2026-01-31T05:58:04Z</time>
   </trkpt>
   <trkpt lat="-1.2442780" lon="36.8235760">
    <ele>1690.3</ele>
    <time>2026-01-31T05:58:05Z</time>
   </trkpt>
   <trkpt lat="-1.2443040" lon="36.8235710">
    <ele>1690.3</ele>
    <time>2026-01-31T05:58:06Z</time>
   </trkpt>
   <trkpt lat="-1.2443130" lon="36.8235680">
    <ele>1690.3</ele>
    <time>2026-01-31T05:58:07Z</time>
   </trkpt>
   <trkpt lat="-1.2443310" lon="36.8235640">
    <ele>1690.3</ele>
    <time>2026-01-31T05:58:08Z</time>
   </trkpt>
   <trkpt lat="-1.2443490" lon="36.8235600">
    <ele>1690.3</ele>
    <time>2026-01-31T05:58:09Z</time>
   </trkpt>
   <trkpt lat="-1.2443760" lon="36.8235530">
    <ele>1690.3</ele>
    <time>2026-01-31T05:58:10Z</time>
   </trkpt>
   <trkpt lat="-1.2443860" lon="36.8235510">
    <ele>1690.3</ele>
    <time>2026-01-31T05:58:11Z</time>
   </trkpt>
   <trkpt lat="-1.2444020" lon="36.8235480">
    <ele>1690.3</ele>
    <time>2026-01-31T05:58:12Z</time>
   </trkpt>
   <trkpt lat="-1.2444200" lon="36.8235450">
    <ele>1690.3</ele>
    <time>2026-01-31T05:58:13Z</time>
   </trkpt>
   <trkpt lat="-1.2444380" lon="36.8235400">
    <ele>1690.4</ele>
    <time>2026-01-31T05:58:14Z</time>
   </trkpt>
   <trkpt lat="-1.2444550" lon="36.8235360">
    <ele>1690.4</ele>
    <time>2026-01-31T05:58:15Z</time>
   </trkpt>
   <trkpt lat="-1.2444810" lon="36.8235290">
    <ele>1690.5</ele>
    <time>2026-01-31T05:58:16Z</time>
   </trkpt>
   <trkpt lat="-1.2444900" lon="36.8235260">
    <ele>1690.5</ele>
    <time>2026-01-31T05:58:17Z</time>
   </trkpt>
   <trkpt lat="-1.2445070" lon="36.8235200">
    <ele>1690.5</ele>
    <time>2026-01-31T05:58:18Z</time>
   </trkpt>
   <trkpt lat="-1.2445230" lon="36.8235140">
    <ele>1690.5</ele>
    <time>2026-01-31T05:58:19Z</time>
   </trkpt>
   <trkpt lat="-1.2445510" lon="36.8235070">
    <ele>1690.7</ele>
    <time>2026-01-31T05:58:20Z</time>
   </trkpt>
   <trkpt lat="-1.2445590" lon="36.8235040">
    <ele>1690.7</ele>
    <time>2026-01-31T05:58:21Z</time>
   </trkpt>
   <trkpt lat="-1.2445770" lon="36.8234990">
    <ele>1690.8</ele>
    <time>2026-01-31T05:58:22Z</time>
   </trkpt>
   <trkpt lat="-1.2445920" lon="36.8234930">
    <ele>1690.9</ele>
    <time>2026-01-31T05:58:23Z</time>
   </trkpt>
   <trkpt lat="-1.2446190" lon="36.8234870">
    <ele>1691.0</ele>
    <time>2026-01-31T05:58:24Z</time>
   </trkpt>
   <trkpt lat="-1.2446280" lon="36.8234840">
    <ele>1691.1</ele>
    <time>2026-01-31T05:58:25Z</time>
   </trkpt>
   <trkpt lat="-1.2446440" lon="36.8234810">
    <ele>1691.2</ele>
    <time>2026-01-31T05:58:26Z</time>
   </trkpt>
   <trkpt lat="-1.2446620" lon="36.8234780">
    <ele>1691.3</ele>
    <time>2026-01-31T05:58:27Z</time>
   </trkpt>
   <trkpt lat="-1.2446790" lon="36.8234770">
    <ele>1691.4</ele>
    <time>2026-01-31T05:58:28Z</time>
   </trkpt>
   <trkpt lat="-1.2446980" lon="36.8234760">
    <ele>1691.5</ele>
    <time>2026-01-31T05:58:29Z</time>
   </trkpt>
   <trkpt lat="-1.2447160" lon="36.8234760">
    <ele>1691.6</ele>
    <time>2026-01-31T05:58:30Z</time>
   </trkpt>
   <trkpt lat="-1.2447310" lon="36.8234770">
    <ele>1691.7</ele>
    <time>2026-01-31T05:58:31Z</time>
   </trkpt>
   <trkpt lat="-1.2447460" lon="36.8234760">
    <ele>1691.8</ele>
    <time>2026-01-31T05:58:32Z</time>
   </trkpt>
   <trkpt lat="-1.2447640" lon="36.8234750">
    <ele>1692.0</ele>
    <time>2026-01-31T05:58:33Z</time>
   </trkpt>
   <trkpt lat="-1.2447770" lon="36.8234720">
    <ele>1692.0</ele>
    <time>2026-01-31T05:58:34Z</time>
   </trkpt>
   <trkpt lat="-1.2447940" lon="36.8234690">
    <ele>1692.2</ele>
    <time>2026-01-31T05:58:35Z</time>
   </trkpt>
   <trkpt lat="-1.2448070" lon="36.8234650">
    <ele>1692.3</ele>
    <time>2026-01-31T05:58:36Z</time>
   </trkpt>
   <trkpt lat="-1.2448230" lon="36.8234610">
    <ele>1692.4</ele>
    <time>2026-01-31T05:58:37Z</time>
   </trkpt>
   <trkpt lat="-1.2448350" lon="36.8234540">
    <ele>1692.5</ele>
    <time>2026-01-31T05:58:38Z</time>
   </trkpt>
   <trkpt lat="-1.2448500" lon="36.8234500">
    <ele>1692.6</ele>
    <time>2026-01-31T05:58:39Z</time>
   </trkpt>
   <trkpt lat="-1.2448640" lon="36.8234460">
    <ele>1692.7</ele>
    <time>2026-01-31T05:58:40Z</time>
   </trkpt>
   <trkpt lat="-1.2448780" lon="36.8234400">
    <ele>1692.8</ele>
    <time>2026-01-31T05:58:41Z</time>
   </trkpt>
   <trkpt lat="-1.2448940" lon="36.8234340">
    <ele>1692.9</ele>
    <time>2026-01-31T05:58:42Z</time>
   </trkpt>
   <trkpt lat="-1.2449070" lon="36.8234280">
    <ele>1692.9</ele>
    <time>2026-01-31T05:58:43Z</time>
   </trkpt>
   <trkpt lat="-1.2449230" lon="36.8234220">
    <ele>1693.0</ele>
    <time>2026-01-31T05:58:44Z</time>
   </trkpt>
   <trkpt lat="-1.2449370" lon="36.8234160">
    <ele>1693.1</ele>
    <time>2026-01-31T05:58:45Z</time>
   </trkpt>
   <trkpt lat="-1.2449530" lon="36.8234100">
    <ele>1693.2</ele>
    <time>2026-01-31T05:58:46Z</time>
   </trkpt>
   <trkpt lat="-1.2449690" lon="36.8234040">
    <ele>1693.3</ele>
    <time>2026-01-31T05:58:47Z</time>
   </trkpt>
   <trkpt lat="-1.2449840" lon="36.8233960">
    <ele>1693.4</ele>
    <time>2026-01-31T05:58:48Z</time>
   </trkpt>
   <trkpt lat="-1.2449990" lon="36.8233870">
    <ele>1693.5</ele>
    <time>2026-01-31T05:58:49Z</time>
   </trkpt>
   <trkpt lat="-1.2450130" lon="36.8233760">
    <ele>1693.6</ele>
    <time>2026-01-31T05:58:50Z</time>
   </trkpt>
   <trkpt lat="-1.2450220" lon="36.8233630">
    <ele>1693.7</ele>
    <time>2026-01-31T05:58:51Z</time>
   </trkpt>
   <trkpt lat="-1.2450310" lon="36.8233490">
    <ele>1693.7</ele>
    <time>2026-01-31T05:58:52Z</time>
   </trkpt>
   <trkpt lat="-1.2450340" lon="36.8233310">
    <ele>1693.7</ele>
    <time>2026-01-31T05:58:53Z</time>
   </trkpt>
   <trkpt lat="-1.2450380" lon="36.8233150">
    <ele>1693.7</ele>
    <time>2026-01-31T05:58:54Z</time>
   </trkpt>
   <trkpt lat="-1.2450370" lon="36.8232980">
    <ele>1693.8</ele>
    <time>2026-01-31T05:58:55Z</time>
   </trkpt>
   <trkpt lat="-1.2450240" lon="36.8232690">
    <ele>1693.8</ele>
    <time>2026-01-31T05:58:56Z</time>
   </trkpt>
   <trkpt lat="-1.2450210" lon="36.8232590">
    <ele>1693.8</ele>
    <time>2026-01-31T05:58:57Z</time>
   </trkpt>
   <trkpt lat="-1.2450140" lon="36.8232310">
    <ele>1693.9</ele>
    <time>2026-01-31T05:58:58Z</time>
   </trkpt>
   <trkpt lat="-1.2450120" lon="36.8232210">
    <ele>1693.9</ele>
    <time>2026-01-31T05:58:59Z</time>
   </trkpt>
   <trkpt lat="-1.2450040" lon="36.8231930">
    <ele>1694.0</ele>
    <time>2026-01-31T05:59:00Z</time>
   </trkpt>
   <trkpt lat="-1.2450010" lon="36.8231840">
    <ele>1694.0</ele>
    <time>2026-01-31T05:59:01Z</time>
   </trkpt>
   <trkpt lat="-1.2449970" lon="36.8231670">
    <ele>1694.0</ele>
    <time>2026-01-31T05:59:02Z</time>
   </trkpt>
   <trkpt lat="-1.2449930" lon="36.8231490">
    <ele>1694.0</ele>
    <time>2026-01-31T05:59:03Z</time>
   </trkpt>
   <trkpt lat="-1.2449910" lon="36.8231330">
    <ele>1694.1</ele>
    <time>2026-01-31T05:59:04Z</time>
   </trkpt>
   <trkpt lat="-1.2449860" lon="36.8231160">
    <ele>1694.1</ele>
    <time>2026-01-31T05:59:05Z</time>
   </trkpt>
   <trkpt lat="-1.2449830" lon="36.8230880">
    <ele>1694.1</ele>
    <time>2026-01-31T05:59:06Z</time>
   </trkpt>
   <trkpt lat="-1.2449840" lon="36.8230690">
    <ele>1694.1</ele>
    <time>2026-01-31T05:59:07Z</time>
   </trkpt>
   <trkpt lat="-1.2449840" lon="36.8230570">
    <ele>1694.2</ele>
    <time>2026-01-31T05:59:08Z</time>
   </trkpt>
   <trkpt lat="-1.2449830" lon="36.8230460">
    <ele>1694.2</ele>
    <time>2026-01-31T05:59:09Z</time>
   </trkpt>
   <trkpt lat="-1.2449810" lon="36.8230290">
    <ele>1694.2</ele>
    <time>2026-01-31T05:59:10Z</time>
   </trkpt>
   <trkpt lat="-1.2449780" lon="36.8230110">
    <ele>1694.2</ele>
    <time>2026-01-31T05:59:11Z</time>
   </trkpt>
   <trkpt lat="-1.2449760" lon="36.8229970">
    <ele>1694.2</ele>
    <time>2026-01-31T05:59:12Z</time>
   </trkpt>
   <trkpt lat="-1.2449740" lon="36.8229800">
    <ele>1694.2</ele>
    <time>2026-01-31T05:59:13Z</time>
   </trkpt>
   <trkpt lat="-1.2449730" lon="36.8229660">
    <ele>1694.3</ele>
    <time>2026-01-31T05:59:14Z</time>
   </trkpt>
   <trkpt lat="-1.2449710" lon="36.8229500">
    <ele>1694.3</ele>
    <time>2026-01-31T05:59:15Z</time>
   </trkpt>
   <trkpt lat="-1.2449680" lon="36.8229330">
    <ele>1694.3</ele>
    <time>2026-01-31T05:59:16Z</time>
   </trkpt>
   <trkpt lat="-1.2449670" lon="36.8229190">
    <ele>1694.3</ele>
    <time>2026-01-31T05:59:17Z</time>
   </trkpt>
   <trkpt lat="-1.2449660" lon="36.8228900">
    <ele>1694.3</ele>
    <time>2026-01-31T05:59:18Z</time>
   </trkpt>
   <trkpt lat="-1.2449650" lon="36.8228820">
    <ele>1694.3</ele>
    <time>2026-01-31T05:59:19Z</time>
   </trkpt>
   <trkpt lat="-1.2449630" lon="36.8228660">
    <ele>1694.4</ele>
    <time>2026-01-31T05:59:20Z</time>
   </trkpt>
   <trkpt lat="-1.2449610" lon="36.8228480">
    <ele>1694.4</ele>
    <time>2026-01-31T05:59:21Z</time>
   </trkpt>
   <trkpt lat="-1.2449590" lon="36.8228290">
    <ele>1694.4</ele>
    <time>2026-01-31T05:59:22Z</time>
   </trkpt>
   <trkpt lat="-1.2449570" lon="36.8228150">
    <ele>1694.4</ele>
    <time>2026-01-31T05:59:23Z</time>
   </trkpt>
   <trkpt lat="-1.2449550" lon="36.8227990">
    <ele>1694.4</ele>
    <time>2026-01-31T05:59:24Z</time>
   </trkpt>
   <trkpt lat="-1.2449510" lon="36.8227830">
    <ele>1694.4</ele>
    <time>2026-01-31T05:59:25Z</time>
   </trkpt>
   <trkpt lat="-1.2449480" lon="36.8227670">
    <ele>1694.4</ele>
    <time>2026-01-31T05:59:26Z</time>
   </trkpt>
   <trkpt lat="-1.2449460" lon="36.8227500">
    <ele>1694.4</ele>
    <time>2026-01-31T05:59:27Z</time>
   </trkpt>
   <trkpt lat="-1.2449430" lon="36.8227320">
    <ele>1694.4</ele>
    <time>2026-01-31T05:59:28Z</time>
   </trkpt>
   <trkpt lat="-1.2449380" lon="36.8227160">
    <ele>1694.4</ele>
    <time>2026-01-31T05:59:29Z</time>
   </trkpt>
   <trkpt lat="-1.2449310" lon="36.8226860">
    <ele>1694.4</ele>
    <time>2026-01-31T05:59:30Z</time>
   </trkpt>
   <trkpt lat="-1.2449290" lon="36.8226770">
    <ele>1694.4</ele>
    <time>2026-01-31T05:59:31Z</time>
   </trkpt>
   <trkpt lat="-1.2449230" lon="36.8226480">
    <ele>1694.4</ele>
    <time>2026-01-31T05:59:32Z</time>
   </trkpt>
   <trkpt lat="-1.2449210" lon="36.8226380">
    <ele>1694.4</ele>
    <time>2026-01-31T05:59:33Z</time>
   </trkpt>
   <trkpt lat="-1.2449100" lon="36.8226100">
    <ele>1694.4</ele>
    <time>2026-01-31T05:59:34Z</time>
   </trkpt>
   <trkpt lat="-1.2449050" lon="36.8226020">
    <ele>1694.4</ele>
    <time>2026-01-31T05:59:35Z</time>
   </trkpt>
   <trkpt lat="-1.2448950" lon="36.8225740">
    <ele>1694.4</ele>
    <time>2026-01-31T05:59:36Z</time>
   </trkpt>
   <trkpt lat="-1.2448920" lon="36.8225650">
    <ele>1694.4</ele>
    <time>2026-01-31T05:59:37Z</time>
   </trkpt>
   <trkpt lat="-1.2448860" lon="36.8225350">
    <ele>1694.4</ele>
    <time>2026-01-31T05:59:38Z</time>
   </trkpt>
   <trkpt lat="-1.2448840" lon="36.8225250">
    <ele>1694.4</ele>
    <time>2026-01-31T05:59:39Z</time>
   </trkpt>
   <trkpt lat="-1.2448780" lon="36.8224930">
    <ele>1694.3</ele>
    <time>2026-01-31T05:59:40Z</time>
   </trkpt>
   <trkpt lat="-1.2448750" lon="36.8224820">
    <ele>1694.3</ele>
    <time>2026-01-31T05:59:41Z</time>
   </trkpt>
   <trkpt lat="-1.2448670" lon="36.8224510">
    <ele>1694.3</ele>
    <time>2026-01-31T05:59:42Z</time>
   </trkpt>
   <trkpt lat="-1.2448640" lon="36.8224410">
    <ele>1694.3</ele>
    <time>2026-01-31T05:59:43Z</time>
   </trkpt>
   <trkpt lat="-1.2448540" lon="36.8224100">
    <ele>1694.3</ele>
    <time>2026-01-31T05:59:44Z</time>
   </trkpt>
   <trkpt lat="-1.2448510" lon="36.8224020">
    <ele>1694.3</ele>
    <time>2026-01-31T05:59:45Z</time>
   </trkpt>
   <trkpt lat="-1.2448430" lon="36.8223730">
    <ele>1694.3</ele>
    <time>2026-01-31T05:59:46Z</time>
   </trkpt>
   <trkpt lat="-1.2448400" lon="36.8223640">
    <ele>1694.3</ele>
    <time>2026-01-31T05:59:47Z</time>
   </trkpt>
   <trkpt lat="-1.2448320" lon="36.8223350">
    <ele>1694.3</ele>
    <time>2026-01-31T05:59:48Z</time>
   </trkpt>
   <trkpt lat="-1.2448300" lon="36.8223280">
    <ele>1694.3</ele>
    <time>2026-01-31T05:59:49Z</time>
   </trkpt>
   <trkpt lat="-1.2448240" lon="36.8223010">
    <ele>1694.3</ele>
    <time>2026-01-31T05:59:50Z</time>
   </trkpt>
   <trkpt lat="-1.2448210" lon="36.8222920">
    <ele>1694.3</ele>
    <time>2026-01-31T05:59:51Z</time>
   </trkpt>
   <trkpt lat="-1.2448130" lon="36.8222630">
    <ele>1694.3</ele>
    <time>2026-01-31T05:59:52Z</time>
   </trkpt>
   <trkpt lat="-1.2448090" lon="36.8222520">
    <ele>1694.3</ele>
    <time>2026-01-31T05:59:53Z</time>
   </trkpt>
   <trkpt lat="-1.2448060" lon="36.8222360">
    <ele>1694.3</ele>
    <time>2026-01-31T05:59:54Z</time>
   </trkpt>
   <trkpt lat="-1.2448030" lon="36.8222170">
    <ele>1694.3</ele>
    <time>2026-01-31T05:59:55Z</time>
   </trkpt>
   <trkpt lat="-1.2447950" lon="36.8221870">
    <ele>1694.3</ele>
    <time>2026-01-31T05:59:56Z</time>
   </trkpt>
   <trkpt lat="-1.2447920" lon="36.8221770">
    <ele>1694.3</ele>
    <time>2026-01-31T05:59:57Z</time>
   </trkpt>
   <trkpt lat="-1.2447810" lon="36.8221460">
    <ele>1694.3</ele>
    <time>2026-01-31T05:59:58Z</time>
   </trkpt>
   <trkpt lat="-1.2447770" lon="36.8221370">
    <ele>1694.3</ele>
    <time>2026-01-31T05:59:59Z</time>
   </trkpt>
   <trkpt lat="-1.2447670" lon="36.8221060">
    <ele>1694.3</ele>
    <time>2026-01-31T06:00:00Z</time>
   </trkpt>
   <trkpt lat="-1.2447640" lon="36.8220950">
    <ele>1694.3</ele>
    <time>2026-01-31T06:00:01Z</time>
   </trkpt>
   <trkpt lat="-1.2447560" lon="36.8220660">
    <ele>1694.3</ele>
    <time>2026-01-31T06:00:02Z</time>
   </trkpt>
   <trkpt lat="-1.2447540" lon="36.8220580">
    <ele>1694.3</ele>
    <time>2026-01-31T06:00:03Z</time>
   </trkpt>
   <trkpt lat="-1.2447450" lon="36.8220260">
    <ele>1694.3</ele>
    <time>2026-01-31T06:00:04Z</time>
   </trkpt>
   <trkpt lat="-1.2447410" lon="36.8220130">
    <ele>1694.3</ele>
    <time>2026-01-31T06:00:05Z</time>
   </trkpt>
   <trkpt lat="-1.2447330" lon="36.8219860">
    <ele>1694.3</ele>
    <time>2026-01-31T06:00:06Z</time>
   </trkpt>
   <trkpt lat="-1.2447300" lon="36.8219760">
    <ele>1694.3</ele>
    <time>2026-01-31T06:00:07Z</time>
   </trkpt>
   <trkpt lat="-1.2447190" lon="36.8219450">
    <ele>1694.4</ele>
    <time>2026-01-31T06:00:08Z</time>
   </trkpt>
   <trkpt lat="-1.2447150" lon="36.8219350">
    <ele>1694.4</ele>
    <time>2026-01-31T06:00:09Z</time>
   </trkpt>
   <trkpt lat="-1.2447040" lon="36.8219040">
    <ele>1694.4</ele>
    <time>2026-01-31T06:00:10Z</time>
   </trkpt>
   <trkpt lat="-1.2446990" lon="36.8218940">
    <ele>1694.4</ele>
    <time>2026-01-31T06:00:11Z</time>
   </trkpt>
   <trkpt lat="-1.2446890" lon="36.8218650">
    <ele>1694.4</ele>
    <time>2026-01-31T06:00:12Z</time>
   </trkpt>
   <trkpt lat="-1.2446860" lon="36.8218560">
    <ele>1694.4</ele>
    <time>2026-01-31T06:00:13Z</time>
   </trkpt>
   <trkpt lat="-1.2446750" lon="36.8218260">
    <ele>1694.4</ele>
    <time>2026-01-31T06:00:14Z</time>
   </trkpt>
   <trkpt lat="-1.2446700" lon="36.8218170">
    <ele>1694.4</ele>
    <time>2026-01-31T06:00:15Z</time>
   </trkpt>
   <trkpt lat="-1.2446600" lon="36.8217850">
    <ele>1694.4</ele>
    <time>2026-01-31T06:00:16Z</time>
   </trkpt>
   <trkpt lat="-1.2446570" lon="36.8217760">
    <ele>1694.4</ele>
    <time>2026-01-31T06:00:17Z</time>
   </trkpt>
   <trkpt lat="-1.2446430" lon="36.8217510">
    <ele>1694.4</ele>
    <time>2026-01-31T06:00:18Z</time>
   </trkpt>
   <trkpt lat="-1.2446380" lon="36.8217430">
    <ele>1694.4</ele>
    <time>2026-01-31T06:00:19Z</time>
   </trkpt>
   <trkpt lat="-1.2446290" lon="36.8217280">
    <ele>1694.4</ele>
    <time>2026-01-31T06:00:20Z</time>
   </trkpt>
   <trkpt lat="-1.2446190" lon="36.8217120">
    <ele>1694.5</ele>
    <time>2026-01-31T06:00:21Z</time>
   </trkpt>
   <trkpt lat="-1.2446070" lon="36.8216840">
    <ele>1694.5</ele>
    <time>2026-01-31T06:00:22Z</time>
   </trkpt>
   <trkpt lat="-1.2446030" lon="36.8216750">
    <ele>1694.5</ele>
    <time>2026-01-31T06:00:23Z</time>
   </trkpt>
   <trkpt lat="-1.2445980" lon="36.8216490">
    <ele>1694.5</ele>
    <time>2026-01-31T06:00:24Z</time>
   </trkpt>
   <trkpt lat="-1.2445960" lon="36.8216390">
    <ele>1694.6</ele>
    <time>2026-01-31T06:00:25Z</time>
   </trkpt>
   <trkpt lat="-1.2445870" lon="36.8216100">
    <ele>1694.6</ele>
    <time>2026-01-31T06:00:26Z</time>
   </trkpt>
   <trkpt lat="-1.2445840" lon="36.8216010">
    <ele>1694.6</ele>
    <time>2026-01-31T06:00:27Z</time>
   </trkpt>
   <trkpt lat="-1.2445720" lon="36.8215700">
    <ele>1694.7</ele>
    <time>2026-01-31T06:00:28Z</time>
   </trkpt>
   <trkpt lat="-1.2445680" lon="36.8215600">
    <ele>1694.7</ele>
    <time>2026-01-31T06:00:29Z</time>
   </trkpt>
   <trkpt lat="-1.2445550" lon="36.8215310">
    <ele>1694.8</ele>
    <time>2026-01-31T06:00:30Z</time>
   </trkpt>
   <trkpt lat="-1.2445500" lon="36.8215210">
    <ele>1694.8</ele>
    <time>2026-01-31T06:00:31Z</time>
   </trkpt>
   <trkpt lat="-1.2445380" lon="36.8214910">
    <ele>1694.8</ele>
    <time>2026-01-31T06:00:32Z</time>
   </trkpt>
   <trkpt lat="-1.2445340" lon="36.8214810">
    <ele>1694.9</ele>
    <time>2026-01-31T06:00:33Z</time>
   </trkpt>
   <trkpt lat="-1.2445320" lon="36.8214640">
    <ele>1694.9</ele>
    <time>2026-01-31T06:00:34Z</time>
   </trkpt>
   <trkpt lat="-1.2445290" lon="36.8214450">
    <ele>1694.9</ele>
    <time>2026-01-31T06:00:35Z</time>
   </trkpt>
   <trkpt lat="-1.2445250" lon="36.8214130">
    <ele>1695.0</ele>
    <time>2026-01-31T06:00:36Z</time>
   </trkpt>
   <trkpt lat="-1.2445230" lon="36.8214030">
    <ele>1695.0</ele>
    <time>2026-01-31T06:00:37Z</time>
   </trkpt>
   <trkpt lat="-1.2445180" lon="36.8213760">
    <ele>1695.0</ele>
    <time>2026-01-31T06:00:38Z</time>
   </trkpt>
   <trkpt lat="-1.2445160" lon="36.8213670">
    <ele>1695.1</ele>
    <time>2026-01-31T06:00:39Z</time>
   </trkpt>
   <trkpt lat="-1.2445070" lon="36.8213410">
    <ele>1695.1</ele>
    <time>2026-01-31T06:00:40Z</time>
   </trkpt>
   <trkpt lat="-1.2445030" lon="36.8213320">
    <ele>1695.1</ele>
    <time>2026-01-31T06:00:41Z</time>
   </trkpt>
   <trkpt lat="-1.2444960" lon="36.8213040">
    <ele>1695.1</ele>
    <time>2026-01-31T06:00:42Z</time>
   </trkpt>
   <trkpt lat="-1.2444930" lon="36.8212960">
    <ele>1695.2</ele>
    <time>2026-01-31T06:00:43Z</time>
   </trkpt>
   <trkpt lat="-1.2444990" lon="36.8212700">
    <ele>1695.2</ele>
    <time>2026-01-31T06:00:44Z</time>
   </trkpt>
   <trkpt lat="-1.2445010" lon="36.8212600">
    <ele>1695.2</ele>
    <time>2026-01-31T06:00:45Z</time>
   </trkpt>
   <trkpt lat="-1.2444970" lon="36.8212430">
    <ele>1695.2</ele>
    <time>2026-01-31T06:00:46Z</time>
   </trkpt>
   <trkpt lat="-1.2444860" lon="36.8212290">
    <ele>1695.2</ele>
    <time>2026-01-31T06:00:47Z</time>
   </trkpt>
   <trkpt lat="-1.2444770" lon="36.8212160">
    <ele>1695.3</ele>
    <time>2026-01-31T06:00:48Z</time>
   </trkpt>
   <trkpt lat="-1.2444730" lon="36.8211990">
    <ele>1695.3</ele>
    <time>2026-01-31T06:00:49Z</time>
   </trkpt>
   <trkpt lat="-1.2444720" lon="36.8211700">
    <ele>1695.3</ele>
    <time>2026-01-31T06:00:50Z</time>
   </trkpt>
   <trkpt lat="-1.2444720" lon="36.8211600">
    <ele>1695.3</ele>
    <time>2026-01-31T06:00:51Z</time>
   </trkpt>
   <trkpt lat="-1.2444690" lon="36.8211280">
    <ele>1695.3</ele>
    <time>2026-01-31T06:00:52Z</time>
   </trkpt>
   <trkpt lat="-1.2444670" lon="36.8211180">
    <ele>1695.3</ele>
    <time>2026-01-31T06:00:53Z</time>
   </trkpt>
   <trkpt lat="-1.2444620" lon="36.8210870">
    <ele>1695.3</ele>
    <time>2026-01-31T06:00:54Z</time>
   </trkpt>
   <trkpt lat="-1.2444600" lon="36.8210770">
    <ele>1695.3</ele>
    <time>2026-01-31T06:00:55Z</time>
   </trkpt>
   <trkpt lat="-1.2444590" lon="36.8210460">
    <ele>1695.3</ele>
    <time>2026-01-31T06:00:56Z</time>
   </trkpt>
   <trkpt lat="-1.2444580" lon="36.8210370">
    <ele>1695.3</ele>
    <time>2026-01-31T06:00:57Z</time>
   </trkpt>
   <trkpt lat="-1.2444520" lon="36.8210100">
    <ele>1695.3</ele>
    <time>2026-01-31T06:00:58Z</time>
   </trkpt>
   <trkpt lat="-1.2444500" lon="36.8210010">
    <ele>1695.3</ele>
    <time>2026-01-31T06:00:59Z</time>
   </trkpt>
   <trkpt lat="-1.2444370" lon="36.8209740">
    <ele>1695.3</ele>
    <time>2026-01-31T06:01:00Z</time>
   </trkpt>
   <trkpt lat="-1.2444310" lon="36.8209660">
    <ele>1695.3</ele>
    <time>2026-01-31T06:01:01Z</time>
   </trkpt>
   <trkpt lat="-1.2444120" lon="36.8209440">
    <ele>1695.4</ele>
    <time>2026-01-31T06:01:02Z</time>
   </trkpt>
   <trkpt lat="-1.2444050" lon="36.8209370">
    <ele>1695.4</ele>
    <time>2026-01-31T06:01:03Z</time>
   </trkpt>
   <trkpt lat="-1.2443850" lon="36.8209180">
    <ele>1695.2</ele>
    <time>2026-01-31T06:01:04Z</time>
   </trkpt>
   <trkpt lat="-1.2443770" lon="36.8209120">
    <ele>1695.2</ele>
    <time>2026-01-31T06:01:05Z</time>
   </trkpt>
   <trkpt lat="-1.2443540" lon="36.8208940">
    <ele>1695.3</ele>
    <time>2026-01-31T06:01:06Z</time>
   </trkpt>
   <trkpt lat="-1.2443460" lon="36.8208880">
    <ele>1694.8</ele>
    <time>2026-01-31T06:01:07Z</time>
   </trkpt>
   <trkpt lat="-1.2443320" lon="36.8208780">
    <ele>1694.8</ele>
    <time>2026-01-31T06:01:08Z</time>
   </trkpt>
   <trkpt lat="-1.2443180" lon="36.8208680">
    <ele>1694.8</ele>
    <time>2026-01-31T06:01:09Z</time>
   </trkpt>
   <trkpt lat="-1.2443040" lon="36.8208570">
    <ele>1694.8</ele>
    <time>2026-01-31T06:01:10Z</time>
   </trkpt>
   <trkpt lat="-1.2442890" lon="36.8208470">
    <ele>1694.2</ele>
    <time>2026-01-31T06:01:11Z</time>
   </trkpt>
   <trkpt lat="-1.2442660" lon="36.8208300">
    <ele>1694.2</ele>
    <time>2026-01-31T06:01:12Z</time>
   </trkpt>
   <trkpt lat="-1.2442580" lon="36.8208240">
    <ele>1694.3</ele>
    <time>2026-01-31T06:01:13Z</time>
   </trkpt>
   <trkpt lat="-1.2442320" lon="36.8208110">
    <ele>1694.4</ele>
    <time>2026-01-31T06:01:14Z</time>
   </trkpt>
   <trkpt lat="-1.2442230" lon="36.8208070">
    <ele>1693.8</ele>
    <time>2026-01-31T06:01:15Z</time>
   </trkpt>
   <trkpt lat="-1.2441950" lon="36.8207950">
    <ele>1693.9</ele>
    <time>2026-01-31T06:01:16Z</time>
   </trkpt>
   <trkpt lat="-1.2441860" lon="36.8207920">
    <ele>1694.1</ele>
    <time>2026-01-31T06:01:17Z</time>
   </trkpt>
   <trkpt lat="-1.2441580" lon="36.8207810">
    <ele>1694.1</ele>
    <time>2026-01-31T06:01:18Z</time>
   </trkpt>
   <trkpt lat="-1.2441490" lon="36.8207790">
    <ele>1694.2</ele>
    <time>2026-01-31T06:01:19Z</time>
   </trkpt>
   <trkpt lat="-1.2441330" lon="36.8207760">
    <ele>1694.5</ele>
    <time>2026-01-31T06:01:20Z</time>
   </trkpt>
   <trkpt lat="-1.2441150" lon="36.8207710">
    <ele>1694.5</ele>
    <time>2026-01-31T06:01:21Z</time>
   </trkpt>
   <trkpt lat="-1.2440860" lon="36.8207670">
    <ele>1694.8</ele>
    <time>2026-01-31T06:01:22Z</time>
   </trkpt>
   <trkpt lat="-1.2440760" lon="36.8207660">
    <ele>1694.9</ele>
    <time>2026-01-31T06:01:23Z</time>
   </trkpt>
   <trkpt lat="-1.2440460" lon="36.8207610">
    <ele>1694.7</ele>
    <time>2026-01-31T06:01:24Z</time>
   </trkpt>
   <trkpt lat="-1.2440360" lon="36.8207590">
    <ele>1694.8</ele>
    <time>2026-01-31T06:01:25Z</time>
   </trkpt>
   <trkpt lat="-1.2440070" lon="36.8207560">
    <ele>1694.8</ele>
    <time>2026-01-31T06:01:26Z</time>
   </trkpt>
   <trkpt lat="-1.2439970" lon="36.8207540">
    <ele>1694.8</ele>
    <time>2026-01-31T06:01:27Z</time>
   </trkpt>
   <trkpt lat="-1.2439680" lon="36.8207480">
    <ele>1694.6</ele>
    <time>2026-01-31T06:01:28Z</time>
   </trkpt>
   <trkpt lat="-1.2439580" lon="36.8207470">
    <ele>1694.6</ele>
    <time>2026-01-31T06:01:29Z</time>
   </trkpt>
   <trkpt lat="-1.2439250" lon="36.8207330">
    <ele>1694.3</ele>
    <time>2026-01-31T06:01:30Z</time>
   </trkpt>
   <trkpt lat="-1.2439150" lon="36.8207280">
    <ele>1694.3</ele>
    <time>2026-01-31T06:01:31Z</time>
   </trkpt>
   <trkpt lat="-1.2438890" lon="36.8207070">
    <ele>1693.5</ele>
    <time>2026-01-31T06:01:32Z</time>
   </trkpt>
   <trkpt lat="-1.2438810" lon="36.8207000">
    <ele>1693.5</ele>
    <time>2026-01-31T06:01:33Z</time>
   </trkpt>
   <trkpt lat="-1.2438540" lon="36.8206810">
    <ele>1693.5</ele>
    <time>2026-01-31T06:01:34Z</time>
   </trkpt>
   <trkpt lat="-1.2438450" lon="36.8206760">
    <ele>1692.9</ele>
    <time>2026-01-31T06:01:35Z</time>
   </trkpt>
   <trkpt lat="-1.2438160" lon="36.8206560">
    <ele>1692.9</ele>
    <time>2026-01-31T06:01:36Z</time>
   </trkpt>
   <trkpt lat="-1.2438060" lon="36.8206500">
    <ele>1693.0</ele>
    <time>2026-01-31T06:01:37Z</time>
   </trkpt>
   <trkpt lat="-1.2437770" lon="36.8206330">
    <ele>1692.7</ele>
    <time>2026-01-31T06:01:38Z</time>
   </trkpt>
   <trkpt lat="-1.2437670" lon="36.8206280">
    <ele>1692.8</ele>
    <time>2026-01-31T06:01:39Z</time>
   </trkpt>
   <trkpt lat="-1.2437340" lon="36.8206210">
    <ele>1693.1</ele>
    <time>2026-01-31T06:01:40Z</time>
   </trkpt>
   <trkpt lat="-1.2437220" lon="36.8206200">
    <ele>1693.1</ele>
    <time>2026-01-31T06:01:41Z</time>
   </trkpt>
   <trkpt lat="-1.2436880" lon="36.8206120">
    <ele>1693.5</ele>
    <time>2026-01-31T06:01:42Z</time>
   </trkpt>
   <trkpt lat="-1.2436760" lon="36.8206090">
    <ele>1693.5</ele>
    <time>2026-01-31T06:01:43Z</time>
   </trkpt>
   <trkpt lat="-1.2436410" lon="36.8206060">
    <ele>1693.7</ele>
    <time>2026-01-31T06:01:44Z</time>
   </trkpt>
   <trkpt lat="-1.2436280" lon="36.8206060">
    <ele>1693.8</ele>
    <time>2026-01-31T06:01:45Z</time>
   </trkpt>
   <trkpt lat="-1.2435930" lon="36.8206160">
    <ele>1693.8</ele>
    <time>2026-01-31T06:01:46Z</time>
   </trkpt>
   <trkpt lat="-1.2435810" lon="36.8206200">
    <ele>1693.7</ele>
    <time>2026-01-31T06:01:47Z</time>
   </trkpt>
   <trkpt lat="-1.2435540" lon="36.8206320">
    <ele>1693.8</ele>
    <time>2026-01-31T06:01:48Z</time>
   </trkpt>
   <trkpt lat="-1.2435450" lon="36.8206360">
    <ele>1693.7</ele>
    <time>2026-01-31T06:01:49Z</time>
   </trkpt>
   <trkpt lat="-1.2435170" lon="36.8206500">
    <ele>1693.7</ele>
    <time>2026-01-31T06:01:50Z</time>
   </trkpt>
   <trkpt lat="-1.2435080" lon="36.8206550">
    <ele>1693.8</ele>
    <time>2026-01-31T06:01:51Z</time>
   </trkpt>
   <trkpt lat="-1.2434790" lon="36.8206640">
    <ele>1693.7</ele>
    <time>2026-01-31T06:01:52Z</time>
   </trkpt>
   <trkpt lat="-1.2434680" lon="36.8206650">
    <ele>1693.7</ele>
    <time>2026-01-31T06:01:53Z</time>
   </trkpt>
   <trkpt lat="-1.2434370" lon="36.8206560">
    <ele>1693.7</ele>
    <time>2026-01-31T06:01:54Z</time>
   </trkpt>
   <trkpt lat="-1.2434270" lon="36.8206520">
    <ele>1693.8</ele>
    <time>2026-01-31T06:01:55Z</time>
   </trkpt>
   <trkpt lat="-1.2433990" lon="36.8206390">
    <ele>1693.8</ele>
    <time>2026-01-31T06:01:56Z</time>
   </trkpt>
   <trkpt lat="-1.2433900" lon="36.8206340">
    <ele>1693.9</ele>
    <time>2026-01-31T06:01:57Z</time>
   </trkpt>
   <trkpt lat="-1.2433670" lon="36.8206120">
    <ele>1694.0</ele>
    <time>2026-01-31T06:01:58Z</time>
   </trkpt>
   <trkpt lat="-1.2433600" lon="36.8206030">
    <ele>1694.0</ele>
    <time>2026-01-31T06:01:59Z</time>
   </trkpt>
   <trkpt lat="-1.2433450" lon="36.8205720">
    <ele>1694.1</ele>
    <time>2026-01-31T06:02:00Z</time>
   </trkpt>
   <trkpt lat="-1.2433390" lon="36.8205600">
    <ele>1694.1</ele>
    <time>2026-01-31T06:02:01Z</time>
   </trkpt>
   <trkpt lat="-1.2433340" lon="36.8205340">
    <ele>1694.2</ele>
    <time>2026-01-31T06:02:02Z</time>
   </trkpt>
   <trkpt lat="-1.2433300" lon="36.8205250">
    <ele>1694.1</ele>
    <time>2026-01-31T06:02:03Z</time>
   </trkpt>
   <trkpt lat="-1.2433080" lon="36.8205010">
    <ele>1694.2</ele>
    <time>2026-01-31T06:02:04Z</time>
   </trkpt>
   <trkpt lat="-1.2432980" lon="36.8204950">
    <ele>1694.2</ele>
    <time>2026-01-31T06:02:05Z</time>
   </trkpt>
   <trkpt lat="-1.2432630" lon="36.8204890">
    <ele>1694.0</ele>
    <time>2026-01-31T06:02:06Z</time>
   </trkpt>
   <trkpt lat="-1.2432520" lon="36.8204860">
    <ele>1694.0</ele>
    <time>2026-01-31T06:02:07Z</time>
   </trkpt>
   <trkpt lat="-1.2432180" lon="36.8204790">
    <ele>1693.7</ele>
    <time>2026-01-31T06:02:08Z</time>
   </trkpt>
   <trkpt lat="-1.2432060" lon="36.8204780">
    <ele>1693.7</ele>
    <time>2026-01-31T06:02:09Z</time>
   </trkpt>
   <trkpt lat="-1.2431770" lon="36.8204730">
    <ele>1693.5</ele>
    <time>2026-01-31T06:02:10Z</time>
   </trkpt>
   <trkpt lat="-1.2431670" lon="36.8204690">
    <ele>1693.5</ele>
    <time>2026-01-31T06:02:11Z</time>
   </trkpt>
   <trkpt lat="-1.2431410" lon="36.8204450">
    <ele>1693.4</ele>
    <time>2026-01-31T06:02:12Z</time>
   </trkpt>
   <trkpt lat="-1.2431340" lon="36.8204350">
    <ele>1693.4</ele>
    <time>2026-01-31T06:02:13Z</time>
   </trkpt>
   <trkpt lat="-1.2431200" lon="36.8204010">
    <ele>1693.3</ele>
    <time>2026-01-31T06:02:14Z</time>
   </trkpt>
   <trkpt lat="-1.2431170" lon="36.8203890">
    <ele>1693.2</ele>
    <time>2026-01-31T06:02:15Z</time>
   </trkpt>
   <trkpt lat="-1.2431090" lon="36.8203520">
    <ele>1693.0</ele>
    <time>2026-01-31T06:02:16Z</time>
   </trkpt>
   <trkpt lat="-1.2431040" lon="36.8203410">
    <ele>1693.0</ele>
    <time>2026-01-31T06:02:17Z</time>
   </trkpt>
   <trkpt lat="-1.2430830" lon="36.8203090">
    <ele>1692.7</ele>
    <time>2026-01-31T06:02:18Z</time>
   </trkpt>
   <trkpt lat="-1.2430730" lon="36.8203000">
    <ele>1692.7</ele>
    <time>2026-01-31T06:02:19Z</time>
   </trkpt>
   <trkpt lat="-1.2430470" lon="36.8202760">
    <ele>1692.5</ele>
    <time>2026-01-31T06:02:20Z</time>
   </trkpt>
   <trkpt lat="-1.2430400" lon="36.8202660">
    <ele>1692.5</ele>
    <time>2026-01-31T06:02:21Z</time>
   </trkpt>
   <trkpt lat="-1.2430470" lon="36.8202310">
    <ele>1692.1</ele>
    <time>2026-01-31T06:02:22Z</time>
   </trkpt>
   <trkpt lat="-1.2430540" lon="36.8202200">
    <ele>1691.9</ele>
    <time>2026-01-31T06:02:23Z</time>
   </trkpt>
   <trkpt lat="-1.2430810" lon="36.8202030">
    <ele>1691.5</ele>
    <time>2026-01-31T06:02:24Z</time>
   </trkpt>
   <trkpt lat="-1.2431010" lon="36.8201850">
    <ele>1691.1</ele>
    <time>2026-01-31T06:02:25Z</time>
   </trkpt>
   <trkpt lat="-1.2431240" lon="36.8201690">
    <ele>1690.8</ele>
    <time>2026-01-31T06:02:26Z</time>
   </trkpt>
   <trkpt lat="-1.2431540" lon="36.8201450">
    <ele>1690.2</ele>
    <time>2026-01-31T06:02:27Z</time>
   </trkpt>
   <trkpt lat="-1.2431630" lon="36.8201330">
    <ele>1690.0</ele>
    <time>2026-01-31T06:02:28Z</time>
   </trkpt>
   <trkpt lat="-1.2431710" lon="36.8201050">
    <ele>1689.6</ele>
    <time>2026-01-31T06:02:29Z</time>
   </trkpt>
   <trkpt lat="-1.2431930" lon="36.8200740">
    <ele>1689.0</ele>
    <time>2026-01-31T06:02:30Z</time>
   </trkpt>
   <trkpt lat="-1.2432010" lon="36.8200640">
    <ele>1689.2</ele>
    <time>2026-01-31T06:02:31Z</time>
   </trkpt>
   <trkpt lat="-1.2432250" lon="36.8200380">
    <ele>1689.8</ele>
    <time>2026-01-31T06:02:32Z</time>
   </trkpt>
   <trkpt lat="-1.2432320" lon="36.8200280">
    <ele>1690.0</ele>
    <time>2026-01-31T06:02:33Z</time>
   </trkpt>
   <trkpt lat="-1.2432530" lon="36.8199990">
    <ele>1690.6</ele>
    <time>2026-01-31T06:02:34Z</time>
   </trkpt>
   <trkpt lat="-1.2432590" lon="36.8199890">
    <ele>1690.9</ele>
    <time>2026-01-31T06:02:35Z</time>
   </trkpt>
   <trkpt lat="-1.2432760" lon="36.8199590">
    <ele>1691.5</ele>
    <time>2026-01-31T06:02:36Z</time>
   </trkpt>
   <trkpt lat="-1.2432810" lon="36.8199480">
    <ele>1691.7</ele>
    <time>2026-01-31T06:02:37Z</time>
   </trkpt>
   <trkpt lat="-1.2432790" lon="36.8199090">
    <ele>1692.5</ele>
    <time>2026-01-31T06:02:38Z</time>
   </trkpt>
   <trkpt lat="-1.2432740" lon="36.8198960">
    <ele>1692.8</ele>
    <time>2026-01-31T06:02:39Z</time>
   </trkpt>
   <trkpt lat="-1.2432640" lon="36.8198640">
    <ele>1693.5</ele>
    <time>2026-01-31T06:02:40Z</time>
   </trkpt>
   <trkpt lat="-1.2432600" lon="36.8198530">
    <ele>1693.8</ele>
    <time>2026-01-31T06:02:41Z</time>
   </trkpt>
   <trkpt lat="-1.2432460" lon="36.8198210">
    <ele>1694.0</ele>
    <time>2026-01-31T06:02:42Z</time>
   </trkpt>
   <trkpt lat="-1.2432400" lon="36.8198110">
    <ele>1694.0</ele>
    <time>2026-01-31T06:02:43Z</time>
   </trkpt>
   <trkpt lat="-1.2432140" lon="36.8197860">
    <ele>1694.1</ele>
    <time>2026-01-31T06:02:44Z</time>
   </trkpt>
   <trkpt lat="-1.2432050" lon="36.8197790">
    <ele>1694.2</ele>
    <time>2026-01-31T06:02:45Z</time>
   </trkpt>
   <trkpt lat="-1.2431740" lon="36.8197640">
    <ele>1694.3</ele>
    <time>2026-01-31T06:02:46Z</time>
   </trkpt>
   <trkpt lat="-1.2431640" lon="36.8197600">
    <ele>1694.3</ele>
    <time>2026-01-31T06:02:47Z</time>
   </trkpt>
   <trkpt lat="-1.2431380" lon="36.8197440">
    <ele>1694.4</ele>
    <time>2026-01-31T06:02:48Z</time>
   </trkpt>
   <trkpt lat="-1.2431280" lon="36.8197400">
    <ele>1694.5</ele>
    <time>2026-01-31T06:02:49Z</time>
   </trkpt>
   <trkpt lat="-1.2431000" lon="36.8197340">
    <ele>1694.6</ele>
    <time>2026-01-31T06:02:50Z</time>
   </trkpt>
   <trkpt lat="-1.2430900" lon="36.8197310">
    <ele>1694.6</ele>
    <time>2026-01-31T06:02:51Z</time>
   </trkpt>
   <trkpt lat="-1.2430640" lon="36.8197170">
    <ele>1694.7</ele>
    <time>2026-01-31T06:02:52Z</time>
   </trkpt>
   <trkpt lat="-1.2430550" lon="36.8197130">
    <ele>1694.8</ele>
    <time>2026-01-31T06:02:53Z</time>
   </trkpt>
   <trkpt lat="-1.2430320" lon="36.8196960">
    <ele>1694.9</ele>
    <time>2026-01-31T06:02:54Z</time>
   </trkpt>
   <trkpt lat="-1.2430230" lon="36.8196910">
    <ele>1694.9</ele>
    <time>2026-01-31T06:02:55Z</time>
   </trkpt>
   <trkpt lat="-1.2430050" lon="36.8196690">
    <ele>1695.0</ele>
    <time>2026-01-31T06:02:56Z</time>
   </trkpt>
   <trkpt lat="-1.2429990" lon="36.8196610">
    <ele>1695.1</ele>
    <time>2026-01-31T06:02:57Z</time>
   </trkpt>
   <trkpt lat="-1.2429740" lon="36.8196420">
    <ele>1695.2</ele>
    <time>2026-01-31T06:02:58Z</time>
   </trkpt>
   <trkpt lat="-1.2429640" lon="36.8196360">
    <ele>1695.2</ele>
    <time>2026-01-31T06:02:59Z</time>
   </trkpt>
   <trkpt lat="-1.2429510" lon="36.8196140">
    <ele>1695.3</ele>
    <time>2026-01-31T06:03:00Z</time>
   </trkpt>
   <trkpt lat="-1.2429450" lon="36.8196050">
    <ele>1695.4</ele>
    <time>2026-01-31T06:03:01Z</time>
   </trkpt>
   <trkpt lat="-1.2429260" lon="36.8195790">
    <ele>1695.5</ele>
    <time>2026-01-31T06:03:02Z</time>
   </trkpt>
   <trkpt lat="-1.2429190" lon="36.8195720">
    <ele>1695.5</ele>
    <time>2026-01-31T06:03:03Z</time>
   </trkpt>
   <trkpt lat="-1.2429000" lon="36.8195490">
    <ele>1695.7</ele>
    <time>2026-01-31T06:03:04Z</time>
   </trkpt>
   <trkpt lat="-1.2428940" lon="36.8195420">
    <ele>1695.7</ele>
    <time>2026-01-31T06:03:05Z</time>
   </trkpt>
   <trkpt lat="-1.2428840" lon="36.8195280">
    <ele>1695.8</ele>
    <time>2026-01-31T06:03:06Z</time>
   </trkpt>
   <trkpt lat="-1.2428760" lon="36.8195130">
    <ele>1695.9</ele>
    <time>2026-01-31T06:03:07Z</time>
   </trkpt>
   <trkpt lat="-1.2428660" lon="36.8194870">
    <ele>1696.0</ele>
    <time>2026-01-31T06:03:08Z</time>
   </trkpt>
   <trkpt lat="-1.2428640" lon="36.8194780">
    <ele>1696.0</ele>
    <time>2026-01-31T06:03:09Z</time>
   </trkpt>
   <trkpt lat="-1.2428570" lon="36.8194680">
    <ele>1696.1</ele>
    <time>2026-01-31T06:03:10Z</time>
   </trkpt>
   <trkpt lat="-1.2428460" lon="36.8194540">
    <ele>1696.2</ele>
    <time>2026-01-31T06:03:11Z</time>
   </trkpt>
   <trkpt lat="-1.2428240" lon="36.8194330">
    <ele>1696.3</ele>
    <time>2026-01-31T06:03:12Z</time>
   </trkpt>
   <trkpt lat="-1.2428140" lon="36.8194290">
    <ele>1696.4</ele>
    <time>2026-01-31T06:03:13Z</time>
   </trkpt>
   <trkpt lat="-1.2427850" lon="36.8194140">
    <ele>1696.5</ele>
    <time>2026-01-31T06:03:14Z</time>
   </trkpt>
   <trkpt lat="-1.2427750" lon="36.8194100">
    <ele>1696.5</ele>
    <time>2026-01-31T06:03:15Z</time>
   </trkpt>
   <trkpt lat="-1.2427440" lon="36.8193970">
    <ele>1696.7</ele>
    <time>2026-01-31T06:03:16Z</time>
   </trkpt>
   <trkpt lat="-1.2427340" lon="36.8193950">
    <ele>1696.7</ele>
    <time>2026-01-31T06:03:17Z</time>
   </trkpt>
   <trkpt lat="-1.2427020" lon="36.8193940">
    <ele>1696.8</ele>
    <time>2026-01-31T06:03:18Z</time>
   </trkpt>
   <trkpt lat="-1.2426890" lon="36.8193950">
    <ele>1696.9</ele>
    <time>2026-01-31T06:03:19Z</time>
   </trkpt>
   <trkpt lat="-1.2426580" lon="36.8193990">
    <ele>1697.0</ele>
    <time>2026-01-31T06:03:20Z</time>
   </trkpt>
   <trkpt lat="-1.2426480" lon="36.8194000">
    <ele>1697.0</ele>
    <time>2026-01-31T06:03:21Z</time>
   </trkpt>
   <trkpt lat="-1.2426140" lon="36.8193970">
    <ele>1697.1</ele>
    <time>2026-01-31T06:03:22Z</time>
   </trkpt>
   <trkpt lat="-1.2426020" lon="36.8193960">
    <ele>1697.2</ele>
    <time>2026-01-31T06:03:23Z</time>
   </trkpt>
   <trkpt lat="-1.2425700" lon="36.8193800">
    <ele>1697.3</ele>
    <time>2026-01-31T06:03:24Z</time>
   </trkpt>
   <trkpt lat="-1.2425590" lon="36.8193740">
    <ele>1697.3</ele>
    <time>2026-01-31T06:03:25Z</time>
   </trkpt>
   <trkpt lat="-1.2425300" lon="36.8193620">
    <ele>1697.4</ele>
    <time>2026-01-31T06:03:26Z</time>
   </trkpt>
   <trkpt lat="-1.2425230" lon="36.8193570">
    <ele>1697.4</ele>
    <time>2026-01-31T06:03:27Z</time>
   </trkpt>
   <trkpt lat="-1.2424970" lon="36.8193380">
    <ele>1697.4</ele>
    <time>2026-01-31T06:03:28Z</time>
   </trkpt>
   <trkpt lat="-1.2424880" lon="36.8193330">
    <ele>1697.4</ele>
    <time>2026-01-31T06:03:29Z</time>
   </trkpt>
   <trkpt lat="-1.2424620" lon="36.8193110">
    <ele>1697.5</ele>
    <time>2026-01-31T06:03:30Z</time>
   </trkpt>
   <trkpt lat="-1.2424540" lon="36.8193040">
    <ele>1697.5</ele>
    <time>2026-01-31T06:03:31Z</time>
   </trkpt>
   <trkpt lat="-1.2424290" lon="36.8192800">
    <ele>1697.6</ele>
    <time>2026-01-31T06:03:32Z</time>
   </trkpt>
   <trkpt lat="-1.2424210" lon="36.8192730">
    <ele>1697.6</ele>
    <time>2026-01-31T06:03:33Z</time>
   </trkpt>
   <trkpt lat="-1.2424020" lon="36.8192500">
    <ele>1697.6</ele>
    <time>2026-01-31T06:03:34Z</time>
   </trkpt>
   <trkpt lat="-1.2423950" lon="36.8192420">
    <ele>1697.6</ele>
    <time>2026-01-31T06:03:35Z</time>
   </trkpt>
   <trkpt lat="-1.2423750" lon="36.8192170">
    <ele>1697.7</ele>
    <time>2026-01-31T06:03:36Z</time>
   </trkpt>
   <trkpt lat="-1.2423690" lon="36.8192080">
    <ele>1697.7</ele>
    <time>2026-01-31T06:03:37Z</time>
   </trkpt>
   <trkpt lat="-1.2423480" lon="36.8191840">
    <ele>1697.7</ele>
    <time>2026-01-31T06:03:38Z</time>
   </trkpt>
   <trkpt lat="-1.2423400" lon="36.8191750">
    <ele>1697.7</ele>
    <time>2026-01-31T06:03:39Z</time>
   </trkpt>
   <trkpt lat="-1.2423220" lon="36.8191520">
    <ele>1697.7</ele>
    <time>2026-01-31T06:03:40Z</time>
   </trkpt>
   <trkpt lat="-1.2423140" lon="36.8191460">
    <ele>1697.7</ele>
    <time>2026-01-31T06:03:41Z</time>
   </trkpt>
   <trkpt lat="-1.2422870" lon="36.8191320">
    <ele>1697.8</ele>
    <time>2026-01-31T06:03:42Z</time>
   </trkpt>
   <trkpt lat="-1.2422760" lon="36.8191280">
    <ele>1697.8</ele>
    <time>2026-01-31T06:03:43Z</time>
   </trkpt>
   <trkpt lat="-1.2422540" lon="36.8191100">
    <ele>1697.8</ele>
    <time>2026-01-31T06:03:44Z</time>
   </trkpt>
   <trkpt lat="-1.2422470" lon="36.8191040">
    <ele>1697.8</ele>
    <time>2026-01-31T06:03:45Z</time>
   </trkpt>
   <trkpt lat="-1.2422240" lon="36.8190860">
    <ele>1697.8</ele>
    <time>2026-01-31T06:03:46Z</time>
   </trkpt>
   <trkpt lat="-1.2422160" lon="36.8190800">
    <ele>1697.7</ele>
    <time>2026-01-31T06:03:47Z</time>
   </trkpt>
   <trkpt lat="-1.2421930" lon="36.8190620">
    <ele>1697.7</ele>
    <time>2026-01-31T06:03:48Z</time>
   </trkpt>
   <trkpt lat="-1.2421870" lon="36.8190570">
    <ele>1697.7</ele>
    <time>2026-01-31T06:03:49Z</time>
   </trkpt>
   <trkpt lat="-1.2421680" lon="36.8190370">
    <ele>1697.7</ele>
    <time>2026-01-31T06:03:50Z</time>
   </trkpt>
   <trkpt lat="-1.2421610" lon="36.8190290">
    <ele>1697.6</ele>
    <time>2026-01-31T06:03:51Z</time>
   </trkpt>
   <trkpt lat="-1.2421480" lon="36.8190210">
    <ele>1697.6</ele>
    <time>2026-01-31T06:03:52Z</time>
   </trkpt>
   <trkpt lat="-1.2421330" lon="36.8190130">
    <ele>1697.6</ele>
    <time>2026-01-31T06:03:53Z</time>
   </trkpt>
   <trkpt lat="-1.2421110" lon="36.8189970">
    <ele>1697.5</ele>
    <time>2026-01-31T06:03:54Z</time>
   </trkpt>
   <trkpt lat="-1.2421030" lon="36.8189900">
    <ele>1697.5</ele>
    <time>2026-01-31T06:03:55Z</time>
   </trkpt>
   <trkpt lat="-1.2420880" lon="36.8189830">
    <ele>1697.4</ele>
    <time>2026-01-31T06:03:56Z</time>
   </trkpt>
   <trkpt lat="-1.2420710" lon="36.8189770">
    <ele>1697.3</ele>
    <time>2026-01-31T06:03:57Z</time>
   </trkpt>
   <trkpt lat="-1.2420460" lon="36.8189660">
    <ele>1697.2</ele>
    <time>2026-01-31T06:03:58Z</time>
   </trkpt>
   <trkpt lat="-1.2420370" lon="36.8189620">
    <ele>1697.2</ele>
    <time>2026-01-31T06:03:59Z</time>
   </trkpt>
   <trkpt lat="-1.2420150" lon="36.8189420">
    <ele>1697.1</ele>
    <time>2026-01-31T06:04:00Z</time>
   </trkpt>
   <trkpt lat="-1.2420080" lon="36.8189340">
    <ele>1697.0</ele>
    <time>2026-01-31T06:04:01Z</time>
   </trkpt>
   <trkpt lat="-1.2419930" lon="36.8189050">
    <ele>1696.8</ele>
    <time>2026-01-31T06:04:02Z</time>
   </trkpt>
   <trkpt lat="-1.2419880" lon="36.8188960">
    <ele>1696.8</ele>
    <time>2026-01-31T06:04:03Z</time>
   </trkpt>
   <trkpt lat="-1.2419690" lon="36.8188690">
    <ele>1696.6</ele>
    <time>2026-01-31T06:04:04Z</time>
   </trkpt>
   <trkpt lat="-1.2419620" lon="36.8188630">
    <ele>1696.5</ele>
    <time>2026-01-31T06:04:05Z</time>
   </trkpt>
   <trkpt lat="-1.2419380" lon="36.8188420">
    <ele>1696.3</ele>
    <time>2026-01-31T06:04:06Z</time>
   </trkpt>
   <trkpt lat="-1.2419300" lon="36.8188350">
    <ele>1696.2</ele>
    <time>2026-01-31T06:04:07Z</time>
   </trkpt>
   <trkpt lat="-1.2419100" lon="36.8188150">
    <ele>1696.0</ele>
    <time>2026-01-31T06:04:08Z</time>
   </trkpt>
   <trkpt lat="-1.2419020" lon="36.8188080">
    <ele>1696.0</ele>
    <time>2026-01-31T06:04:09Z</time>
   </trkpt>
   <trkpt lat="-1.2418820" lon="36.8187830">
    <ele>1695.8</ele>
    <time>2026-01-31T06:04:10Z</time>
   </trkpt>
   <trkpt lat="-1.2418740" lon="36.8187760">
    <ele>1695.7</ele>
    <time>2026-01-31T06:04:11Z</time>
   </trkpt>
   <trkpt lat="-1.2418470" lon="36.8187580">
    <ele>1695.5</ele>
    <time>2026-01-31T06:04:12Z</time>
   </trkpt>
   <trkpt lat="-1.2418380" lon="36.8187530">
    <ele>1695.4</ele>
    <time>2026-01-31T06:04:13Z</time>
   </trkpt>
   <trkpt lat="-1.2418130" lon="36.8187320">
    <ele>1695.2</ele>
    <time>2026-01-31T06:04:14Z</time>
   </trkpt>
   <trkpt lat="-1.2418060" lon="36.8187250">
    <ele>1695.1</ele>
    <time>2026-01-31T06:04:15Z</time>
   </trkpt>
   <trkpt lat="-1.2417840" lon="36.8187000">
    <ele>1694.9</ele>
    <time>2026-01-31T06:04:16Z</time>
   </trkpt>
   <trkpt lat="-1.2417760" lon="36.8186920">
    <ele>1694.9</ele>
    <time>2026-01-31T06:04:17Z</time>
   </trkpt>
   <trkpt lat="-1.2417490" lon="36.8186710">
    <ele>1694.7</ele>
    <time>2026-01-31T06:04:18Z</time>
   </trkpt>
   <trkpt lat="-1.2417390" lon="36.8186640">
    <ele>1694.6</ele>
    <time>2026-01-31T06:04:19Z</time>
   </trkpt>
   <trkpt lat="-1.2417110" lon="36.8186420">
    <ele>1694.4</ele>
    <time>2026-01-31T06:04:20Z</time>
   </trkpt>
   <trkpt lat="-1.2417020" lon="36.8186350">
    <ele>1694.4</ele>
    <time>2026-01-31T06:04:21Z</time>
   </trkpt>
   <trkpt lat="-1.2416760" lon="36.8186090">
    <ele>1694.2</ele>
    <time>2026-01-31T06:04:22Z</time>
   </trkpt>
   <trkpt lat="-1.2416670" lon="36.8186000">
    <ele>1694.2</ele>
    <time>2026-01-31T06:04:23Z</time>
   </trkpt>
   <trkpt lat="-1.2416460" lon="36.8185730">
    <ele>1694.1</ele>
    <time>2026-01-31T06:04:24Z</time>
   </trkpt>
   <trkpt lat="-1.2416400" lon="36.8185630">
    <ele>1694.0</ele>
    <time>2026-01-31T06:04:25Z</time>
   </trkpt>
   <trkpt lat="-1.2416260" lon="36.8185310">
    <ele>1693.9</ele>
    <time>2026-01-31T06:04:26Z</time>
   </trkpt>
   <trkpt lat="-1.2416200" lon="36.8185210">
    <ele>1693.8</ele>
    <time>2026-01-31T06:04:27Z</time>
   </trkpt>
   <trkpt lat="-1.2416180" lon="36.8184870">
    <ele>1693.6</ele>
    <time>2026-01-31T06:04:28Z</time>
   </trkpt>
   <trkpt lat="-1.2416170" lon="36.8184760">
    <ele>1693.6</ele>
    <time>2026-01-31T06:04:29Z</time>
   </trkpt>
   <trkpt lat="-1.2416110" lon="36.8184420">
    <ele>1693.4</ele>
    <time>2026-01-31T06:04:30Z</time>
   </trkpt>
   <trkpt lat="-1.2416090" lon="36.8184310">
    <ele>1693.3</ele>
    <time>2026-01-31T06:04:31Z</time>
   </trkpt>
   <trkpt lat="-1.2416000" lon="36.8183990">
    <ele>1693.1</ele>
    <time>2026-01-31T06:04:32Z</time>
   </trkpt>
   <trkpt lat="-1.2415960" lon="36.8183880">
    <ele>1693.1</ele>
    <time>2026-01-31T06:04:33Z</time>
   </trkpt>
   <trkpt lat="-1.2415710" lon="36.8183630">
    <ele>1692.9</ele>
    <time>2026-01-31T06:04:34Z</time>
   </trkpt>
   <trkpt lat="-1.2415590" lon="36.8183560">
    <ele>1692.8</ele>
    <time>2026-01-31T06:04:35Z</time>
   </trkpt>
   <trkpt lat="-1.2415270" lon="36.8183360">
    <ele>1692.6</ele>
    <time>2026-01-31T06:04:36Z</time>
   </trkpt>
   <trkpt lat="-1.2415160" lon="36.8183300">
    <ele>1692.5</ele>
    <time>2026-01-31T06:04:37Z</time>
   </trkpt>
   <trkpt lat="-1.2414860" lon="36.8183120">
    <ele>1692.4</ele>
    <time>2026-01-31T06:04:38Z</time>
   </trkpt>
   <trkpt lat="-1.2414750" lon="36.8183070">
    <ele>1692.3</ele>
    <time>2026-01-31T06:04:39Z</time>
   </trkpt>
   <trkpt lat="-1.2414400" lon="36.8183060">
    <ele>1692.2</ele>
    <time>2026-01-31T06:04:40Z</time>
   </trkpt>
   <trkpt lat="-1.2414290" lon="36.8183080">
    <ele>1692.2</ele>
    <time>2026-01-31T06:04:41Z</time>
   </trkpt>
   <trkpt lat="-1.2414040" lon="36.8183330">
    <ele>1691.8</ele>
    <time>2026-01-31T06:04:42Z</time>
   </trkpt>
   <trkpt lat="-1.2413950" lon="36.8183410">
    <ele>1691.8</ele>
    <time>2026-01-31T06:04:43Z</time>
   </trkpt>
   <trkpt lat="-1.2413720" lon="36.8183590">
    <ele>1691.6</ele>
    <time>2026-01-31T06:04:44Z</time>
   </trkpt>
   <trkpt lat="-1.2413670" lon="36.8183650">
    <ele>1691.6</ele>
    <time>2026-01-31T06:04:45Z</time>
   </trkpt>
   <trkpt lat="-1.2413640" lon="36.8183860">
    <ele>1691.5</ele>
    <time>2026-01-31T06:04:46Z</time>
   </trkpt>
   <trkpt lat="-1.2413630" lon="36.8183940">
    <ele>1691.5</ele>
    <time>2026-01-31T06:04:47Z</time>
   </trkpt>
   <trkpt lat="-1.2413610" lon="36.8184020">
    <ele>1691.5</ele>
    <time>2026-01-31T06:04:48Z</time>
   </trkpt>
   <trkpt lat="-1.2413580" lon="36.8184130">
    <ele>1691.4</ele>
    <time>2026-01-31T06:04:49Z</time>
   </trkpt>
   <trkpt lat="-1.2413510" lon="36.8184330">
    <ele>1691.3</ele>
    <time>2026-01-31T06:04:50Z</time>
   </trkpt>
   <trkpt lat="-1.2413520" lon="36.8184670">
    <ele>1691.2</ele>
    <time>2026-01-31T06:04:51Z</time>
   </trkpt>
   <trkpt lat="-1.2413550" lon="36.8184780">
    <ele>1691.1</ele>
    <time>2026-01-31T06:04:52Z</time>
   </trkpt>
   <trkpt lat="-1.2413460" lon="36.8185060">
    <ele>1691.0</ele>
    <time>2026-01-31T06:04:53Z</time>
   </trkpt>
   <trkpt lat="-1.2413410" lon="36.8185130">
    <ele>1691.0</ele>
    <time>2026-01-31T06:04:54Z</time>
   </trkpt>
   <trkpt lat="-1.2413290" lon="36.8185420">
    <ele>1690.9</ele>
    <time>2026-01-31T06:04:55Z</time>
   </trkpt>
   <trkpt lat="-1.2413280" lon="36.8185500">
    <ele>1690.9</ele>
    <time>2026-01-31T06:04:56Z</time>
   </trkpt>
   <trkpt lat="-1.2413180" lon="36.8185780">
    <ele>1690.8</ele>
    <time>2026-01-31T06:04:57Z</time>
   </trkpt>
   <trkpt lat="-1.2413130" lon="36.8185860">
    <ele>1690.8</ele>
    <time>2026-01-31T06:04:58Z</time>
   </trkpt>
   <trkpt lat="-1.2413010" lon="36.8186180">
    <ele>1690.7</ele>
    <time>2026-01-31T06:04:59Z</time>
   </trkpt>
   <trkpt lat="-1.2412980" lon="36.8186290">
    <ele>1690.7</ele>
    <time>2026-01-31T06:05:00Z</time>
   </trkpt>
   <trkpt lat="-1.2412940" lon="36.8186580">
    <ele>1690.6</ele>
    <time>2026-01-31T06:05:01Z</time>
   </trkpt>
   <trkpt lat="-1.2412890" lon="36.8186880">
    <ele>1690.5</ele>
    <time>2026-01-31T06:05:02Z</time>
   </trkpt>
   <trkpt lat="-1.2412830" lon="36.8187000">
    <ele>1690.5</ele>
    <time>2026-01-31T06:05:03Z</time>
   </trkpt>
   <trkpt lat="-1.2412620" lon="36.8187220">
    <ele>1690.4</ele>
    <time>2026-01-31T06:05:04Z</time>
   </trkpt>
   <trkpt lat="-1.2412430" lon="36.8187430">
    <ele>1690.3</ele>
    <time>2026-01-31T06:05:05Z</time>
   </trkpt>
   <trkpt lat="-1.2412150" lon="36.8187710">
    <ele>1690.2</ele>
    <time>2026-01-31T06:05:06Z</time>
   </trkpt>
   <trkpt lat="-1.2412060" lon="36.8187800">
    <ele>1690.2</ele>
    <time>2026-01-31T06:05:07Z</time>
   </trkpt>
   <trkpt lat="-1.2411830" lon="36.8188100">
    <ele>1690.1</ele>
    <time>2026-01-31T06:05:08Z</time>
   </trkpt>
   <trkpt lat="-1.2411750" lon="36.8188210">
    <ele>1690.1</ele>
    <time>2026-01-31T06:05:09Z</time>
   </trkpt>
   <trkpt lat="-1.2411520" lon="36.8188540">
    <ele>1690.0</ele>
    <time>2026-01-31T06:05:10Z</time>
   </trkpt>
   <trkpt lat="-1.2411450" lon="36.8188660">
    <ele>1690.0</ele>
    <time>2026-01-31T06:05:11Z</time>
   </trkpt>
   <trkpt lat="-1.2411320" lon="36.8188910">
    <ele>1689.9</ele>
    <time>2026-01-31T06:05:12Z</time>
   </trkpt>
   <trkpt lat="-1.2411090" lon="36.8189270">
    <ele>1689.8</ele>
    <time>2026-01-31T06:05:13Z</time>
   </trkpt>
   <trkpt lat="-1.2410980" lon="36.8189400">
    <ele>1689.8</ele>
    <time>2026-01-31T06:05:14Z</time>
   </trkpt>
   <trkpt lat="-1.2410670" lon="36.8189560">
    <ele>1689.7</ele>
    <time>2026-01-31T06:05:15Z</time>
   </trkpt>
   <trkpt lat="-1.2410380" lon="36.8189640">
    <ele>1689.7</ele>
    <time>2026-01-31T06:05:16Z</time>
   </trkpt>
   <trkpt lat="-1.2410110" lon="36.8189760">
    <ele>1689.6</ele>
    <time>2026-01-31T06:05:17Z</time>
   </trkpt>
   <trkpt lat="-1.2409830" lon="36.8189900">
    <ele>1689.6</ele>
    <time>2026-01-31T06:05:18Z</time>
   </trkpt>
   <trkpt lat="-1.2409590" lon="36.8190090">
    <ele>1689.5</ele>
    <time>2026-01-31T06:05:19Z</time>
   </trkpt>
   <trkpt lat="-1.2409370" lon="36.8190250">
    <ele>1689.5</ele>
    <time>2026-01-31T06:05:20Z</time>
   </trkpt>
   <trkpt lat="-1.2409090" lon="36.8190490">
    <ele>1689.4</ele>
    <time>2026-01-31T06:05:21Z</time>
   </trkpt>
   <trkpt lat="-1.2408990" lon="36.8190580">
    <ele>1689.4</ele>
    <time>2026-01-31T06:05:22Z</time>
   </trkpt>
   <trkpt lat="-1.2408720" lon="36.8190820">
    <ele>1689.4</ele>
    <time>2026-01-31T06:05:23Z</time>
   </trkpt>
   <trkpt lat="-1.2408630" lon="36.8190890">
    <ele>1689.4</ele>
    <time>2026-01-31T06:05:24Z</time>
   </trkpt>
   <trkpt lat="-1.2408320" lon="36.8190980">
    <ele>1689.4</ele>
    <time>2026-01-31T06:05:25Z</time>
   </trkpt>
   <trkpt lat="-1.2408200" lon="36.8190990">
    <ele>1689.3</ele>
    <time>2026-01-31T06:05:26Z</time>
   </trkpt>
   <trkpt lat="-1.2407960" lon="36.8190720">
    <ele>1689.3</ele>
    <time>2026-01-31T06:05:27Z</time>
   </trkpt>
   <trkpt lat="-1.2407910" lon="36.8190610">
    <ele>1689.3</ele>
    <time>2026-01-31T06:05:28Z</time>
   </trkpt>
   <trkpt lat="-1.2407830" lon="36.8190250">
    <ele>1689.3</ele>
    <time>2026-01-31T06:05:29Z</time>
   </trkpt>
   <trkpt lat="-1.2407820" lon="36.8190120">
    <ele>1689.3</ele>
    <time>2026-01-31T06:05:30Z</time>
   </trkpt>
   <trkpt lat="-1.2407780" lon="36.8189790">
    <ele>1689.2</ele>
    <time>2026-01-31T06:05:31Z</time>
   </trkpt>
   <trkpt lat="-1.2407770" lon="36.8189680">
    <ele>1689.2</ele>
    <time>2026-01-31T06:05:32Z</time>
   </trkpt>
   <trkpt lat="-1.2407720" lon="36.8189320">
    <ele>1689.2</ele>
    <time>2026-01-31T06:05:33Z</time>
   </trkpt>
   <trkpt lat="-1.2407710" lon="36.8189200">
    <ele>1689.2</ele>
    <time>2026-01-31T06:05:34Z</time>
   </trkpt>
   <trkpt lat="-1.2407690" lon="36.8188800">
    <ele>1689.2</ele>
    <time>2026-01-31T06:05:35Z</time>
   </trkpt>
   <trkpt lat="-1.2407660" lon="36.8188650">
    <ele>1689.2</ele>
    <time>2026-01-31T06:05:36Z</time>
   </trkpt>
   <trkpt lat="-1.2407510" lon="36.8188320">
    <ele>1689.2</ele>
    <time>2026-01-31T06:05:37Z</time>
   </trkpt>
   <trkpt lat="-1.2407440" lon="36.8188010">
    <ele>1689.2</ele>
    <time>2026-01-31T06:05:38Z</time>
   </trkpt>
   <trkpt lat="-1.2407440" lon="36.8187700">
    <ele>1689.2</ele>
    <time>2026-01-31T06:05:39Z</time>
   </trkpt>
   <trkpt lat="-1.2407490" lon="36.8187430">
    <ele>1689.2</ele>
    <time>2026-01-31T06:05:40Z</time>
   </trkpt>
   <trkpt lat="-1.2407520" lon="36.8187100">
    <ele>1689.2</ele>
    <time>2026-01-31T06:05:41Z</time>
   </trkpt>
   <trkpt lat="-1.2407510" lon="36.8186990">
    <ele>1689.2</ele>
    <time>2026-01-31T06:05:42Z</time>
   </trkpt>
   <trkpt lat="-1.2407420" lon="36.8186620">
    <ele>1689.2</ele>
    <time>2026-01-31T06:05:43Z</time>
   </trkpt>
   <trkpt lat="-1.2407390" lon="36.8186500">
    <ele>1689.2</ele>
    <time>2026-01-31T06:05:44Z</time>
   </trkpt>
   <trkpt lat="-1.2407330" lon="36.8186110">
    <ele>1689.2</ele>
    <time>2026-01-31T06:05:45Z</time>
   </trkpt>
   <trkpt lat="-1.2407320" lon="36.8185970">
    <ele>1689.3</ele>
    <time>2026-01-31T06:05:46Z</time>
   </trkpt>
   <trkpt lat="-1.2407260" lon="36.8185590">
    <ele>1689.3</ele>
    <time>2026-01-31T06:05:47Z</time>
   </trkpt>
   <trkpt lat="-1.2407240" lon="36.8185470">
    <ele>1689.3</ele>
    <time>2026-01-31T06:05:48Z</time>
   </trkpt>
   <trkpt lat="-1.2407170" lon="36.8185210">
    <ele>1689.3</ele>
    <time>2026-01-31T06:05:49Z</time>
   </trkpt>
   <trkpt lat="-1.2407060" lon="36.8184830">
    <ele>1689.3</ele>
    <time>2026-01-31T06:05:50Z</time>
   </trkpt>
   <trkpt lat="-1.2407010" lon="36.8184710">
    <ele>1689.3</ele>
    <time>2026-01-31T06:05:51Z</time>
   </trkpt>
   <trkpt lat="-1.2406820" lon="36.8184410">
    <ele>1689.3</ele>
    <time>2026-01-31T06:05:52Z</time>
   </trkpt>
   <trkpt lat="-1.2406750" lon="36.8184320">
    <ele>1689.3</ele>
    <time>2026-01-31T06:05:53Z</time>
   </trkpt>
   <trkpt lat="-1.2406500" lon="36.8184030">
    <ele>1689.3</ele>
    <time>2026-01-31T06:05:54Z</time>
   </trkpt>
   <trkpt lat="-1.2406410" lon="36.8183940">
    <ele>1689.3</ele>
    <time>2026-01-31T06:05:55Z</time>
   </trkpt>
   <trkpt lat="-1.2406160" lon="36.8183670">
    <ele>1689.3</ele>
    <time>2026-01-31T06:05:56Z</time>
   </trkpt>
   <trkpt lat="-1.2406070" lon="36.8183590">
    <ele>1689.3</ele>
    <time>2026-01-31T06:05:57Z</time>
   </trkpt>
   <trkpt lat="-1.2405720" lon="36.8183430">
    <ele>1689.3</ele>
    <time>2026-01-31T06:05:58Z</time>
   </trkpt>
   <trkpt lat="-1.2405600" lon="36.8183400">
    <ele>1689.3</ele>
    <time>2026-01-31T06:05:59Z</time>
   </trkpt>
   <trkpt lat="-1.2405350" lon="36.8183300">
    <ele>1689.3</ele>
    <time>2026-01-31T06:06:00Z</time>
   </trkpt>
   <trkpt lat="-1.2405100" lon="36.8183100">
    <ele>1689.3</ele>
    <time>2026-01-31T06:06:01Z</time>
   </trkpt>
   <trkpt lat="-1.2405010" lon="36.8183030">
    <ele>1689.3</ele>
    <time>2026-01-31T06:06:02Z</time>
   </trkpt>
   <trkpt lat="-1.2404730" lon="36.8182880">
    <ele>1689.3</ele>
    <time>2026-01-31T06:06:03Z</time>
   </trkpt>
   <trkpt lat="-1.2404640" lon="36.8182850">
    <ele>1689.2</ele>
    <time>2026-01-31T06:06:04Z</time>
   </trkpt>
   <trkpt lat="-1.2404370" lon="36.8182740">
    <ele>1689.2</ele>
    <time>2026-01-31T06:06:05Z</time>
   </trkpt>
   <trkpt lat="-1.2404280" lon="36.8182710">
    <ele>1689.2</ele>
    <time>2026-01-31T06:06:06Z</time>
   </trkpt>
   <trkpt lat="-1.2404020" lon="36.8182830">
    <ele>1689.2</ele>
    <time>2026-01-31T06:06:07Z</time>
   </trkpt>
   <trkpt lat="-1.2403940" lon="36.8182890">
    <ele>1689.2</ele>
    <time>2026-01-31T06:06:08Z</time>
   </trkpt>
   <trkpt lat="-1.2403830" lon="36.8183240">
    <ele>1689.1</ele>
    <time>2026-01-31T06:06:09Z</time>
   </trkpt>
   <trkpt lat="-1.2403800" lon="36.8183360">
    <ele>1689.1</ele>
    <time>2026-01-31T06:06:10Z</time>
   </trkpt>
   <trkpt lat="-1.2403750" lon="36.8183750">
    <ele>1689.0</ele>
    <time>2026-01-31T06:06:11Z</time>
   </trkpt>
   <trkpt lat="-1.2403730" lon="36.8183870">
    <ele>1689.0</ele>
    <time>2026-01-31T06:06:12Z</time>
   </trkpt>
   <trkpt lat="-1.2403730" lon="36.8184220">
    <ele>1688.9</ele>
    <time>2026-01-31T06:06:13Z</time>
   </trkpt>
   <trkpt lat="-1.2403700" lon="36.8184330">
    <ele>1688.9</ele>
    <time>2026-01-31T06:06:14Z</time>
   </trkpt>
   <trkpt lat="-1.2403550" lon="36.8184630">
    <ele>1688.8</ele>
    <time>2026-01-31T06:06:15Z</time>
   </trkpt>
   <trkpt lat="-1.2403530" lon="36.8184760">
    <ele>1688.8</ele>
    <time>2026-01-31T06:06:16Z</time>
   </trkpt>
   <trkpt lat="-1.2403510" lon="36.8185100">
    <ele>1688.7</ele>
    <time>2026-01-31T06:06:17Z</time>
   </trkpt>
   <trkpt lat="-1.2403480" lon="36.8185210">
    <ele>1688.7</ele>
    <time>2026-01-31T06:06:18Z</time>
   </trkpt>
   <trkpt lat="-1.2403340" lon="36.8185530">
    <ele>1688.7</ele>
    <time>2026-01-31T06:06:19Z</time>
   </trkpt>
   <trkpt lat="-1.2403260" lon="36.8185630">
    <ele>1688.6</ele>
    <time>2026-01-31T06:06:20Z</time>
   </trkpt>
   <trkpt lat="-1.2403120" lon="36.8185870">
    <ele>1688.6</ele>
    <time>2026-01-31T06:06:21Z</time>
   </trkpt>
   <trkpt lat="-1.2403070" lon="36.8185950">
    <ele>1688.6</ele>
    <time>2026-01-31T06:06:22Z</time>
   </trkpt>
   <trkpt lat="-1.2402980" lon="36.8186260">
    <ele>1688.6</ele>
    <time>2026-01-31T06:06:23Z</time>
   </trkpt>
   <trkpt lat="-1.2402950" lon="36.8186350">
    <ele>1688.5</ele>
    <time>2026-01-31T06:06:24Z</time>
   </trkpt>
   <trkpt lat="-1.2402890" lon="36.8186680">
    <ele>1688.5</ele>
    <time>2026-01-31T06:06:25Z</time>
   </trkpt>
   <trkpt lat="-1.2402860" lon="36.8186790">
    <ele>1688.5</ele>
    <time>2026-01-31T06:06:26Z</time>
   </trkpt>
   <trkpt lat="-1.2402770" lon="36.8187050">
    <ele>1688.5</ele>
    <time>2026-01-31T06:06:27Z</time>
   </trkpt>
   <trkpt lat="-1.2402710" lon="36.8187140">
    <ele>1688.5</ele>
    <time>2026-01-31T06:06:28Z</time>
   </trkpt>
   <trkpt lat="-1.2402510" lon="36.8187390">
    <ele>1688.4</ele>
    <time>2026-01-31T06:06:29Z</time>
   </trkpt>
   <trkpt lat="-1.2402440" lon="36.8187470">
    <ele>1688.4</ele>
    <time>2026-01-31T06:06:30Z</time>
   </trkpt>
   <trkpt lat="-1.2402220" lon="36.8187680">
    <ele>1688.4</ele>
    <time>2026-01-31T06:06:31Z</time>
   </trkpt>
   <trkpt lat="-1.2402130" lon="36.8187740">
    <ele>1688.4</ele>
    <time>2026-01-31T06:06:32Z</time>
   </trkpt>
   <trkpt lat="-1.2401820" lon="36.8187890">
    <ele>1688.3</ele>
    <time>2026-01-31T06:06:33Z</time>
   </trkpt>
   <trkpt lat="-1.2401730" lon="36.8187930">
    <ele>1688.3</ele>
    <time>2026-01-31T06:06:34Z</time>
   </trkpt>
   <trkpt lat="-1.2401440" lon="36.8188000">
    <ele>1688.3</ele>
    <time>2026-01-31T06:06:35Z</time>
   </trkpt>
   <trkpt lat="-1.2401330" lon="36.8188030">
    <ele>1688.3</ele>
    <time>2026-01-31T06:06:36Z</time>
   </trkpt>
   <trkpt lat="-1.2401020" lon="36.8188120">
    <ele>1688.3</ele>
    <time>2026-01-31T06:06:37Z</time>
   </trkpt>
   <trkpt lat="-1.2400910" lon="36.8188130">
    <ele>1688.3</ele>
    <time>2026-01-31T06:06:38Z</time>
   </trkpt>
   <trkpt lat="-1.2400610" lon="36.8188230">
    <ele>1688.2</ele>
    <time>2026-01-31T06:06:39Z</time>
   </trkpt>
   <trkpt lat="-1.2400510" lon="36.8188260">
    <ele>1688.2</ele>
    <time>2026-01-31T06:06:40Z</time>
   </trkpt>
   <trkpt lat="-1.2400200" lon="36.8188360">
    <ele>1688.2</ele>
    <time>2026-01-31T06:06:41Z</time>
   </trkpt>
   <trkpt lat="-1.2400100" lon="36.8188400">
    <ele>1688.2</ele>
    <time>2026-01-31T06:06:42Z</time>
   </trkpt>
   <trkpt lat="-1.2399790" lon="36.8188500">
    <ele>1688.2</ele>
    <time>2026-01-31T06:06:43Z</time>
   </trkpt>
   <trkpt lat="-1.2399680" lon="36.8188520">
    <ele>1688.2</ele>
    <time>2026-01-31T06:06:44Z</time>
   </trkpt>
   <trkpt lat="-1.2399370" lon="36.8188610">
    <ele>1688.2</ele>
    <time>2026-01-31T06:06:45Z</time>
   </trkpt>
   <trkpt lat="-1.2399270" lon="36.8188640">
    <ele>1688.1</ele>
    <time>2026-01-31T06:06:46Z</time>
   </trkpt>
   <trkpt lat="-1.2399000" lon="36.8188790">
    <ele>1688.1</ele>
    <time>2026-01-31T06:06:47Z</time>
   </trkpt>
   <trkpt lat="-1.2398910" lon="36.8188860">
    <ele>1688.1</ele>
    <time>2026-01-31T06:06:48Z</time>
   </trkpt>
   <trkpt lat="-1.2398710" lon="36.8189140">
    <ele>1688.1</ele>
    <time>2026-01-31T06:06:49Z</time>
   </trkpt>
   <trkpt lat="-1.2398630" lon="36.8189210">
    <ele>1688.1</ele>
    <time>2026-01-31T06:06:50Z</time>
   </trkpt>
   <trkpt lat="-1.2398390" lon="36.8189440">
    <ele>1688.1</ele>
    <time>2026-01-31T06:06:51Z</time>
   </trkpt>
   <trkpt lat="-1.2398310" lon="36.8189500">
    <ele>1688.1</ele>
    <time>2026-01-31T06:06:52Z</time>
   </trkpt>
   <trkpt lat="-1.2398000" lon="36.8189680">
    <ele>1688.0</ele>
    <time>2026-01-31T06:06:53Z</time>
   </trkpt>
   <trkpt lat="-1.2397900" lon="36.8189740">
    <ele>1688.0</ele>
    <time>2026-01-31T06:06:54Z</time>
   </trkpt>
   <trkpt lat="-1.2397610" lon="36.8189920">
    <ele>1688.0</ele>
    <time>2026-01-31T06:06:55Z</time>
   </trkpt>
   <trkpt lat="-1.2397500" lon="36.8189970">
    <ele>1688.0</ele>
    <time>2026-01-31T06:06:56Z</time>
   </trkpt>
   <trkpt lat="-1.2397150" lon="36.8190030">
    <ele>1688.0</ele>
    <time>2026-01-31T06:06:57Z</time>
   </trkpt>
   <trkpt lat="-1.2397040" lon="36.8190040">
    <ele>1688.0</ele>
    <time>2026-01-31T06:06:58Z</time>
   </trkpt>
   <trkpt lat="-1.2396710" lon="36.8190090">
    <ele>1688.0</ele>
    <time>2026-01-31T06:06:59Z</time>
   </trkpt>
   <trkpt lat="-1.2396600" lon="36.8190110">
    <ele>1688.0</ele>
    <time>2026-01-31T06:07:00Z</time>
   </trkpt>
   <trkpt lat="-1.2396280" lon="36.8190230">
    <ele>1688.0</ele>
    <time>2026-01-31T06:07:01Z</time>
   </trkpt>
   <trkpt lat="-1.2396180" lon="36.8190260">
    <ele>1688.0</ele>
    <time>2026-01-31T06:07:02Z</time>
   </trkpt>
   <trkpt lat="-1.2395890" lon="36.8190370">
    <ele>1688.0</ele>
    <time>2026-01-31T06:07:03Z</time>
   </trkpt>
   <trkpt lat="-1.2395780" lon="36.8190400">
    <ele>1688.0</ele>
    <time>2026-01-31T06:07:04Z</time>
   </trkpt>
   <trkpt lat="-1.2395460" lon="36.8190360">
    <ele>1688.0</ele>
    <time>2026-01-31T06:07:05Z</time>
   </trkpt>
   <trkpt lat="-1.2395360" lon="36.8190340">
    <ele>1688.0</ele>
    <time>2026-01-31T06:07:06Z</time>
   </trkpt>
   <trkpt lat="-1.2395070" lon="36.8190410">
    <ele>1688.0</ele>
    <time>2026-01-31T06:07:07Z</time>
   </trkpt>
   <trkpt lat="-1.2394970" lon="36.8190440">
    <ele>1688.0</ele>
    <time>2026-01-31T06:07:08Z</time>
   </trkpt>
   <trkpt lat="-1.2394700" lon="36.8190530">
    <ele>1688.0</ele>
    <time>2026-01-31T06:07:09Z</time>
   </trkpt>
   <trkpt lat="-1.2394600" lon="36.8190560">
    <ele>1688.0</ele>
    <time>2026-01-31T06:07:10Z</time>
   </trkpt>
   <trkpt lat="-1.2394300" lon="36.8190640">
    <ele>1688.0</ele>
    <time>2026-01-31T06:07:11Z</time>
   </trkpt>
   <trkpt lat="-1.2394200" lon="36.8190660">
    <ele>1688.0</ele>
    <time>2026-01-31T06:07:12Z</time>
   </trkpt>
   <trkpt lat="-1.2393900" lon="36.8190750">
    <ele>1688.0</ele>
    <time>2026-01-31T06:07:13Z</time>
   </trkpt>
   <trkpt lat="-1.2393790" lon="36.8190780">
    <ele>1688.0</ele>
    <time>2026-01-31T06:07:14Z</time>
   </trkpt>
   <trkpt lat="-1.2393560" lon="36.8190810">
    <ele>1688.0</ele>
    <time>2026-01-31T06:07:15Z</time>
   </trkpt>
   <trkpt lat="-1.2393160" lon="36.8190860">
    <ele>1688.0</ele>
    <time>2026-01-31T06:07:17Z</time>
   </trkpt>
   <trkpt lat="-1.2392970" lon="36.8190940">
    <ele>1688.0</ele>
    <time>2026-01-31T06:07:18Z</time>
   </trkpt>
   <trkpt lat="-1.2392700" lon="36.8191060">
    <ele>1688.0</ele>
    <time>2026-01-31T06:07:19Z</time>
   </trkpt>
   <trkpt lat="-1.2392610" lon="36.8191110">
    <ele>1688.0</ele>
    <time>2026-01-31T06:07:20Z</time>
   </trkpt>
   <trkpt lat="-1.2392350" lon="36.8191280">
    <ele>1688.0</ele>
    <time>2026-01-31T06:07:21Z</time>
   </trkpt>
   <trkpt lat="-1.2392250" lon="36.8191330">
    <ele>1688.0</ele>
    <time>2026-01-31T06:07:22Z</time>
   </trkpt>
   <trkpt lat="-1.2392100" lon="36.8191410">
    <ele>1688.1</ele>
    <time>2026-01-31T06:07:23Z</time>
   </trkpt>
   <trkpt lat="-1.2391930" lon="36.8191470">
    <ele>1688.1</ele>
    <time>2026-01-31T06:07:24Z</time>
   </trkpt>
   <trkpt lat="-1.2391660" lon="36.8191570">
    <ele>1688.1</ele>
    <time>2026-01-31T06:07:25Z</time>
   </trkpt>
   <trkpt lat="-1.2391550" lon="36.8191600">
    <ele>1688.1</ele>
    <time>2026-01-31T06:07:26Z</time>
   </trkpt>
   <trkpt lat="-1.2391400" lon="36.8191600">
    <ele>1688.1</ele>
    <time>2026-01-31T06:07:27Z</time>
   </trkpt>
   <trkpt lat="-1.2391220" lon="36.8191610">
    <ele>1688.1</ele>
    <time>2026-01-31T06:07:28Z</time>
   </trkpt>
   <trkpt lat="-1.2391020" lon="36.8191650">
    <ele>1688.1</ele>
    <time>2026-01-31T06:07:29Z</time>
   </trkpt>
   <trkpt lat="-1.2390870" lon="36.8191650">
    <ele>1688.1</ele>
    <time>2026-01-31T06:07:30Z</time>
   </trkpt>
   <trkpt lat="-1.2390590" lon="36.8191630">
    <ele>1688.1</ele>
    <time>2026-01-31T06:07:31Z</time>
   </trkpt>
   <trkpt lat="-1.2390480" lon="36.8191620">
    <ele>1688.1</ele>
    <time>2026-01-31T06:07:32Z</time>
   </trkpt>
   <trkpt lat="-1.2390350" lon="36.8191530">
    <ele>1688.1</ele>
    <time>2026-01-31T06:07:33Z</time>
   </trkpt>
   <trkpt lat="-1.2390200" lon="36.8191420">
    <ele>1688.1</ele>
    <time>2026-01-31T06:07:34Z</time>
   </trkpt>
   <trkpt lat="-1.2389950" lon="36.8191290">
    <ele>1688.1</ele>
    <time>2026-01-31T06:07:35Z</time>
   </trkpt>
   <trkpt lat="-1.2389860" lon="36.8191260">
    <ele>1688.1</ele>
    <time>2026-01-31T06:07:36Z</time>
   </trkpt>
   <trkpt lat="-1.2389590" lon="36.8191110">
    <ele>1688.1</ele>
    <time>2026-01-31T06:07:37Z</time>
   </trkpt>
   <trkpt lat="-1.2389490" lon="36.8191050">
    <ele>1688.1</ele>
    <time>2026-01-31T06:07:38Z</time>
   </trkpt>
   <trkpt lat="-1.2389320" lon="36.8190820">
    <ele>1688.2</ele>
    <time>2026-01-31T06:07:39Z</time>
   </trkpt>
   <trkpt lat="-1.2389270" lon="36.8190740">
    <ele>1688.2</ele>
    <time>2026-01-31T06:07:40Z</time>
   </trkpt>
   <trkpt lat="-1.2389100" lon="36.8190490">
    <ele>1688.2</ele>
    <time>2026-01-31T06:07:41Z</time>
   </trkpt>
   <trkpt lat="-1.2389050" lon="36.8190420">
    <ele>1688.2</ele>
    <time>2026-01-31T06:07:42Z</time>
   </trkpt>
   <trkpt lat="-1.2388880" lon="36.8190150">
    <ele>1688.2</ele>
    <time>2026-01-31T06:07:43Z</time>
   </trkpt>
   <trkpt lat="-1.2388830" lon="36.8190050">
    <ele>1688.3</ele>
    <time>2026-01-31T06:07:44Z</time>
   </trkpt>
   <trkpt lat="-1.2388720" lon="36.8189790">
    <ele>1688.3</ele>
    <time>2026-01-31T06:07:45Z</time>
   </trkpt>
   <trkpt lat="-1.2388680" lon="36.8189700">
    <ele>1688.3</ele>
    <time>2026-01-31T06:07:46Z</time>
   </trkpt>
   <trkpt lat="-1.2388570" lon="36.8189430">
    <ele>1688.3</ele>
    <time>2026-01-31T06:07:47Z</time>
   </trkpt>
   <trkpt lat="-1.2388530" lon="36.8189360">
    <ele>1688.3</ele>
    <time>2026-01-31T06:07:48Z</time>
   </trkpt>
   <trkpt lat="-1.2388400" lon="36.8189110">
    <ele>1688.4</ele>
    <time>2026-01-31T06:07:49Z</time>
   </trkpt>
   <trkpt lat="-1.2388350" lon="36.8189030">
    <ele>1688.4</ele>
    <time>2026-01-31T06:07:50Z</time>
   </trkpt>
   <trkpt lat="-1.2388280" lon="36.8188880">
    <ele>1688.4</ele>
    <time>2026-01-31T06:07:51Z</time>
   </trkpt>
   <trkpt lat="-1.2388210" lon="36.8188720">
    <ele>1688.4</ele>
    <time>2026-01-31T06:07:52Z</time>
   </trkpt>
   <trkpt lat="-1.2388090" lon="36.8188460">
    <ele>1688.5</ele>
    <time>2026-01-31T06:07:53Z</time>
   </trkpt>
   <trkpt lat="-1.2388050" lon="36.8188380">
    <ele>1688.5</ele>
    <time>2026-01-31T06:07:54Z</time>
   </trkpt>
   <trkpt lat="-1.2387980" lon="36.8188220">
    <ele>1688.5</ele>
    <time>2026-01-31T06:07:55Z</time>
   </trkpt>
   <trkpt lat="-1.2387920" lon="36.8188050">
    <ele>1688.5</ele>
    <time>2026-01-31T06:07:56Z</time>
   </trkpt>
   <trkpt lat="-1.2387800" lon="36.8187790">
    <ele>1688.6</ele>
    <time>2026-01-31T06:07:57Z</time>
   </trkpt>
   <trkpt lat="-1.2387750" lon="36.8187710">
    <ele>1688.6</ele>
    <time>2026-01-31T06:07:58Z</time>
   </trkpt>
   <trkpt lat="-1.2387630" lon="36.8187440">
    <ele>1688.6</ele>
    <time>2026-01-31T06:07:59Z</time>
   </trkpt>
   <trkpt lat="-1.2387590" lon="36.8187350">
    <ele>1688.6</ele>
    <time>2026-01-31T06:08:00Z</time>
   </trkpt>
   <trkpt lat="-1.2387570" lon="36.8187190">
    <ele>1688.6</ele>
    <time>2026-01-31T06:08:01Z</time>
   </trkpt>
   <trkpt lat="-1.2387560" lon="36.8187000">
    <ele>1688.7</ele>
    <time>2026-01-31T06:08:02Z</time>
   </trkpt>
   <trkpt lat="-1.2387500" lon="36.8186720">
    <ele>1688.7</ele>
    <time>2026-01-31T06:08:03Z</time>
   </trkpt>
   <trkpt lat="-1.2387470" lon="36.8186630">
    <ele>1688.7</ele>
    <time>2026-01-31T06:08:04Z</time>
   </trkpt>
   <trkpt lat="-1.2387410" lon="36.8186360">
    <ele>1688.7</ele>
    <time>2026-01-31T06:08:05Z</time>
   </trkpt>
   <trkpt lat="-1.2387380" lon="36.8186270">
    <ele>1688.7</ele>
    <time>2026-01-31T06:08:06Z</time>
   </trkpt>
   <trkpt lat="-1.2387330" lon="36.8186090">
    <ele>1688.7</ele>
    <time>2026-01-31T06:08:07Z</time>
   </trkpt>
   <trkpt lat="-1.2387290" lon="36.8185920">
    <ele>1688.8</ele>
    <time>2026-01-31T06:08:08Z</time>
   </trkpt>
   <trkpt lat="-1.2387260" lon="36.8185640">
    <ele>1688.8</ele>
    <time>2026-01-31T06:08:09Z</time>
   </trkpt>
   <trkpt lat="-1.2387250" lon="36.8185550">
    <ele>1688.8</ele>
    <time>2026-01-31T06:08:10Z</time>
   </trkpt>
   <trkpt lat="-1.2387270" lon="36.8185370">
    <ele>1688.8</ele>
    <time>2026-01-31T06:08:11Z</time>
   </trkpt>
   <trkpt lat="-1.2387310" lon="36.8185190">
    <ele>1688.8</ele>
    <time>2026-01-31T06:08:12Z</time>
   </trkpt>
   <trkpt lat="-1.2387420" lon="36.8184920">
    <ele>1688.9</ele>
    <time>2026-01-31T06:08:13Z</time>
   </trkpt>
   <trkpt lat="-1.2387460" lon="36.8184850">
    <ele>1688.9</ele>
    <time>2026-01-31T06:08:14Z</time>
   </trkpt>
   <trkpt lat="-1.2387640" lon="36.8184590">
    <ele>1688.9</ele>
    <time>2026-01-31T06:08:15Z</time>
   </trkpt>
   <trkpt lat="-1.2387700" lon="36.8184500">
    <ele>1688.9</ele>
    <time>2026-01-31T06:08:16Z</time>
   </trkpt>
   <trkpt lat="-1.2387940" lon="36.8184300">
    <ele>1688.9</ele>
    <time>2026-01-31T06:08:17Z</time>
   </trkpt>
   <trkpt lat="-1.2388020" lon="36.8184230">
    <ele>1688.9</ele>
    <time>2026-01-31T06:08:18Z</time>
   </trkpt>
   <trkpt lat="-1.2388300" lon="36.8184080">
    <ele>1688.9</ele>
    <time>2026-01-31T06:08:19Z</time>
   </trkpt>
   <trkpt lat="-1.2388390" lon="36.8184040">
    <ele>1688.9</ele>
    <time>2026-01-31T06:08:20Z</time>
   </trkpt>
   <trkpt lat="-1.2388670" lon="36.8183920">
    <ele>1689.0</ele>
    <time>2026-01-31T06:08:21Z</time>
   </trkpt>
   <trkpt lat="-1.2388770" lon="36.8183880">
    <ele>1689.0</ele>
    <time>2026-01-31T06:08:22Z</time>
   </trkpt>
   <trkpt lat="-1.2389080" lon="36.8183770">
    <ele>1689.0</ele>
    <time>2026-01-31T06:08:23Z</time>
   </trkpt>
   <trkpt lat="-1.2389160" lon="36.8183710">
    <ele>1689.0</ele>
    <time>2026-01-31T06:08:24Z</time>
   </trkpt>
   <trkpt lat="-1.2389430" lon="36.8183570">
    <ele>1689.0</ele>
    <time>2026-01-31T06:08:25Z</time>
   </trkpt>
   <trkpt lat="-1.2389520" lon="36.8183520">
    <ele>1689.0</ele>
    <time>2026-01-31T06:08:26Z</time>
   </trkpt>
   <trkpt lat="-1.2389740" lon="36.8183290">
    <ele>1689.0</ele>
    <time>2026-01-31T06:08:27Z</time>
   </trkpt>
   <trkpt lat="-1.2389800" lon="36.8183200">
    <ele>1689.1</ele>
    <time>2026-01-31T06:08:28Z</time>
   </trkpt>
   <trkpt lat="-1.2390040" lon="36.8183000">
    <ele>1689.1</ele>
    <time>2026-01-31T06:08:29Z</time>
   </trkpt>
   <trkpt lat="-1.2390150" lon="36.8182960">
    <ele>1689.1</ele>
    <time>2026-01-31T06:08:30Z</time>
   </trkpt>
   <trkpt lat="-1.2390460" lon="36.8182890">
    <ele>1689.2</ele>
    <time>2026-01-31T06:08:31Z</time>
   </trkpt>
   <trkpt lat="-1.2390560" lon="36.8182850">
    <ele>1689.2</ele>
    <time>2026-01-31T06:08:32Z</time>
   </trkpt>
   <trkpt lat="-1.2390840" lon="36.8182720">
    <ele>1689.2</ele>
    <time>2026-01-31T06:08:33Z</time>
   </trkpt>
   <trkpt lat="-1.2390930" lon="36.8182670">
    <ele>1689.2</ele>
    <time>2026-01-31T06:08:34Z</time>
   </trkpt>
   <trkpt lat="-1.2391220" lon="36.8182600">
    <ele>1689.1</ele>
    <time>2026-01-31T06:08:35Z</time>
   </trkpt>
   <trkpt lat="-1.2391310" lon="36.8182580">
    <ele>1689.1</ele>
    <time>2026-01-31T06:08:36Z</time>
   </trkpt>
   <trkpt lat="-1.2391590" lon="36.8182470">
    <ele>1689.1</ele>
    <time>2026-01-31T06:08:37Z</time>
   </trkpt>
   <trkpt lat="-1.2391660" lon="36.8182420">
    <ele>1689.1</ele>
    <time>2026-01-31T06:08:38Z</time>
   </trkpt>
   <trkpt lat="-1.2391900" lon="36.8182280">
    <ele>1689.1</ele>
    <time>2026-01-31T06:08:39Z</time>
   </trkpt>
   <trkpt lat="-1.2391980" lon="36.8182230">
    <ele>1689.1</ele>
    <time>2026-01-31T06:08:40Z</time>
   </trkpt>
   <trkpt lat="-1.2392240" lon="36.8182100">
    <ele>1689.1</ele>
    <time>2026-01-31T06:08:41Z</time>
   </trkpt>
   <trkpt lat="-1.2392330" lon="36.8182040">
    <ele>1689.0</ele>
    <time>2026-01-31T06:08:42Z</time>
   </trkpt>
   <trkpt lat="-1.2392610" lon="36.8181900">
    <ele>1689.0</ele>
    <time>2026-01-31T06:08:43Z</time>
   </trkpt>
   <trkpt lat="-1.2392710" lon="36.8181850">
    <ele>1689.0</ele>
    <time>2026-01-31T06:08:44Z</time>
   </trkpt>
   <trkpt lat="-1.2393040" lon="36.8181720">
    <ele>1689.0</ele>
    <time>2026-01-31T06:08:45Z</time>
   </trkpt>
   <trkpt lat="-1.2393140" lon="36.8181660">
    <ele>1689.0</ele>
    <time>2026-01-31T06:08:46Z</time>
   </trkpt>
   <trkpt lat="-1.2393480" lon="36.8181530">
    <ele>1689.0</ele>
    <time>2026-01-31T06:08:47Z</time>
   </trkpt>
   <trkpt lat="-1.2393590" lon="36.8181490">
    <ele>1689.0</ele>
    <time>2026-01-31T06:08:48Z</time>
   </trkpt>
   <trkpt lat="-1.2393900" lon="36.8181400">
    <ele>1689.0</ele>
    <time>2026-01-31T06:08:49Z</time>
   </trkpt>
   <trkpt lat="-1.2394000" lon="36.8181370">
    <ele>1688.9</ele>
    <time>2026-01-31T06:08:50Z</time>
   </trkpt>
   <trkpt lat="-1.2394340" lon="36.8181250">
    <ele>1688.9</ele>
    <time>2026-01-31T06:08:51Z</time>
   </trkpt>
   <trkpt lat="-1.2394440" lon="36.8181210">
    <ele>1688.9</ele>
    <time>2026-01-31T06:08:52Z</time>
   </trkpt>
   <trkpt lat="-1.2394730" lon="36.8181110">
    <ele>1688.9</ele>
    <time>2026-01-31T06:08:53Z</time>
   </trkpt>
   <trkpt lat="-1.2394830" lon="36.8181080">
    <ele>1688.9</ele>
    <time>2026-01-31T06:08:54Z</time>
   </trkpt>
   <trkpt lat="-1.2394990" lon="36.8181040">
    <ele>1688.9</ele>
    <time>2026-01-31T06:08:55Z</time>
   </trkpt>
   <trkpt lat="-1.2395150" lon="36.8181040">
    <ele>1688.9</ele>
    <time>2026-01-31T06:08:56Z</time>
   </trkpt>
   <trkpt lat="-1.2395330" lon="36.8181320">
    <ele>1688.9</ele>
    <time>2026-01-31T06:08:57Z</time>
   </trkpt>
   <trkpt lat="-1.2395360" lon="36.8181450">
    <ele>1688.9</ele>
    <time>2026-01-31T06:08:58Z</time>
   </trkpt>
   <trkpt lat="-1.2395230" lon="36.8181750">
    <ele>1688.9</ele>
    <time>2026-01-31T06:08:59Z</time>
   </trkpt>
   <trkpt lat="-1.2395030" lon="36.8181950">
    <ele>1688.9</ele>
    <time>2026-01-31T06:09:00Z</time>
   </trkpt>
   <trkpt lat="-1.2394720" lon="36.8182110">
    <ele>1688.9</ele>
    <time>2026-01-31T06:09:01Z</time>
   </trkpt>
   <trkpt lat="-1.2394430" lon="36.8182170">
    <ele>1688.9</ele>
    <time>2026-01-31T06:09:02Z</time>
   </trkpt>
   <trkpt lat="-1.2394140" lon="36.8182200">
    <ele>1688.9</ele>
    <time>2026-01-31T06:09:03Z</time>
   </trkpt>
   <trkpt lat="-1.2393860" lon="36.8182260">
    <ele>1688.9</ele>
    <time>2026-01-31T06:09:04Z</time>
   </trkpt>
   <trkpt lat="-1.2393500" lon="36.8182390">
    <ele>1688.9</ele>
    <time>2026-01-31T06:09:05Z</time>
   </trkpt>
   <trkpt lat="-1.2393370" lon="36.8182430">
    <ele>1688.9</ele>
    <time>2026-01-31T06:09:06Z</time>
   </trkpt>
   <trkpt lat="-1.2393020" lon="36.8182560">
    <ele>1688.9</ele>
    <time>2026-01-31T06:09:07Z</time>
   </trkpt>
   <trkpt lat="-1.2392900" lon="36.8182600">
    <ele>1688.9</ele>
    <time>2026-01-31T06:09:08Z</time>
   </trkpt>
   <trkpt lat="-1.2392540" lon="36.8182770">
    <ele>1688.9</ele>
    <time>2026-01-31T06:09:09Z</time>
   </trkpt>
   <trkpt lat="-1.2392430" lon="36.8182830">
    <ele>1688.9</ele>
    <time>2026-01-31T06:09:10Z</time>
   </trkpt>
   <trkpt lat="-1.2392080" lon="36.8183000">
    <ele>1688.9</ele>
    <time>2026-01-31T06:09:11Z</time>
   </trkpt>
   <trkpt lat="-1.2391960" lon="36.8183040">
    <ele>1689.0</ele>
    <time>2026-01-31T06:09:12Z</time>
   </trkpt>
   <trkpt lat="-1.2391590" lon="36.8183110">
    <ele>1689.0</ele>
    <time>2026-01-31T06:09:13Z</time>
   </trkpt>
   <trkpt lat="-1.2391470" lon="36.8183130">
    <ele>1689.0</ele>
    <time>2026-01-31T06:09:14Z</time>
   </trkpt>
   <trkpt lat="-1.2391150" lon="36.8183230">
    <ele>1689.0</ele>
    <time>2026-01-31T06:09:15Z</time>
   </trkpt>
   <trkpt lat="-1.2391040" lon="36.8183270">
    <ele>1689.0</ele>
    <time>2026-01-31T06:09:16Z</time>
   </trkpt>
   <trkpt lat="-1.2390860" lon="36.8183210">
    <ele>1689.0</ele>
    <time>2026-01-31T06:09:17Z</time>
   </trkpt>
   <trkpt lat="-1.2390840" lon="36.8182990">
    <ele>1689.0</ele>
    <time>2026-01-31T06:09:18Z</time>
   </trkpt>
   <trkpt lat="-1.2391080" lon="36.8182760">
    <ele>1689.0</ele>
    <time>2026-01-31T06:09:19Z</time>
   </trkpt>
   <trkpt lat="-1.2391410" lon="36.8182620">
    <ele>1689.0</ele>
    <time>2026-01-31T06:09:20Z</time>
   </trkpt>
   <trkpt lat="-1.2391690" lon="36.8182510">
    <ele>1689.0</ele>
    <time>2026-01-31T06:09:21Z</time>
   </trkpt>
   <trkpt lat="-1.2391950" lon="36.8182420">
    <ele>1689.1</ele>
    <time>2026-01-31T06:09:22Z</time>
   </trkpt>
  </trkseg>
 </trk>
</gpx>
